Dmax,I0_real,I0_real_err,I0_recip,Rg_autorg,Rg_real,Rg_real_err,Rg_recip,estimate,file,status
,,,,,,,,,00010000-integrate_subtracted.dat,autorg_failed
16.15,0.09371,0.0002893,0.09371,5.05365,5.053,0.01833,5.039,0.818,00020000-integrate_subtracted.dat,ok
,,,,,,,,,00030000-integrate_subtracted.dat,autorg_failed
16.88,20.46,0.2091,20.46,6.69,5.876,0.04518,5.872,0.7843,00170000-integrate_subtracted.dat,ok
,,,,,,,,,buffer_after_DHX9dG_ATP_U10_050000-integrate_subtracted.dat,autorg_failed
34.63,37.17,0.8548,37.15,7.14453,9.701,0.3587,9.453,0.5781,buffer_after_DHX9dG_apo_20000-integrate_subtracted.dat,ok
,,,,,,,,,buffer_after_sample60000-integrate_subtracted.dat,autorg_failed
8.16,52.55,0.2613,52.55,2.74765,2.685,0.01285,2.684,0.8485,sample_10000-integrate_subtracted.dat,ok
,,,,,,,,,sample_100000-integrate_subtracted.dat,autorg_failed
8.01,0.005152,7.535e-05,0.005152,2.91289,2.772,0.04004,2.77,0.6623,sample_1000000-integrate_subtracted.dat,ok
8.45,0.005849,0.0001225,0.005849,1.81367,2.182,0.1151,2.18,0.5956,sample_1010000-integrate_subtracted.dat,ok
7.86,0.004968,8.929e-05,0.004968,1.80247,2.363,0.069,2.36,0.6283,sample_1020000-integrate_subtracted.dat,ok
6.72,0.004061,0.0001018,0.004061,1.80473,2.164,0.07212,2.162,0.5432,sample_1030000-integrate_subtracted.dat,ok
5.98,0.007443,0.0001079,0.007443,2.65781,2.499,0.01983,2.5,0.7437,sample_1040000-integrate_subtracted.dat,ok
35.86,0.02282,0.001271,0.02282,9.5029,13.6,0.2804,13.61,0.7638,sample_1050000-integrate_subtracted.dat,ok
35.71,0.01444,0.001631,0.01444,8.57668,13.81,0.6049,13.84,0.8932,sample_1060000-integrate_subtracted.dat,ok
,,,,,,,,,sample_1070000-integrate_subtracted.dat,autorg_failed
,,,,,,,,,sample_1080000-integrate_subtracted.dat,autorg_failed
33.16,0.2772,0.001967,0.2771,5.5203,7.811,0.102,7.719,0.6657,sample_1090000-integrate_subtracted.dat,ok
,,,,,,,,,sample_10min0000-integrate_subtracted.dat,autorg_failed
23.52,463.7,2.567,463.6,5.24312,5.848,0.07013,5.789,0.689,sample_110000-integrate_subtracted.dat,ok
,,,,,,,,,sample_1100000-integrate_subtracted.dat,autorg_failed
57.48,0.05352,0.01153,0.05351,10.2178,19.53,2.784,19.47,0.6351,sample_1110000-integrate_subtracted.dat,ok
,,,,,,,,,sample_1120000-integrate_subtracted.dat,autorg_failed
11.6,0.003099,0.0001354,0.003099,4.32937,4.252,0.1068,4.25,0.7927,sample_1130000-integrate_subtracted.dat,ok
,,,,,,,,,sample_1140000-integrate_subtracted.dat,autorg_failed
,,,,,,,,,sample_1150000-integrate_subtracted.dat,autorg_failed
,,,,,,,,,sample_1160000-integrate_subtracted.dat,autorg_failed
,,,,,,,,,sample_1170000-integrate_subtracted.dat,autorg_failed
42.15,0.594,0.01055,0.5939,11.6274,13.55,0.1624,13.46,0.7797,sample_1180000-integrate_subtracted.dat,ok
,,,,,,,,,sample_1190000-integrate_subtracted.dat,autorg_failed
15.66,183.1,0.2002,183.1,7.65806,5.559,0.00359,5.556,0.5724,sample_120000-integrate_subtracted.dat,ok
36.26,0.01719,0.001276,0.01719,10.0443,13.38,0.4774,13.38,0.9062,sample_1200000-integrate_subtracted.dat,ok
,,,,,,,,,sample_1210000-integrate_subtracted.dat,autorg_failed
,,,,,,,,,sample_1220000-integrate_subtracted.dat,autorg_failed
,,,,,,,,,sample_1230000-integrate_subtracted.dat,autorg_failed
,,,,,,,,,sample_1240000-integrate_subtracted.dat,autorg_failed
,,,,,,,,,sample_1250000-integrate_subtracted.dat,autorg_failed
,,,,,,,,,sample_1260000-integrate_subtracted.dat,autorg_failed
,,,,,,,,,sample_1270000-integrate_subtracted.dat,autorg_failed
45.52,0.02322,0.002965,0.02322,9.76479,15.19,1.116,15.18,0.9509,sample_1280000-integrate_subtracted.dat,ok
52.03,0.03685,0.004999,0.03685,8.66325,18.78,1.075,18.79,0.9553,sample_1290000-integrate_subtracted.dat,ok
,,,,,,,,,sample_12R3a0000-integrate_subtracted.dat,autorg_failed
,,,,,,,,,sample_12R3b0000-integrate_subtracted.dat,autorg_failed
,,,,,,,,,sample_12R3c0000-integrate_subtracted.dat,autorg_failed
,,,,,,,,,sample_12R3h0000-integrate_subtracted.dat,autorg_failed
,,,,,,,,,sample_12R3k0000-integrate_subtracted.dat,autorg_failed
,,,,,,,,,sample_12R3l0000-integrate_subtracted.dat,autorg_failed
17.32,212.2,0.28,212.2,8.59713,6.188,0.004022,6.183,0.5647,sample_130000-integrate_subtracted.dat,ok
,,,,,,,,,sample_1300000-integrate_subtracted.dat,autorg_failed
,,,,,,,,,sample_1310000-integrate_subtracted.dat,autorg_failed
15.46,117.5,0.1311,117.5,7.32591,5.533,0.003521,5.53,0.5663,sample_140000-integrate_subtracted.dat,ok
40.01,154.4,2.035,154.4,6.66132,9.83,0.2224,9.698,0.5511,sample_150000-integrate_subtracted.dat,ok
,,,,,,,,,sample_15min0000-integrate_subtracted.dat,autorg_failed
16.1,65.35,0.6297,65.35,5.0312,5.083,0.05361,5.063,0.7241,sample_160000-integrate_subtracted.dat,ok
14.06,91.21,0.5507,91.21,4.77177,4.641,0.02503,4.631,0.8252,sample_170000-integrate_subtracted.dat,ok
16.98,113.5,0.7119,113.5,4.84452,4.997,0.04387,4.98,0.7767,sample_180000-integrate_subtracted.dat,ok
17.12,127.8,0.9983,127.8,4.84267,5.124,0.05046,5.107,0.7415,sample_190000-integrate_subtracted.dat,ok
,,,,,,,,,sample_1PL_100TG0000-integrate_subtracted.dat,autorg_failed
,,,,,,,,,sample_1PL_1TG0000-integrate_subtracted.dat,autorg_failed
,,,,,,,,,sample_1R3a0000-integrate_subtracted.dat,autorg_failed
,,,,,,,,,sample_1R3b0000-integrate_subtracted.dat,autorg_failed
,,,,,,,,,sample_1R3c0000-integrate_subtracted.dat,autorg_failed
,,,,,,,,,sample_1R3h0000-integrate_subtracted.dat,autorg_failed
,,,,,,,,,sample_1R3k0000-integrate_subtracted.dat,autorg_failed
5.61,0.0521,0.0001108,0.05044,1.102,3.873,0.003196,5.252,0.2917,sample_1R3l0000-integrate_subtracted.dat,ok
13.66,9.974,0.1479,9.974,2.27563,4.7,0.08231,4.687,0.5698,sample_1_00000-integrate_subtracted.dat,ok
83.82,376.6,30.22,376.6,14.2676,19.59,2.314,19.45,0.6932,sample_1_0pt50000-integrate_subtracted.dat,ok
55.13,356.3,4.985,356.2,14.496,16.81,0.1929,16.64,0.6793,sample_1_10000-integrate_subtracted.dat,ok
92.45,410.8,45.77,410.8,16.4351,18.68,5.291,18.58,0.6799,sample_1_100000-integrate_subtracted.dat,ok
66.62,295.2,7.312,295.2,14.2851,18.16,0.4616,18.0,0.6411,sample_1_150000-integrate_subtracted.dat,ok
73.79,477.4,13.53,477.3,16.0896,19.76,0.5475,19.59,0.6725,sample_1_20000-integrate_subtracted.dat,ok
56.96,408.6,4.372,408.5,14.378,17.38,0.1521,17.25,0.5182,sample_1_200000-integrate_subtracted.dat,ok
54.87,199.0,3.15,199.0,9.6078,14.35,0.2873,14.15,0.6332,sample_1_250000-integrate_subtracted.dat,ok
47.02,378.2,3.214,378.2,15.3528,15.46,0.09014,15.35,0.7342,sample_1_30000-integrate_subtracted.dat,ok
76.9,458.1,12.56,458.0,14.5415,20.23,0.5345,20.03,0.6657,sample_1_300000-integrate_subtracted.dat,ok
93.97,353.5,44.88,353.5,17.526,20.39,4.24,20.22,0.6757,sample_1_40000-integrate_subtracted.dat,ok
53.7,405.5,6.529,405.5,13.8719,17.03,0.196,16.9,0.7374,sample_1_400000-integrate_subtracted.dat,ok
55.01,369.6,4.526,369.5,14.6108,16.91,0.1643,16.74,0.6646,sample_1_50000-integrate_subtracted.dat,ok
52.35,415.5,6.319,415.4,14.6447,16.42,0.1937,16.29,0.7069,sample_1_500000-integrate_subtracted.dat,ok
83.95,505.5,15.62,505.4,14.9236,20.78,0.6912,20.64,0.669,sample_1_600000-integrate_subtracted.dat,ok
18.16,76.15,0.6022,76.15,6.73575,6.113,0.03728,6.106,0.8052,sample_1_Tau_0PEG_0NaCl0000-integrate_subtracted.dat,ok
4.54,0.01722,7.773e-05,0.01744,1.63758,3.258,0.005946,6.521,0.2924,sample_1j0000-integrate_subtracted.dat,ok
7.54,52.47,0.1843,52.47,1.82248,2.247,0.01364,2.243,0.589,sample_20000-integrate_subtracted.dat,ok
18.96,812.4,2.803,812.4,6.71809,6.46,0.01893,6.462,0.7878,sample_20S_AmnSul0000-integrate_subtracted.dat,ok
22.41,427.5,1.819,427.5,7.05023,6.823,0.03412,6.809,0.8581,sample_20S_AmnSul_20000-integrate_subtracted.dat,ok
,,,,,,,,,sample_20min0000-integrate_subtracted.dat,autorg_failed
6.14,95.23,0.1884,95.23,2.02656,1.994,0.004869,1.994,0.8132,sample_240_2_1pt50000-integrate_subtracted.dat,ok
,,,,,,,,,sample_25min0000-integrate_subtracted.dat,autorg_failed
14.4,15.82,0.9221,15.82,2.39866,2.839,0.5781,2.833,0.6264,sample_29_No_heat0000-integrate_subtracted.dat,ok
,,,,,,,,,sample_29_No_heat_00020000-integrate_subtracted.dat,autorg_failed
,,,,,,,,,sample_29_No_heat_00030000-integrate_subtracted.dat,autorg_failed
7.38,12.57,0.3668,12.57,3.23152,2.624,0.06332,2.622,0.7023,sample_29_heating0000-integrate_subtracted.dat,ok
5.55,8.031,0.2926,8.031,1.00228,1.598,0.1274,1.596,0.5469,sample_29_heating_00020000-integrate_subtracted.dat,ok
,,,,,,,,,sample_2R3a0000-integrate_subtracted.dat,autorg_failed
,,,,,,,,,sample_2R3b0000-integrate_subtracted.dat,autorg_failed
,,,,,,,,,sample_2R3c0000-integrate_subtracted.dat,autorg_failed
,,,,,,,,,sample_2R3f0000-integrate_subtracted.dat,autorg_failed
,,,,,,,,,sample_2R3h0000-integrate_subtracted.dat,autorg_failed
,,,,,,,,,sample_2R3k0000-integrate_subtracted.dat,autorg_failed
11.33,5.459,0.09072,5.459,2.55223,2.821,0.09906,2.817,0.6539,sample_2_10_00000-integrate_subtracted.dat,ok
59.78,428.2,5.713,428.1,16.0441,18.37,0.1942,18.23,0.7101,sample_2_10_100000-integrate_subtracted.dat,ok
,,,,,,,,,sample_2_10_20000-integrate_subtracted.dat,autorg_failed
,,,,,,,,,sample_2_10_200000-integrate_subtracted.dat,autorg_failed
54.74,404.1,3.886,404.0,15.4043,17.45,0.1139,17.31,0.6899,sample_2_10_300000-integrate_subtracted.dat,ok
,,,,,,,,,sample_2_10_50000-integrate_subtracted.dat,autorg_failed
,,,,,,,,,sample_2_10_500000-integrate_subtracted.dat,autorg_failed
88.97,469.9,26.35,469.9,15.3697,21.54,1.42,21.39,0.6707,sample_2_10_600000-integrate_subtracted.dat,ok
17.75,7.357,0.2151,7.357,2.95133,4.011,0.3745,3.995,0.6218,sample_2_2_00000-integrate_subtracted.dat,ok
85.39,468.7,19.24,468.7,15.1799,21.28,0.9576,21.14,0.6662,sample_2_2_100000-integrate_subtracted.dat,ok
69.67,421.0,14.1,421.0,14.5209,19.93,0.6822,19.77,0.7219,sample_2_2_20000-integrate_subtracted.dat,ok
54.77,398.5,3.247,398.4,14.8887,17.15,0.1081,17.0,0.6614,sample_2_2_200000-integrate_subtracted.dat,ok
,,,,,,,,,sample_2_2_300000-integrate_subtracted.dat,autorg_failed
66.48,383.7,10.21,383.7,15.7307,18.74,0.4869,18.62,0.703,sample_2_2_50000-integrate_subtracted.dat,ok
75.36,501.4,16.64,501.3,15.071,20.64,0.5834,20.47,0.684,sample_2_2_500000-integrate_subtracted.dat,ok
59.41,433.8,5.008,433.8,14.7985,18.07,0.1542,17.93,0.6728,sample_2_2_600000-integrate_subtracted.dat,ok
12.85,6.864,0.1669,6.864,2.71453,3.305,0.1859,3.298,0.5671,sample_2_5_00000-integrate_subtracted.dat,ok
59.13,412.6,6.142,412.6,15.3534,18.02,0.1989,17.88,0.7049,sample_2_5_100000-integrate_subtracted.dat,ok
76.06,504.9,18.05,504.8,15.8536,20.72,0.6672,20.55,0.717,sample_2_5_20000-integrate_subtracted.dat,ok
54.93,400.3,4.907,400.2,16.5364,17.17,0.171,17.02,0.6987,sample_2_5_200000-integrate_subtracted.dat,ok
56.38,410.4,6.256,410.4,15.5138,17.53,0.2019,17.41,0.7037,sample_2_5_300000-integrate_subtracted.dat,ok
47.81,345.8,3.171,345.8,16.087,15.33,0.09936,15.21,0.7032,sample_2_5_50000-integrate_subtracted.dat,ok
,,,,,,,,,sample_2_5_500000-integrate_subtracted.dat,autorg_failed
76.58,499.0,14.48,498.9,16.5569,20.71,0.5428,20.53,0.6993,sample_2_5_600000-integrate_subtracted.dat,ok
12.26,28.12,0.3218,28.12,2.29703,5.698,0.02699,5.703,0.1919,sample_2_Tau_8PEG_0NaCl0000-integrate_subtracted.dat,ok
7.52,0.03449,0.0001077,0.03244,1.34677,5.104,0.004688,6.035,0.2957,sample_2j0000-integrate_subtracted.dat,ok
61.26,29.52,9.365,29.52,12.5326,18.27,4.477,18.28,0.6321,sample_30000-integrate_subtracted.dat,ok
,,,,,,,,,sample_30min0000-integrate_subtracted.dat,autorg_failed
,,,,,,,,,sample_3_CDN_10000-integrate_subtracted.dat,autorg_failed
,,,,,,,,,sample_3_CDN_100000-integrate_subtracted.dat,autorg_failed
,,,,,,,,,sample_3_EtOAc0000-integrate_subtracted.dat,autorg_failed
,,,,,,,,,sample_3_Ethanol0000-integrate_subtracted.dat,autorg_failed
43.88,69.82,4.094,69.83,7.6179,18.91,0.2751,19.0,0.5218,sample_3_IPA0000-integrate_subtracted.dat,ok
41.81,225.4,2.58,225.4,12.9612,13.45,0.1296,13.35,0.782,sample_3_Tau_0PEG_500NaCl0000-integrate_subtracted.dat,ok
,,,,,,,,,sample_3_Tol0000-integrate_subtracted.dat,autorg_failed
75.7,52.04,11.34,52.03,16.7983,23.37,4.243,23.21,0.6301,sample_3i_N0000-integrate_subtracted.dat,ok
7.78,15.69,0.07197,15.69,1.29587,3.7,0.007564,3.702,0.1033,sample_3i_P0000-integrate_subtracted.dat,ok
55.16,29.1,4.642,29.09,13.9163,17.13,2.744,16.96,0.6466,sample_3i_R0000-integrate_subtracted.dat,ok
46.43,175.1,2.114,175.1,7.72999,14.11,0.1502,13.9,0.6144,sample_3ii0000-integrate_subtracted.dat,ok
,,,,,,,,,sample_3iii_100000-integrate_subtracted.dat,autorg_failed
59.67,37.79,3.5,37.78,14.6172,19.22,1.181,19.1,0.6232,sample_3iii_20000-integrate_subtracted.dat,ok
70.57,32.81,7.539,32.81,15.4091,18.53,4.354,18.47,0.6089,sample_3iii_50000-integrate_subtracted.dat,ok
4.47,0.006325,4.642e-05,0.006209,1.88291,3.341,0.009491,2.977,0.2523,sample_3j0000-integrate_subtracted.dat,ok
,,,,,,,,,sample_40000-integrate_subtracted.dat,autorg_failed
,,,,,,,,,sample_40min0000-integrate_subtracted.dat,autorg_failed
,,,,,,,,,sample_42G_75CMM0000-integrate_subtracted.dat,autorg_failed
,,,,,,,,,sample_42G_75CMUT0000-integrate_subtracted.dat,autorg_failed
,,,,,,,,,sample_4_20_CIP0000-integrate_subtracted.dat,autorg_failed
,,,,,,,,,sample_4_30_CIP0000-integrate_subtracted.dat,autorg_failed
,,,,,,,,,sample_4_50_CIP0000-integrate_subtracted.dat,autorg_failed
,,,,,,,,,sample_4_5_CIP0000-integrate_subtracted.dat,autorg_failed
50.27,35.21,2.797,35.21,9.41935,16.9,0.8243,16.78,0.6124,sample_4_C1_CIP0000-integrate_subtracted.dat,ok
23.89,92.5,0.4859,92.5,7.20941,7.473,0.04507,7.445,0.6661,sample_4_C2_CIP0000-integrate_subtracted.dat,ok
8.02,22.67,0.3836,22.67,1.40054,4.143,0.02269,4.146,0.1911,sample_4_CDN_10000-integrate_subtracted.dat,ok
,,,,,,,,,sample_4_CDN_100000-integrate_subtracted.dat,autorg_failed
,,,,,,,,,sample_4_EAc0000-integrate_subtracted.dat,autorg_failed
8.7,15.44,0.232,15.44,1.50249,4.421,0.02208,4.425,0.1456,sample_4_EOH0000-integrate_subtracted.dat,ok
,,,,,,,,,sample_4_IPA0000-integrate_subtracted.dat,autorg_failed
,,,,,,,,,sample_4_P_CIP0000-integrate_subtracted.dat,autorg_failed
18.14,48.03,0.4942,48.03,6.43008,6.202,0.05166,6.196,0.8547,sample_4_Tau_8PEG_500NaCl0000-integrate_subtracted.dat,ok
9.8,22.06,0.289,22.06,2.31282,4.575,0.02161,4.578,0.2202,sample_4_Tol0000-integrate_subtracted.dat,ok
3.52,0.002636,1.854e-05,0.002636,1.46875,1.314,0.009255,1.314,0.2476,sample_4j0000-integrate_subtracted.dat,ok
21.43,221.7,1.918,221.7,6.29586,6.463,0.05432,6.427,0.7127,sample_50000-integrate_subtracted.dat,ok
,,,,,,,,,sample_50min0000-integrate_subtracted.dat,autorg_failed
,,,,,,,,,sample_5_Tau_0PEG_0NaCl_0HEPES0000-integrate_subtracted.dat,autorg_failed
8.16,0.01085,9.895e-05,0.01085,3.17245,2.765,0.02384,2.763,0.7969,sample_5k0000-integrate_subtracted.dat,ok
8.59,0.01103,0.0001037,0.01103,2.94499,2.865,0.02493,2.863,0.7445,sample_5kc0000-integrate_subtracted.dat,ok
,,,,,,,,,sample_5min0000-integrate_subtracted.dat,autorg_failed
33.91,61.04,0.6995,61.02,5.64546,9.786,0.1498,9.612,0.6136,sample_5pt10000-integrate_subtracted.dat,ok
,,,,,,,,,sample_5w0000-integrate_subtracted.dat,autorg_failed
12.0,0.009935,0.0001683,0.009935,4.80028,4.215,0.04595,4.212,0.8736,sample_5wc0000-integrate_subtracted.dat,ok
21.08,156.9,1.306,156.9,6.22604,6.605,0.06332,6.564,0.7188,sample_60000-integrate_subtracted.dat,ok
3.85,11.7,0.05618,11.7,1.23244,1.231,0.009032,1.231,0.9024,sample_60_2_0pt60000-integrate_subtracted.dat,ok
48.18,1006.0,33.19,1006.0,11.6612,16.28,0.3015,16.16,0.6112,sample_60_2_10pt80000-integrate_subtracted.dat,ok
3.19,36.53,0.07378,36.53,1.19054,1.201,0.002546,1.201,0.7982,sample_60_2_1pt70000-integrate_subtracted.dat,ok
3.16,47.08,0.1137,47.08,1.14513,1.17,0.002934,1.171,0.9038,sample_60_2_3pt10000-integrate_subtracted.dat,ok
3.53,114.8,0.1003,114.8,1.17567,1.276,0.0013,1.276,0.581,sample_60_2_6pt90000-integrate_subtracted.dat,ok
,,,,,,,,,sample_60min0000-integrate_subtracted.dat,autorg_failed
12.15,0.07058,0.000303,0.07058,3.62533,3.799,0.02191,3.793,0.775,sample_620000-integrate_subtracted.dat,ok
11.93,0.05107,0.0001926,0.05107,3.78902,3.681,0.01795,3.675,0.7615,sample_630000-integrate_subtracted.dat,ok
11.2,0.03542,0.0002025,0.03542,3.55708,3.603,0.0226,3.599,0.8541,sample_640000-integrate_subtracted.dat,ok
11.51,0.05891,0.0002399,0.05891,3.54068,3.644,0.01834,3.639,0.8223,sample_650000-integrate_subtracted.dat,ok
10.58,0.03842,0.0001778,0.03842,3.23122,3.203,0.02172,3.201,0.9286,sample_660000-integrate_subtracted.dat,ok
9.89,0.02429,0.0001933,0.02429,3.18988,3.131,0.02908,3.13,0.9491,sample_670000-integrate_subtracted.dat,ok
,,,,,,,,,sample_70000-integrate_subtracted.dat,autorg_failed
10.66,0.0199,0.0001578,0.0199,4.14512,2.592,0.05301,2.553,0.2994,sample_70POPCd31_30DOPE0000-integrate_subtracted.dat,ok
,,,,,,,,,sample_75CMUT0000-integrate_subtracted.dat,autorg_failed
,,,,,,,,,sample_75GMUT0000-integrate_subtracted.dat,autorg_failed
13.74,187.3,0.516,187.3,4.22775,4.327,0.0147,4.321,0.7922,sample_75GMUT_75CMM0000-integrate_subtracted.dat,ok
16.23,174.7,0.6567,174.7,5.41148,5.43,0.0208,5.414,0.7229,sample_75GMUT_75CMM_pH70000-integrate_subtracted.dat,ok
31.62,185.9,2.029,185.9,5.30447,5.699,0.23,5.685,0.6882,sample_75GMUT_75CMUT0000-integrate_subtracted.dat,ok
,,,,,,,,,sample_75G_42C0000-integrate_subtracted.dat,autorg_failed
29.77,175.6,2.15,175.6,6.07809,6.946,0.1708,6.887,0.6669,sample_75G_75C0000-integrate_subtracted.dat,ok
22.59,171.5,1.14,171.5,4.60477,5.379,0.06733,5.332,0.642,sample_75G_75CMM0000-integrate_subtracted.dat,ok
24.95,182.6,1.378,182.6,5.11759,5.799,0.09394,5.761,0.6236,sample_75G_75CMUT0000-integrate_subtracted.dat,ok
29.12,173.8,1.661,173.8,5.17668,6.169,0.1453,6.118,0.6782,sample_75G_75CMUT_Li0000-integrate_subtracted.dat,ok
66.41,0.05457,0.02211,0.05457,12.7434,23.62,5.226,23.6,0.6513,sample_760000-integrate_subtracted.dat,ok
25.12,0.1001,0.0007283,0.1001,4.17894,5.269,0.1066,5.198,0.6816,sample_770000-integrate_subtracted.dat,ok
17.69,0.08721,0.0003495,0.0872,3.74644,4.672,0.03613,4.643,0.6509,sample_780000-integrate_subtracted.dat,ok
12.62,0.06695,0.0003348,0.06695,4.05044,3.986,0.02193,3.979,0.7682,sample_790000-integrate_subtracted.dat,ok
32.63,19.83,2.925,19.83,10.5213,2.747,3.933,2.391,0.5785,sample_7_80000-integrate_subtracted.dat,ok
9.0,36.64,0.3411,36.64,2.62488,4.431,0.01188,4.434,0.18,sample_7_CDN_10000-integrate_subtracted.dat,ok
,,,,,,,,,sample_7_CDN_100000-integrate_subtracted.dat,autorg_failed
7.04,27.87,0.2116,27.87,1.1728,3.778,0.009077,3.781,0.0971,sample_7_EtOAc0000-integrate_subtracted.dat,ok
,,,,,,,,,sample_7_Ethanol0000-integrate_subtracted.dat,autorg_failed
,,,,,,,,,sample_7_IPA0000-integrate_subtracted.dat,autorg_failed
3.14,31.19,0.2528,32.55,1.26625,2.792,0.008966,16.18,0.3031,sample_7_Tol0000-integrate_subtracted.dat,ok
75.12,499.8,46.04,499.8,15.9435,27.51,0.8495,27.55,0.9145,sample_80000-integrate_subtracted.dat,ok
13.86,0.04677,0.0002327,0.04677,3.99339,4.151,0.02634,4.141,0.6938,sample_800000-integrate_subtracted.dat,ok
21.71,0.2832,0.0007598,0.2831,5.82522,6.055,0.02472,6.014,0.7043,sample_810000-integrate_subtracted.dat,ok
32.42,0.2579,0.001702,0.2579,5.77878,6.617,0.1189,6.558,0.6822,sample_820000-integrate_subtracted.dat,ok
19.53,0.204,0.0007707,0.204,5.69782,5.824,0.02553,5.8,0.6971,sample_830000-integrate_subtracted.dat,ok
20.61,0.1386,0.0007085,0.1386,5.70993,5.937,0.04208,5.904,0.7352,sample_840000-integrate_subtracted.dat,ok
12.47,0.07641,0.0002176,0.07641,3.81022,3.783,0.0133,3.777,0.8134,sample_850000-integrate_subtracted.dat,ok
23.91,0.07369,0.0005048,0.07368,3.98011,5.04,0.09246,4.97,0.6746,sample_860000-integrate_subtracted.dat,ok
11.85,0.05291,0.0002025,0.05291,3.98185,3.741,0.01868,3.737,0.8448,sample_870000-integrate_subtracted.dat,ok
,,,,,,,,,sample_880000-integrate_subtracted.dat,autorg_failed
28.3,0.2583,0.001099,0.2583,5.61692,6.33,0.06259,6.281,0.6917,sample_890000-integrate_subtracted.dat,ok
6.92,15.28,0.2575,15.28,1.25383,3.537,0.02019,3.538,0.1265,sample_8_CDN_10000-integrate_subtracted.dat,ok
,,,,,,,,,sample_8_CDN_100000-integrate_subtracted.dat,autorg_failed
,,,,,,,,,sample_8_EAc0000-integrate_subtracted.dat,autorg_failed
,,,,,,,,,sample_8_EOH0000-integrate_subtracted.dat,autorg_failed
,,,,,,,,,sample_8_IPA0000-integrate_subtracted.dat,autorg_failed
,,,,,,,,,sample_8_Tol0000-integrate_subtracted.dat,autorg_failed
16.28,91.17,0.7396,91.17,5.02428,5.146,0.04165,5.125,0.6988,sample_90000-integrate_subtracted.dat,ok
20.13,0.2185,0.0006303,0.2185,5.79111,5.848,0.02099,5.819,0.7432,sample_900000-integrate_subtracted.dat,ok
20.3,0.1903,0.0006489,0.1903,5.75514,5.891,0.03059,5.859,0.657,sample_910000-integrate_subtracted.dat,ok
27.51,0.1338,0.001272,0.1337,5.59847,6.447,0.1409,6.386,0.6786,sample_920000-integrate_subtracted.dat,ok
7.63,0.0112,8.41e-05,0.0112,2.63082,2.605,0.0183,2.604,0.8097,sample_930000-integrate_subtracted.dat,ok
,,,,,,,,,sample_940000-integrate_subtracted.dat,autorg_failed
7.21,0.008168,0.0001085,0.008168,2.72062,2.534,0.02832,2.533,0.8131,sample_950000-integrate_subtracted.dat,ok
7.54,0.005553,6.736e-05,0.005553,3.08314,2.633,0.02907,2.631,0.7739,sample_960000-integrate_subtracted.dat,ok
41.11,0.4319,0.00499,0.4318,10.5047,13.01,0.1153,12.91,0.7831,sample_970000-integrate_subtracted.dat,ok
36.24,0.1522,0.003215,0.1522,10.97,12.06,0.1665,11.98,0.8073,sample_980000-integrate_subtracted.dat,ok
27.41,0.02013,0.000769,0.02013,10.6595,9.759,0.2403,9.719,0.8625,sample_990000-integrate_subtracted.dat,ok
24.62,2294.0,4.28,2293.0,7.18196,7.236,0.01644,7.214,0.81,sample_A00000-integrate_subtracted.dat,ok
25.99,1079.0,2.6,1079.0,7.27613,7.351,0.02216,7.325,0.8102,sample_A0_20000-integrate_subtracted.dat,ok
25.57,590.6,2.781,590.6,7.28622,7.405,0.04249,7.375,0.7243,sample_A0_40000-integrate_subtracted.dat,ok
16.02,0.08983,0.0002024,0.08983,5.01156,5.111,0.01296,5.11,0.9381,sample_A10000-integrate_subtracted.dat,ok
,,,,,,,,,sample_A100000-integrate_subtracted.dat,autorg_failed
,,,,,,,,,sample_A110000-integrate_subtracted.dat,autorg_failed
,,,,,,,,,sample_A120000-integrate_subtracted.dat,autorg_failed
,,,,,,,,,sample_A130000-integrate_subtracted.dat,autorg_failed
7.95,0.03012,0.0001136,0.03012,2.96871,2.854,0.01025,2.853,0.5853,sample_A140000-integrate_subtracted.dat,ok
3.84,0.003064,3.873e-05,0.003064,1.80863,1.16,0.02851,1.159,0.392,sample_A150000-integrate_subtracted.dat,ok
7.63,0.1033,0.0001342,0.1033,2.90619,2.776,0.002487,2.775,0.5686,sample_A170000-integrate_subtracted.dat,ok
6.24,0.05971,9.332e-05,0.05971,2.25002,2.248,0.002978,2.248,0.4486,sample_A180000-integrate_subtracted.dat,ok
22.51,0.03238,0.00057,0.03237,4.96011,7.455,0.1329,7.371,0.6111,sample_A190000-integrate_subtracted.dat,ok
23.27,381.0,1.447,380.9,7.29362,7.315,0.02924,7.276,0.802,sample_A1_20000-integrate_subtracted.dat,ok
24.37,200.5,1.168,200.5,8.04112,7.672,0.04523,7.625,0.7848,sample_A1_40000-integrate_subtracted.dat,ok
24.87,964.6,2.249,964.5,7.08779,7.296,0.02128,7.254,0.7566,sample_A1_high0000-integrate_subtracted.dat,ok
16.85,0.1856,0.0003209,0.1856,4.88796,4.925,0.01332,4.925,0.7769,sample_A20000-integrate_subtracted.dat,ok
,,,,,,,,,sample_A200000-integrate_subtracted.dat,autorg_failed
,,,,,,,,,sample_A210000-integrate_subtracted.dat,autorg_failed
,,,,,,,,,sample_A220000-integrate_subtracted.dat,autorg_failed
7.36,0.05839,8.592e-05,0.05839,2.7306,2.682,0.002455,2.681,0.5656,sample_A230000-integrate_subtracted.dat,ok
,,,,,,,,,sample_A240000-integrate_subtracted.dat,autorg_failed
6.81,0.1109,0.0001726,0.1109,2.83841,2.514,0.002641,2.514,0.3786,sample_A250000-integrate_subtracted.dat,ok
6.32,0.06123,8.991e-05,0.06123,2.24104,2.26,0.002905,2.259,0.4583,sample_A260000-integrate_subtracted.dat,ok
51.3,0.5231,0.01089,0.523,8.54102,13.3,0.317,13.17,0.6746,sample_A270000-integrate_subtracted.dat,ok
,,,,,,,,,sample_A280000-integrate_subtracted.dat,autorg_failed
,,,,,,,,,sample_A290000-integrate_subtracted.dat,autorg_failed
38.73,252.9,3.629,252.9,7.37662,8.686,0.2491,8.613,0.6918,sample_A2T2C120000-integrate_subtracted.dat,ok
20.47,101.5,0.6859,101.5,6.55057,6.605,0.04712,6.563,0.7414,sample_A2T2C12_00020000-integrate_subtracted.dat,ok
19.49,49.42,0.6953,49.41,6.49788,6.2,0.08703,6.162,0.7038,sample_A2T2C12_00030000-integrate_subtracted.dat,ok
22.54,23.85,0.5582,23.85,5.75938,6.647,0.2237,6.581,0.6345,sample_A2T2C12_00040000-integrate_subtracted.dat,ok
26.09,265.8,1.365,265.8,7.25593,7.784,0.04685,7.711,0.7099,sample_A2T2C12batch20000-integrate_subtracted.dat,ok
24.31,119.8,0.8615,119.8,6.89801,7.366,0.06748,7.295,0.6988,sample_A2T2C12batch2_00020000-integrate_subtracted.dat,ok
19.93,53.53,0.3821,53.53,6.52676,6.466,0.04504,6.427,0.7115,sample_A2T2C12batch2_00030000-integrate_subtracted.dat,ok
34.26,28.9,1.865,28.9,6.37811,8.041,1.165,7.929,0.6822,sample_A2T2C12batch2_00040000-integrate_subtracted.dat,ok
19.61,843.1,1.29,843.2,6.42284,6.372,0.008536,6.382,0.9463,sample_A2_20000-integrate_subtracted.dat,ok
18.87,444.0,0.7786,444.0,6.56213,6.401,0.009184,6.411,0.9313,sample_A2_40000-integrate_subtracted.dat,ok
41.53,660.2,9.306,660.0,6.90246,9.464,0.2582,9.341,0.6574,sample_A2_LN2_no_Fe0000-integrate_subtracted.dat,ok
21.63,0.2559,0.0004577,0.2559,4.83252,4.549,0.02791,4.559,0.6878,sample_A30000-integrate_subtracted.dat,ok
5.65,0.01692,5.479e-05,0.01692,2.10914,1.748,0.009404,1.745,0.2723,sample_A30_00020000-integrate_subtracted.dat,ok
,,,,,,,,,sample_A320000-integrate_subtracted.dat,autorg_failed
,,,,,,,,,sample_A3_20000-integrate_subtracted.dat,autorg_failed
,,,,,,,,,sample_A3_40000-integrate_subtracted.dat,autorg_failed
50.4,707.1,13.26,707.0,8.39066,10.58,0.3984,10.47,0.6856,sample_A3_LN2_3_Fe_Sub0000-integrate_subtracted.dat,ok
22.66,0.3479,0.0005784,0.3479,4.64215,4.227,0.03077,4.245,0.6595,sample_A40000-integrate_subtracted.dat,ok
,,,,,,,,,sample_A4_20000-integrate_subtracted.dat,autorg_failed
15.62,0.7789,0.3231,0.7792,5.42762,4.372,9.802,4.223,0.5207,sample_A4_40000-integrate_subtracted.dat,ok
,,,,,,,,,sample_A4_LN2_6_Fe_Sub0000-integrate_subtracted.dat,autorg_failed
15.08,0.4749,0.0003012,0.4749,4.54016,4.91,0.002913,4.909,0.6341,sample_A50000-integrate_subtracted.dat,ok
7.13,0.02513,0.0001332,0.02513,2.87835,2.553,0.01288,2.553,0.7605,sample_A550000-integrate_subtracted.dat,ok
5.36,0.01789,7.208e-05,0.01789,1.30313,1.565,0.01286,1.563,0.5728,sample_A55500000-integrate_subtracted.dat,ok
7.56,0.01525,9.762e-05,0.01525,2.41193,2.425,0.01918,2.423,0.8102,sample_A55750000-integrate_subtracted.dat,ok
7.41,0.02113,8.657e-05,0.02113,2.39003,2.423,0.01328,2.422,0.7807,sample_A55ct0000-integrate_subtracted.dat,ok
12.79,0.0454,0.0002079,0.0454,2.14732,3.232,0.03554,3.216,0.5182,sample_A560000-integrate_subtracted.dat,ok
10.58,0.03282,0.0002089,0.03282,3.25391,3.339,0.02275,3.334,0.7604,sample_A56C0000-integrate_subtracted.dat,ok
9.15,0.03065,0.000136,0.03065,3.18306,3.107,0.01224,3.105,0.8413,sample_A56ct0000-integrate_subtracted.dat,ok
7.65,0.03066,9.422e-05,0.03066,3.57699,2.914,0.005071,2.914,0.5292,sample_A570000-integrate_subtracted.dat,ok
10.98,0.03331,0.0001493,0.03331,3.27504,3.497,0.01803,3.49,0.697,sample_A57C0000-integrate_subtracted.dat,ok
10.18,0.03043,0.0001747,0.03043,3.28395,3.287,0.02273,3.284,0.7546,sample_A57ct0000-integrate_subtracted.dat,ok
10.88,0.01572,0.000158,0.01572,3.85542,3.753,0.03985,3.747,0.6933,sample_A580000-integrate_subtracted.dat,ok
7.61,0.01262,9.77e-05,0.01262,2.66993,2.526,0.02059,2.525,0.8219,sample_A590000-integrate_subtracted.dat,ok
6.79,0.0191,8.569e-05,0.0191,2.26149,2.296,0.01065,2.296,0.8534,sample_A59D0000-integrate_subtracted.dat,ok
21.76,1723.0,2.058,1723.0,6.32983,6.223,0.01026,6.238,0.826,sample_A5_00020000-integrate_subtracted.dat,ok
,,,,,,,,,sample_A5_LN2_12_Fe_Sub0000-integrate_subtracted.dat,autorg_failed
,,,,,,,,,sample_A60000-integrate_subtracted.dat,autorg_failed
7.26,0.01285,0.0001072,0.01285,2.58828,2.461,0.02192,2.459,0.738,sample_A600000-integrate_subtracted.dat,ok
,,,,,,,,,sample_A60D0000-integrate_subtracted.dat,autorg_failed
11.52,0.01379,0.0001466,0.01379,4.27355,4.071,0.02788,4.069,0.8783,sample_A610000-integrate_subtracted.dat,ok
9.52,0.006206,0.0001442,0.006206,3.84378,3.484,0.04921,3.483,0.8389,sample_A61500000-integrate_subtracted.dat,ok
11.12,0.01022,0.0002084,0.01022,4.19919,3.86,0.05314,3.857,0.8186,sample_A61750000-integrate_subtracted.dat,ok
,,,,,,,,,sample_A61D0000-integrate_subtracted.dat,autorg_failed
11.31,0.01199,0.0001764,0.01199,3.64542,3.758,0.04554,3.754,0.7821,sample_A620000-integrate_subtracted.dat,ok
22.84,0.0151,0.0007346,0.0151,4.24634,5.468,0.6146,5.398,0.6315,sample_A630000-integrate_subtracted.dat,ok
6.44,0.01335,0.000105,0.01335,2.52331,2.313,0.01481,2.312,0.8357,sample_A63D0000-integrate_subtracted.dat,ok
10.64,0.02856,0.0001275,0.02856,3.32773,3.475,0.01797,3.47,0.7986,sample_A640000-integrate_subtracted.dat,ok
,,,,,,,,,sample_A64500000-integrate_subtracted.dat,autorg_failed
9.48,0.01952,0.0001739,0.01952,3.32459,3.119,0.02523,3.116,0.8075,sample_A64750000-integrate_subtracted.dat,ok
20.99,0.03269,0.0004865,0.03269,3.87049,4.601,0.2201,4.563,0.6531,sample_A64C0000-integrate_subtracted.dat,ok
10.05,0.02845,0.0001785,0.02845,3.80508,3.433,0.01913,3.429,0.7413,sample_A64ct0000-integrate_subtracted.dat,ok
17.82,0.05211,0.0003881,0.0521,4.84377,5.205,0.04984,5.179,0.7162,sample_A650000-integrate_subtracted.dat,ok
,,,,,,,,,sample_A65C0000-integrate_subtracted.dat,autorg_failed
16.5,0.04901,0.0003431,0.049,4.87518,4.994,0.0427,4.972,0.7273,sample_A65ct0000-integrate_subtracted.dat,ok
57.19,0.1834,0.01268,0.1834,12.3261,18.8,0.7343,18.66,0.6115,sample_A660000-integrate_subtracted.dat,ok
17.95,0.05255,0.0003066,0.05254,4.93112,5.328,0.04562,5.298,0.7034,sample_A66C0000-integrate_subtracted.dat,ok
14.04,0.04794,0.0002537,0.04794,4.71718,4.573,0.02866,4.562,0.749,sample_A66ct0000-integrate_subtracted.dat,ok
8.03,0.01433,0.0001372,0.01433,2.99657,2.742,0.02439,2.74,0.8392,sample_A670000-integrate_subtracted.dat,ok
,,,,,,,,,sample_A67D0000-integrate_subtracted.dat,autorg_failed
12.06,0.02081,0.000156,0.02081,3.72884,3.672,0.02863,3.664,0.7417,sample_A680000-integrate_subtracted.dat,ok
11.29,0.02337,0.0001476,0.02337,3.47232,3.492,0.02528,3.486,0.7572,sample_A690000-integrate_subtracted.dat,ok
28.67,0.1244,0.002271,0.1244,7.23789,8.113,0.2066,8.016,0.6443,sample_A69D0000-integrate_subtracted.dat,ok
,,,,,,,,,sample_A6_LN2_24_Fe_Sub0000-integrate_subtracted.dat,autorg_failed
8.15,0.03415,0.0001368,0.03415,2.31814,2.616,0.01167,2.614,0.6285,sample_A70000-integrate_subtracted.dat,ok
8.17,0.01153,9.98e-05,0.01153,2.94461,2.711,0.02434,2.71,0.7956,sample_A700000-integrate_subtracted.dat,ok
14.8,0.007367,0.0003113,0.007367,3.03817,4.085,0.3506,4.054,0.6582,sample_A70500000-integrate_subtracted.dat,ok
7.3,0.008974,8.785e-05,0.008974,3.13259,2.619,0.02299,2.618,0.7249,sample_A70750000-integrate_subtracted.dat,ok
10.17,0.01536,0.0001958,0.01536,3.71356,3.357,0.0387,3.353,0.7526,sample_A710000-integrate_subtracted.dat,ok
10.64,0.01581,0.0001209,0.01581,3.51705,3.476,0.02938,3.471,0.7866,sample_A720000-integrate_subtracted.dat,ok
30.7,0.02448,0.001192,0.02448,6.86348,8.001,0.6632,7.931,0.6727,sample_A730000-integrate_subtracted.dat,ok
18.14,0.02894,0.0004266,0.02894,7.74634,6.267,0.07245,6.238,0.6223,sample_A740000-integrate_subtracted.dat,ok
29.15,0.02906,0.0007843,0.02905,5.3849,6.752,0.3487,6.674,0.6761,sample_A750000-integrate_subtracted.dat,ok
7.76,0.0367,0.0001094,0.0367,2.38619,2.481,0.009044,2.48,0.7676,sample_A760000-integrate_subtracted.dat,ok
8.76,0.04584,0.0001541,0.04584,2.37074,2.635,0.01259,2.633,0.7555,sample_A770000-integrate_subtracted.dat,ok
7.46,0.04544,0.0001006,0.04544,2.38705,2.504,0.005753,2.503,0.5924,sample_A780000-integrate_subtracted.dat,ok
,,,,,,,,,sample_A790000-integrate_subtracted.dat,autorg_failed
,,,,,,,,,sample_A7_LN2_48_Fe_Sub0000-integrate_subtracted.dat,autorg_failed
8.12,0.05041,0.0001135,0.05041,3.00973,3.03,0.004505,3.03,0.5406,sample_A80000-integrate_subtracted.dat,ok
15.1,0.02078,0.0002683,0.02078,4.9458,3.253,0.1636,3.202,0.5907,sample_A800000-integrate_subtracted.dat,ok
5.43,0.003025,6.231e-05,0.003025,1.00366,2.049,0.03531,2.048,0.4982,sample_A810000-integrate_subtracted.dat,ok
7.32,0.2404,0.0001898,0.2404,2.99011,2.663,0.001109,2.663,0.5675,sample_A820000-integrate_subtracted.dat,ok
6.84,0.1793,0.0001159,0.1793,2.67906,2.473,0.001071,2.473,0.58,sample_A830000-integrate_subtracted.dat,ok
8.71,0.181,0.0001712,0.181,2.44993,2.679,0.003935,2.677,0.6713,sample_A840000-integrate_subtracted.dat,ok
37.2,0.1703,0.002035,0.1703,7.65087,8.868,0.1684,8.782,0.6723,sample_A850000-integrate_subtracted.dat,ok
40.89,0.1583,0.003828,0.1582,7.11187,9.141,0.4534,9.041,0.6794,sample_A860000-integrate_subtracted.dat,ok
24.9,0.07797,0.0007165,0.07796,4.85766,6.092,0.09074,6.025,0.6547,sample_A870000-integrate_subtracted.dat,ok
7.54,0.1549,0.0001297,0.1549,2.76432,2.696,0.001593,2.695,0.5856,sample_A880000-integrate_subtracted.dat,ok
8.32,0.2612,0.0003885,0.2612,2.32809,2.496,0.004824,2.495,0.7714,sample_A890000-integrate_subtracted.dat,ok
50.27,0.6248,0.008746,0.6247,9.07641,14.31,0.1885,14.16,0.6206,sample_A90000-integrate_subtracted.dat,ok
7.04,0.3428,0.0001819,0.3428,2.1515,2.257,0.001272,2.257,0.6461,sample_A900000-integrate_subtracted.dat,ok
6.6,0.008614,7.89e-05,0.008614,2.51569,2.338,0.01726,2.337,0.8209,sample_A910000-integrate_subtracted.dat,ok
6.83,0.3073,0.0002755,0.3073,2.03893,2.103,0.001999,2.103,0.6266,sample_A920000-integrate_subtracted.dat,ok
7.21,0.2814,0.0002097,0.2814,2.3065,2.327,0.001714,2.327,0.6455,sample_A930000-integrate_subtracted.dat,ok
13.34,0.1165,0.0003429,0.1165,2.66808,3.496,0.01968,3.481,0.6294,sample_A940000-integrate_subtracted.dat,ok
11.47,0.05945,0.0001982,0.05945,2.57192,3.067,0.01627,3.06,0.6859,sample_A950000-integrate_subtracted.dat,ok
23.13,615.8,1.44,615.8,4.05063,4.7,0.03757,4.681,0.6688,sample_A9_20000-integrate_subtracted.dat,ok
24.3,1104.0,1.78,1104.0,4.04629,4.83,0.02904,4.806,0.6435,sample_A9_40000-integrate_subtracted.dat,ok
13.6,0.009581,0.0001264,0.009581,2.31189,6.083,0.02436,6.097,0.2685,sample_ACR0150000-integrate_subtracted.dat,ok
48.46,0.1009,0.006281,0.1009,12.3833,14.96,0.6871,14.92,0.9437,sample_ACR015HT0000-integrate_subtracted.dat,ok
,,,,,,,,,sample_ACR015HT_00020000-integrate_subtracted.dat,autorg_failed
,,,,,,,,,sample_ACR015_00020000-integrate_subtracted.dat,autorg_failed
,,,,,,,,,sample_ACR030000-integrate_subtracted.dat,autorg_failed
6.19,0.1065,0.0002265,0.1016,1.09245,4.709,0.002934,6.279,0.2913,sample_ACR03HT0000-integrate_subtracted.dat,ok
,,,,,,,,,sample_ACR03_00020000-integrate_subtracted.dat,autorg_failed
,,,,,,,,,sample_ACR050000-integrate_subtracted.dat,autorg_failed
26.09,0.012,0.000336,0.01201,4.34373,11.17,0.08998,11.24,0.673,sample_ACR05HT0000-integrate_subtracted.dat,ok
,,,,,,,,,sample_ACR05HT_00020000-integrate_subtracted.dat,autorg_failed
,,,,,,,,,sample_ACR05_00020000-integrate_subtracted.dat,autorg_failed
,,,,,,,,,sample_ACR0750000-integrate_subtracted.dat,autorg_failed
,,,,,,,,,sample_ACR075HT0000-integrate_subtracted.dat,autorg_failed
,,,,,,,,,sample_ACR075_00020000-integrate_subtracted.dat,autorg_failed
,,,,,,,,,sample_ACR10000-integrate_subtracted.dat,autorg_failed
,,,,,,,,,sample_ACR1_00020000-integrate_subtracted.dat,autorg_failed
2.48,0.0074,5.23e-05,0.0,1.13614,1.709,0.009811,0.0,0.2902,sample_ACR20000-integrate_subtracted.dat,ok
3.25,0.006048,4.992e-05,0.004249,1.62585,2.24,0.01386,13.5,0.2728,sample_ACR2_00020000-integrate_subtracted.dat,ok
5.54,0.04991,8.225e-05,0.04791,1.27678,3.909,0.002596,6.012,0.3104,sample_ACR40000-integrate_subtracted.dat,ok
6.98,0.08121,0.0001276,0.07573,3.49134,4.727,0.004993,7.175,0.2818,sample_ACR4_00020000-integrate_subtracted.dat,ok
18.8,65.04,0.7438,65.03,6.4191,6.281,0.06367,6.26,0.8376,sample_ACSS2_0P50000-integrate_subtracted.dat,ok
18.71,100.5,0.8738,100.5,6.50694,6.194,0.04942,6.175,0.8437,sample_ACSS2_0P750000-integrate_subtracted.dat,ok
,,,,,,,,,sample_ACSS2_10000-integrate_subtracted.dat,autorg_failed
20.65,267.4,1.318,267.4,6.21653,6.398,0.03623,6.364,0.7736,sample_ACSS2_20000-integrate_subtracted.dat,ok
18.45,112.0,0.9729,112.0,6.82798,6.471,0.03917,6.459,0.8165,sample_ACSS2_ACETATE_0P60000-integrate_subtracted.dat,ok
,,,,,,,,,sample_ACSS2_ACETATE_0P830000-integrate_subtracted.dat,autorg_failed
21.5,158.9,1.181,158.9,6.90097,6.946,0.05373,6.915,0.8429,sample_ACSS2_ACETATE_10000-integrate_subtracted.dat,ok
,,,,,,,,,sample_ACSS2_ATP_0P50000-integrate_subtracted.dat,autorg_failed
,,,,,,,,,sample_ACSS2_ATP_0P750000-integrate_subtracted.dat,autorg_failed
21.57,268.9,1.108,268.9,7.02102,6.968,0.02664,6.939,0.8415,sample_ACSS2_ATP_10000-integrate_subtracted.dat,ok
24.4,387.0,1.948,386.9,7.26015,7.398,0.0427,7.352,0.8209,sample_ACSS2_ATP_20000-integrate_subtracted.dat,ok
,,,,,,,,,sample_ACSS2_ATP_COA_0P750000-integrate_subtracted.dat,autorg_failed
20.77,125.6,0.9373,125.6,6.40803,6.327,0.04998,6.296,0.7896,sample_ACSS2_ATP_COA_10000-integrate_subtracted.dat,ok
,,,,,,,,,sample_ACSS2_ATP_COA_20000-integrate_subtracted.dat,autorg_failed
,,,,,,,,,sample_AH4_1120000-integrate_subtracted.dat,autorg_failed
,,,,,,,,,sample_AH5_100000-integrate_subtracted.dat,autorg_failed
,,,,,,,,,sample_AH5_60000-integrate_subtracted.dat,autorg_failed
41.5,977.6,7.692,977.5,6.96157,8.907,0.1519,8.788,0.6762,sample_AHDC0000-integrate_subtracted.dat,ok
11.6,2393.0,1.61,2393.0,4.37754,4.415,0.001736,4.412,0.324,sample_AHlip1_9_bis0000-integrate_subtracted.dat,ok
,,,,,,,,,sample_AHlipo1_150000-integrate_subtracted.dat,autorg_failed
10.43,2430.0,2.075,2306.0,2.95893,6.759,0.001762,9.16,0.3635,sample_AHlipo1_15_00020000-integrate_subtracted.dat,ok
7.96,852.5,0.9619,852.5,2.87061,2.421,0.002845,2.418,0.3565,sample_AHlipo1_90000-integrate_subtracted.dat,ok
3.88,0.1399,0.0001122,0.1399,1.59738,1.434,0.0008986,1.434,0.6136,sample_ALA360000-integrate_subtracted.dat,ok
3.73,0.1424,7.114e-05,0.1424,1.53771,1.411,0.0005519,1.411,0.626,sample_ALA36_40C0000-integrate_subtracted.dat,ok
41.78,0.1344,0.00831,0.1344,7.96295,4.749,2.372,4.827,0.6685,sample_ALA370000-integrate_subtracted.dat,ok
,,,,,,,,,sample_ALA37_40C0000-integrate_subtracted.dat,autorg_failed
5.47,0.01779,6.438e-05,0.01779,1.68343,1.671,0.008916,1.671,0.7813,sample_ALA480000-integrate_subtracted.dat,ok
5.3,0.0182,7.658e-05,0.0182,1.6888,1.664,0.01027,1.664,0.7612,sample_ALA48_40C0000-integrate_subtracted.dat,ok
7.6,1.226,0.000552,1.226,1.49363,1.461,0.002931,1.462,0.7022,sample_ALA550000-integrate_subtracted.dat,ok
4.32,1.278,0.0002118,1.278,1.52955,1.519,0.0001807,1.519,0.6039,sample_ALA55_40C0000-integrate_subtracted.dat,ok
3.2,0.006741,4.01e-05,0.006741,1.45027,1.362,0.005763,1.362,0.584,sample_ALA_10000-integrate_subtracted.dat,ok
3.75,0.1351,9.513e-05,0.1351,1.57924,1.413,0.0007846,1.413,0.6332,sample_ALA_100000-integrate_subtracted.dat,ok
,,,,,,,,,sample_ALA_1000000-integrate_subtracted.dat,autorg_failed
4.59,0.8846,0.0002489,0.8846,1.4014,1.442,0.0004633,1.442,0.6574,sample_ALA_100mgNacl1000000-integrate_subtracted.dat,ok
10.6,0.1753,0.0002716,0.1753,1.81655,1.948,0.01494,1.946,0.6535,sample_ALA_10mgNacl1000000-integrate_subtracted.dat,ok
,,,,,,,,,sample_ALA_1800000-integrate_subtracted.dat,autorg_failed
3.91,1.365,0.0002781,1.365,1.23139,1.33,0.000218,1.33,0.6109,sample_ALA_180mgNacl1000000-integrate_subtracted.dat,ok
6.95,0.04139,0.0001285,0.04139,1.29225,2.063,0.01182,2.059,0.2712,sample_ALA_1mgNacl1000000-integrate_subtracted.dat,ok
3.9,0.01973,4.596e-05,0.01973,1.60533,1.492,0.003141,1.493,0.626,sample_ALA_20000-integrate_subtracted.dat,ok
,,,,,,,,,sample_ALA_200000-integrate_subtracted.dat,autorg_failed
10.9,0.3484,0.0005886,0.3484,1.81124,1.892,0.01711,1.89,0.6722,sample_ALA_20mgNacl1000000-integrate_subtracted.dat,ok
4.69,0.03468,6.543e-05,0.03468,1.61838,1.546,0.00384,1.546,0.7235,sample_ALA_2mgNacl1000000-integrate_subtracted.dat,ok
3.83,0.06198,6.29e-05,0.06198,1.62203,1.442,0.001458,1.443,0.6116,sample_ALA_50000-integrate_subtracted.dat,ok
,,,,,,,,,sample_ALA_500000-integrate_subtracted.dat,autorg_failed
6.04,0.7102,0.0003357,0.7102,1.6783,1.711,0.001312,1.71,0.7585,sample_ALA_50mgNacl1000000-integrate_subtracted.dat,ok
5.72,0.08202,7.888e-05,0.08202,1.69982,1.705,0.003039,1.704,0.7412,sample_ALA_5mgNacl1000000-integrate_subtracted.dat,ok
,,,,,,,,,sample_ALA_800000-integrate_subtracted.dat,autorg_failed
8.06,1.027,0.0004298,1.027,1.58718,1.595,0.002443,1.595,0.7058,sample_ALA_80mgNacl1000000-integrate_subtracted.dat,ok
,,,,,,,,,sample_ALA_90NacL100000-integrate_subtracted.dat,autorg_failed
5.79,1.185,0.0004163,1.185,1.60725,1.657,0.0009362,1.657,0.7593,sample_ALA_90NacL1000000-integrate_subtracted.dat,ok
,,,,,,,,,sample_ALA_90NacL200000-integrate_subtracted.dat,autorg_failed
4.37,1.082,0.0002745,1.082,1.55038,1.539,0.0002988,1.539,0.6036,sample_ALA_90NacL2000000-integrate_subtracted.dat,ok
5.27,1.162,0.0003183,1.162,1.53265,1.608,0.0005584,1.608,0.6406,sample_ALA_90NacL500000-integrate_subtracted.dat,ok
9.38,1.148,0.0007042,1.148,1.59798,1.57,0.005688,1.571,0.629,sample_ALA_90NacL800000-integrate_subtracted.dat,ok
19.62,81.26,1.155,81.26,6.23154,6.21,0.1124,6.176,0.7885,sample_ALL_Mix_0P50000-integrate_subtracted.dat,ok
16.54,94.63,0.6367,94.62,5.9617,5.575,0.03531,5.561,0.8361,sample_ALL_Mix_0P60000-integrate_subtracted.dat,ok
18.46,192.8,1.11,192.8,5.19421,5.313,0.04173,5.287,0.7449,sample_ALL_Mix_0P750000-integrate_subtracted.dat,ok
18.46,233.7,0.8598,233.7,5.50861,5.323,0.0265,5.299,0.7403,sample_ALL_Mix_10000-integrate_subtracted.dat,ok
52.31,0.1806,0.004379,0.1805,13.1078,14.28,0.433,14.12,0.6741,sample_AM10000-integrate_subtracted.dat,ok
2.32,0.03192,8.161e-05,0.03227,1.16133,1.507,0.006323,2.32,0.3035,sample_AM40000-integrate_subtracted.dat,ok
2.12,0.05855,7.771e-05,0.05893,1.0278,1.36,0.003179,2.506,0.308,sample_AM50000-integrate_subtracted.dat,ok
47.17,0.4129,0.005015,0.4128,9.36143,11.29,0.2816,11.16,0.6884,sample_AM60000-integrate_subtracted.dat,ok
44.77,0.6079,0.008388,0.6079,8.27227,9.909,0.3344,9.809,0.6796,sample_AM70000-integrate_subtracted.dat,ok
23.43,615.9,1.729,615.9,4.57091,5.445,0.03491,5.425,0.6761,sample_ANK_10p00000-integrate_subtracted.dat,ok
24.79,106.9,0.7099,106.9,4.22149,5.091,0.1054,5.07,0.674,sample_ANK_2p00000-integrate_subtracted.dat,ok
24.98,239.5,0.8696,239.5,4.30909,5.962,0.05007,5.918,0.5419,sample_ANK_4p00000-integrate_subtracted.dat,ok
25.57,463.8,1.862,463.8,4.98941,5.335,0.06488,5.312,0.6904,sample_ANK_8p00000-integrate_subtracted.dat,ok
,,,,,,,,,sample_AP0000-integrate_subtracted.dat,autorg_failed
,,,,,,,,,sample_AP20000-integrate_subtracted.dat,autorg_failed
48.33,188.9,9.017,188.8,12.0096,16.16,0.4498,16.07,0.7712,sample_AP30000-integrate_subtracted.dat,ok
7.68,0.002802,3.752e-05,0.002802,3.32084,2.857,0.02818,2.856,0.7785,sample_APLLrifCR00000-integrate_subtracted.dat,ok
8.25,0.00284,3.717e-05,0.00284,3.11282,3.001,0.02953,2.999,0.7674,sample_APLLrifCR0_00020000-integrate_subtracted.dat,ok
6.47,0.005302,5.19e-05,0.005302,1.58433,1.65,0.04054,1.65,0.658,sample_APP_10_10000-integrate_subtracted.dat,ok
4.87,0.007594,4.537e-05,0.007594,1.94689,1.735,0.009932,1.735,0.7873,sample_APP_10_150000-integrate_subtracted.dat,ok
5.54,0.01144,4.759e-05,0.01144,1.91278,1.873,0.00879,1.873,0.6649,sample_APP_10_20000-integrate_subtracted.dat,ok
3.91,0.00127,5.114e-05,0.00127,1.59658,1.476,0.05676,1.476,0.5575,sample_APP_10_250000-integrate_subtracted.dat,ok
29.22,0.1213,0.001316,0.1212,10.8356,9.88,0.07483,9.816,0.7347,sample_APP_10_2_00020000-integrate_subtracted.dat,ok
9.97,0.02047,0.0001778,0.02047,2.02812,2.921,0.03829,2.914,0.6105,sample_APP_10_30000-integrate_subtracted.dat,ok
10.98,0.0346,0.0002228,0.0346,1.83057,3.744,0.02813,3.734,0.3981,sample_APP_10_40000-integrate_subtracted.dat,ok
50.94,0.9986,0.0167,0.9985,12.5292,14.08,0.2373,13.96,0.7269,sample_APP_10_4_00020000-integrate_subtracted.dat,ok
8.34,0.002578,9.462e-05,0.002578,1.71377,2.066,0.1675,2.064,0.5648,sample_APP_10_50000-integrate_subtracted.dat,ok
4.33,0.001391,4.818e-05,0.001391,1.85727,1.523,0.05071,1.523,0.6903,sample_APP_150_10000-integrate_subtracted.dat,ok
4.58,0.008586,6.581e-05,0.008586,1.67936,1.621,0.01308,1.621,0.7517,sample_APP_150_150000-integrate_subtracted.dat,ok
79.17,-7.217,0.0998,0.0,13.1808,32.81,0.0348,0.0,0.7387,sample_APP_150_20000-integrate_subtracted.dat,ok
4.85,0.005001,5.319e-05,0.005001,1.54125,1.614,0.02154,1.614,0.7195,sample_APP_150_250000-integrate_subtracted.dat,ok
6.25,0.003158,0.000105,0.003158,1.55797,1.814,0.1286,1.813,0.5725,sample_APP_150_50000-integrate_subtracted.dat,ok
40.34,898.4,7.919,898.3,7.66189,8.818,0.1564,8.749,0.6891,sample_AP_FT0000-integrate_subtracted.dat,ok
40.66,658.5,6.111,658.4,7.0776,9.202,0.1648,9.1,0.6677,sample_AP_FT20000-integrate_subtracted.dat,ok
63.7,1430.0,60.12,1429.0,11.3399,16.55,0.6553,16.39,0.6793,sample_AP_FT30000-integrate_subtracted.dat,ok
,,,,,,,,,sample_AQ16_0pt60000-integrate_subtracted.dat,autorg_failed
,,,,,,,,,sample_AQ16_1pt50000-integrate_subtracted.dat,autorg_failed
6.19,0.02477,3.499e-05,0.02477,1.68214,1.436,0.007716,1.432,0.3278,sample_AStock0000-integrate_subtracted.dat,ok
22.85,700.5,2.546,700.4,7.14765,7.335,0.02502,7.306,0.8605,sample_ATPv10000-integrate_subtracted.dat,ok
22.51,323.8,1.146,323.8,7.48089,7.32,0.02299,7.294,0.8394,sample_ATPv20000-integrate_subtracted.dat,ok
23.0,149.2,0.94,149.2,8.28212,7.588,0.04089,7.557,0.7629,sample_ATPv30000-integrate_subtracted.dat,ok
23.35,828.1,2.619,828.0,7.34586,7.381,0.02264,7.35,0.8572,sample_ATPv_hi0000-integrate_subtracted.dat,ok
19.31,421.0,1.245,421.1,3.30841,8.973,0.007232,9.003,0.2903,sample_AW4_107_10000-integrate_subtracted.dat,ok
11.06,134.4,0.9132,181.0,2.65734,4.424,0.06787,29.12,0.3339,sample_AW4_107_1_blank0000-integrate_subtracted.dat,ok
6.35,188.2,0.5264,247.1,2.74536,5.56,0.004042,11.05,0.2794,sample_AW4_107_20000-integrate_subtracted.dat,ok
8.3,339.6,0.8812,446.4,2.63595,6.92,0.003793,21.17,0.3732,sample_AW4_107_2_blank0000-integrate_subtracted.dat,ok
19.98,470.0,1.59,470.1,3.63214,9.735,0.007388,9.779,0.3232,sample_AW4_110_10000-integrate_subtracted.dat,ok
19.97,670.7,2.609,1010.0,3.54249,11.91,0.01312,25.57,0.3456,sample_AW4_110_1_blank0000-integrate_subtracted.dat,ok
12.43,451.2,1.419,463.1,3.70929,9.715,0.007621,16.05,0.3202,sample_AW4_110_20000-integrate_subtracted.dat,ok
7.61,187.3,0.6661,0.0,3.10964,3.846,0.01426,0.0,0.3618,sample_AW4_110_2_blank0000-integrate_subtracted.dat,ok
,,,,,,,,,sample_AcAc0000-integrate_subtracted.dat,autorg_failed
9.01,0.07295,0.0001934,0.07295,3.21368,3.129,0.00996,3.128,0.3336,sample_Active_10000-integrate_subtracted.dat,ok
61.98,1.142,0.02157,1.142,13.5139,24.42,0.1334,24.29,0.3406,sample_Active_100000-integrate_subtracted.dat,ok
10.31,0.02827,0.0001742,0.02827,3.30052,3.346,0.02611,3.345,0.6849,sample_Active_20000-integrate_subtracted.dat,ok
4.68,0.07394,0.0002084,0.07482,2.26855,3.103,0.005406,4.517,0.2722,sample_Active_30000-integrate_subtracted.dat,ok
6.4,0.01465,0.0001337,0.01465,1.06641,3.436,0.00966,3.438,0.0831,sample_Active_40000-integrate_subtracted.dat,ok
,,,,,,,,,sample_Active_50000-integrate_subtracted.dat,autorg_failed
,,,,,,,,,sample_Active_60000-integrate_subtracted.dat,autorg_failed
10.93,0.02705,0.0001505,0.02705,3.93945,3.822,0.01808,3.82,0.8557,sample_Active_70000-integrate_subtracted.dat,ok
14.13,0.1314,0.000177,0.1314,2.64784,5.981,0.002432,5.987,0.4635,sample_Active_80000-integrate_subtracted.dat,ok
44.1,0.688,0.003374,0.688,12.5141,18.45,0.02473,18.44,0.3069,sample_Active_90000-integrate_subtracted.dat,ok
67.83,31170.0,193.8,31170.0,15.3692,17.6,0.1302,17.49,0.7464,sample_Agp1_Ni_00020000-integrate_subtracted.dat,ok
74.52,59910.0,426.5,59910.0,17.5109,22.04,0.1152,21.93,0.7919,sample_Agp1_Ni_after660_5min0000-integrate_subtracted.dat,ok
53.75,90380.0,220.9,90360.0,15.2285,15.7,0.03664,15.61,0.6064,sample_Agp1_gel0000-integrate_subtracted.dat,ok
3.6,0.08662,0.0005815,0.08662,1.25255,1.25,0.01012,1.25,0.8935,sample_Au_galder_diluted_00020000-integrate_subtracted.dat,ok
6.46,69.56,0.1718,69.56,2.41068,2.598,0.003644,2.599,0.482,sample_AurKA_Chim_10000-integrate_subtracted.dat,ok
6.13,33.75,0.1466,33.75,2.3825,2.484,0.006313,2.484,0.4528,sample_AurKA_Chim_20000-integrate_subtracted.dat,ok
26.39,75.8,1.126,75.79,4.39333,10.73,0.07686,10.7,0.5744,sample_AurKA_Chim_30000-integrate_subtracted.dat,ok
,,,,,,,,,sample_AurKA_PKI_10000-integrate_subtracted.dat,autorg_failed
6.32,31.08,0.1462,31.08,2.47626,2.571,0.006711,2.571,0.4514,sample_AurKA_PKI_20000-integrate_subtracted.dat,ok
46.88,138.5,8.891,138.5,11.9051,16.45,0.471,16.38,0.6732,sample_AurKA_PKI_30000-integrate_subtracted.dat,ok
6.27,64.58,0.1053,64.58,2.50789,2.545,0.002349,2.545,0.4735,sample_AurKA_SCP_10000-integrate_subtracted.dat,ok
6.21,30.62,0.1191,30.62,2.43351,2.546,0.00626,2.547,0.4398,sample_AurKA_SCP_20000-integrate_subtracted.dat,ok
29.13,87.39,1.647,87.38,4.85038,11.7,0.09121,11.69,0.6071,sample_AurKA_SCP_30000-integrate_subtracted.dat,ok
6.69,72.17,0.115,72.17,2.38476,2.71,0.002431,2.71,0.4114,sample_AurKA_cAct_10000-integrate_subtracted.dat,ok
6.21,33.87,0.1139,33.87,2.38695,2.487,0.005136,2.487,0.4154,sample_AurKA_cAct_20000-integrate_subtracted.dat,ok
57.54,182.8,19.86,182.7,10.3124,18.0,1.242,17.94,0.7132,sample_AurKA_cAct_30000-integrate_subtracted.dat,ok
7.72,0.1346,0.0002809,0.1346,1.33414,1.226,0.01894,1.227,0.5909,sample_B00000-integrate_subtracted.dat,ok
23.37,2376.0,3.871,2376.0,6.78186,6.797,0.01288,6.789,0.8776,sample_B10000-integrate_subtracted.dat,ok
50.33,0.22,0.003323,0.22,16.2951,16.44,0.1677,16.37,0.8699,sample_B120000-integrate_subtracted.dat,ok
23.15,1177.0,2.439,1177.0,6.88903,6.892,0.01749,6.879,0.8353,sample_B1_20000-integrate_subtracted.dat,ok
22.04,623.9,2.18,623.9,7.10576,6.889,0.02465,6.879,0.8529,sample_B1_40000-integrate_subtracted.dat,ok
27.34,366.1,1.622,366.1,7.77832,7.846,0.04493,7.789,0.7286,sample_B20000-integrate_subtracted.dat,ok
,,,,,,,,,sample_B28_20uM_tris0000-integrate_subtracted.dat,autorg_failed
4.86,0.01997,7.214e-05,0.01997,2.41377,1.743,0.006823,1.741,0.2505,sample_B28_50uM_tris0000-integrate_subtracted.dat,ok
,,,,,,,,,sample_B28_G2C8_20uM_tris0000-integrate_subtracted.dat,autorg_failed
25.96,195.3,1.393,195.2,8.37057,8.093,0.05715,8.037,0.7936,sample_B2_20000-integrate_subtracted.dat,ok
23.11,723.1,2.438,723.0,7.16185,7.219,0.02532,7.185,0.8324,sample_B2_prob0000-integrate_subtracted.dat,ok
24.08,2445.0,3.142,2445.0,6.77644,6.831,0.01185,6.821,0.8548,sample_B30000-integrate_subtracted.dat,ok
,,,,,,,,,sample_B36_20uM_CABS0000-integrate_subtracted.dat,autorg_failed
22.94,1224.0,2.232,1224.0,6.87141,6.917,0.01447,6.905,0.8433,sample_B3_20000-integrate_subtracted.dat,ok
23.74,629.2,1.574,629.2,7.01652,7.011,0.02175,6.996,0.8582,sample_B3_40000-integrate_subtracted.dat,ok
,,,,,,,,,sample_B40_50uM_CABS0000-integrate_subtracted.dat,autorg_failed
,,,,,,,,,sample_B50000-integrate_subtracted.dat,autorg_failed
25.99,2616.0,5.552,2616.0,6.93066,7.014,0.02221,6.995,0.7592,sample_B5_00020000-integrate_subtracted.dat,ok
29.67,2546.0,5.706,2546.0,6.91808,7.113,0.03584,7.091,0.7603,sample_B5_00030000-integrate_subtracted.dat,ok
48.22,0.2363,0.00449,0.2363,13.6842,16.36,0.1967,16.3,0.8809,sample_B60000-integrate_subtracted.dat,ok
31.05,0.007679,0.001182,0.007679,13.0852,12.04,0.7643,12.04,0.8564,sample_B6c0000-integrate_subtracted.dat,ok
4.31,0.01213,4.127e-05,0.01213,2.16188,1.045,0.01014,1.043,0.2565,sample_BF2110000-integrate_subtracted.dat,ok
,,,,,,,,,sample_BF2220000-integrate_subtracted.dat,autorg_failed
,,,,,,,,,sample_BF8110000-integrate_subtracted.dat,autorg_failed
37.65,0.1218,0.003095,0.1218,10.8322,13.04,0.1791,13.0,0.8924,sample_BF8220000-integrate_subtracted.dat,ok
41.72,0.1505,0.003539,0.1505,11.1961,14.9,0.1616,14.88,0.9102,sample_BF9110000-integrate_subtracted.dat,ok
4.57,0.02861,0.0002008,0.02568,1.64873,3.876,0.005239,9.832,0.301,sample_BF9220000-integrate_subtracted.dat,ok
,,,,,,,,,sample_BFP2110000-integrate_subtracted.dat,autorg_failed
,,,,,,,,,sample_BFP2220000-integrate_subtracted.dat,autorg_failed
,,,,,,,,,sample_BFP8110000-integrate_subtracted.dat,autorg_failed
,,,,,,,,,sample_BFP8220000-integrate_subtracted.dat,autorg_failed
,,,,,,,,,sample_BFP9110000-integrate_subtracted.dat,autorg_failed
,,,,,,,,,sample_BFP9220000-integrate_subtracted.dat,autorg_failed
10.88,0.03005,0.0002557,0.03005,1.81221,5.277,0.01363,5.288,0.1513,sample_BG_10mM_LaCl3_100mM_NaCl0000-integrate_subtracted.dat,ok
3.3,0.01404,0.0001864,0.01235,1.01398,2.341,0.01618,13.46,0.2534,sample_BG_10mM_LaCl3_100mM_NaNO30000-integrate_subtracted.dat,ok
5.19,0.007104,0.0001009,0.007104,1.3099,2.184,0.01589,2.182,0.1778,sample_BG_10mM_LaCl3_100mM_NaSCN0000-integrate_subtracted.dat,ok
7.0,0.13,0.0003513,0.1236,1.16495,4.883,0.00359,5.473,0.2935,sample_BG_10mM_LaCl3_10mM_Na2SO40000-integrate_subtracted.dat,ok
8.15,0.01407,0.0001452,0.01407,1.37901,3.969,0.01261,3.973,0.1164,sample_BG_10mM_LaCl3_10mM_NaCl0000-integrate_subtracted.dat,ok
3.28,0.01277,0.0001664,0.01093,1.24551,2.448,0.01819,14.66,0.2538,sample_BG_10mM_LaCl3_10mM_NaNO30000-integrate_subtracted.dat,ok
8.22,0.02766,0.0001952,0.02766,1.36808,3.873,0.00824,3.877,0.1406,sample_BG_10mM_LaCl3_10mM_NaSCN0000-integrate_subtracted.dat,ok
,,,,,,,,,sample_BG_10mM_LaCl3_12mM_NaSO40000-integrate_subtracted.dat,autorg_failed
7.02,0.0553,0.0002555,0.0518,1.26825,4.97,0.008347,6.784,0.2928,sample_BG_10mM_LaCl3_200mM_NaCl0000-integrate_subtracted.dat,ok
7.0,0.02938,0.000156,0.02938,1.35519,3.22,0.005712,3.22,0.1263,sample_BG_10mM_LaCl3_200mM_NaNO30000-integrate_subtracted.dat,ok
3.43,0.00628,6.596e-05,0.00628,1.31979,1.152,0.01391,1.151,0.2081,sample_BG_10mM_LaCl3_200mM_NaSCN0000-integrate_subtracted.dat,ok
6.19,0.04744,0.0002425,0.04594,1.10095,4.33,0.009035,5.345,0.2909,sample_BG_10mM_LaCl3_20mM_Na2SO40000-integrate_subtracted.dat,ok
2.45,0.009997,0.0001006,0.008013,1.09757,1.552,0.01472,16.02,0.2748,sample_BG_10mM_LaCl3_20mM_NaCl0000-integrate_subtracted.dat,ok
3.28,0.01501,0.0001633,0.01302,1.03252,2.422,0.01503,14.04,0.2536,sample_BG_10mM_LaCl3_20mM_NaNO30000-integrate_subtracted.dat,ok
8.55,0.01637,0.0002339,0.01637,1.42126,3.975,0.01689,3.977,0.1582,sample_BG_10mM_LaCl3_20mM_NaSCN0000-integrate_subtracted.dat,ok
3.5,0.002894,7.336e-05,0.002894,1.73779,0.6686,0.08141,0.6675,0.4018,sample_BG_10mM_LaCl3_2mM_NaSO40000-integrate_subtracted.dat,ok
,,,,,,,,,sample_BG_10mM_LaCl3_3mM_NaSO40000-integrate_subtracted.dat,autorg_failed
3.8,0.009128,5.654e-05,0.009128,1.75355,1.416,0.00883,1.415,0.1946,sample_BG_10mM_LaCl3_500mM_NaCl0000-integrate_subtracted.dat,ok
25.11,0.09255,0.002144,0.0926,4.17534,11.75,0.05251,11.87,0.2753,sample_BG_10mM_LaCl3_500mM_NaNO30000-integrate_subtracted.dat,ok
3.47,0.007261,7.809e-05,0.007261,1.53196,1.089,0.0167,1.088,0.2367,sample_BG_10mM_LaCl3_500mM_NaSCN0000-integrate_subtracted.dat,ok
3.57,0.01367,6.185e-05,0.01367,1.0737,1.229,0.006798,1.228,0.1539,sample_BG_10mM_LaCl3_50mM_Na2SO40000-integrate_subtracted.dat,ok
11.18,0.03008,0.0002621,0.03008,1.86136,5.453,0.012,5.466,0.1531,sample_BG_10mM_LaCl3_50mM_NaCl0000-integrate_subtracted.dat,ok
9.65,0.02378,0.0002312,0.02378,1.60637,4.455,0.01339,4.459,0.1485,sample_BG_10mM_LaCl3_50mM_NaNO30000-integrate_subtracted.dat,ok
2.2,0.0237,0.0001249,0.01857,1.05306,1.552,0.007535,16.18,0.2614,sample_BG_10mM_LaCl3_50mM_NaSCN0000-integrate_subtracted.dat,ok
,,,,,,,,,sample_BG_10mM_LaCl3_5mM_Na2SO40000-integrate_subtracted.dat,autorg_failed
2.51,0.01005,0.0001358,0.007164,1.06296,1.624,0.02089,17.58,0.2746,sample_BG_10mM_LaCl3_5mM_NaCl0000-integrate_subtracted.dat,ok
6.22,0.0498,0.0002627,0.04763,1.08831,4.568,0.008064,5.986,0.2918,sample_BG_10mM_LaCl3_5mM_NaNO30000-integrate_subtracted.dat,ok
3.29,0.01412,0.0001992,0.01268,1.00497,2.415,0.01637,12.73,0.2707,sample_BG_10mM_LaCl3_5mM_NaSCN0000-integrate_subtracted.dat,ok
,,,,,,,,,sample_BG_10mM_LaCl3_6mM_NaSO40000-integrate_subtracted.dat,autorg_failed
,,,,,,,,,sample_BG_10mM_LaCl3_8mM_NaSO40000-integrate_subtracted.dat,autorg_failed
12.49,0.03756,0.0003125,0.03756,2.3806,2.646,0.08484,2.641,0.6641,sample_BH0000-integrate_subtracted.dat,ok
7.91,0.03739,0.0001802,0.03739,2.57627,2.554,0.01357,2.552,0.6803,sample_BH_HS_1ul0000-integrate_subtracted.dat,ok
8.63,0.05236,0.0001907,0.05236,2.71619,2.761,0.01071,2.759,0.7271,sample_BH_HS_2ul0000-integrate_subtracted.dat,ok
9.44,0.07954,0.0002301,0.07954,2.99368,3.026,0.01151,3.023,0.7122,sample_BH_HS_4ul0000-integrate_subtracted.dat,ok
13.63,0.02895,0.0003445,0.02895,2.33545,2.716,0.1263,2.709,0.6476,sample_BH_HS_pure0000-integrate_subtracted.dat,ok
,,,,,,,,,sample_BLG100Gly100000-integrate_subtracted.dat,autorg_failed
,,,,,,,,,sample_BLG150Gly100000-integrate_subtracted.dat,autorg_failed
,,,,,,,,,sample_BLG200Gly100000-integrate_subtracted.dat,autorg_failed
,,,,,,,,,sample_BLG20Gly100000-integrate_subtracted.dat,autorg_failed
,,,,,,,,,sample_BLG50Gly100000-integrate_subtracted.dat,autorg_failed
5.68,0.02108,6.27e-05,0.02108,1.06609,1.277,0.01356,1.276,0.5999,sample_BLGA10000-integrate_subtracted.dat,ok
10.77,0.5872,0.0003208,0.5872,5.30006,3.989,0.001092,3.988,0.5685,sample_BLGA100000-integrate_subtracted.dat,ok
,,,,,,,,,sample_BLGA1000000-integrate_subtracted.dat,autorg_failed
10.26,4.496,0.001266,4.496,2.46317,3.347,0.0007735,3.346,0.6548,sample_BLGA100_40C0000-integrate_subtracted.dat,ok
10.31,0.4637,0.0002411,0.4637,5.04201,3.838,0.001012,3.837,0.5564,sample_BLGA10_40C0000-integrate_subtracted.dat,ok
48.71,4.856,0.05569,4.854,9.27881,11.38,0.2572,11.06,0.5886,sample_BLGA1780000-integrate_subtracted.dat,ok
48.01,6.421,0.05715,6.419,7.99339,12.69,0.1498,12.42,0.5998,sample_BLGA178_40C0000-integrate_subtracted.dat,ok
4.92,0.009883,4.159e-05,0.009883,1.75484,1.676,0.009065,1.676,0.9615,sample_BLGA1_40C0000-integrate_subtracted.dat,ok
6.09,0.0373,8.307e-05,0.0373,2.06611,2.035,0.004601,2.035,0.8548,sample_BLGA20000-integrate_subtracted.dat,ok
12.37,2.618,0.0008504,2.618,4.75422,4.476,0.0008992,4.474,0.5978,sample_BLGA200000-integrate_subtracted.dat,ok
12.75,1.979,0.0009942,1.979,5.37,4.567,0.001356,4.564,0.5761,sample_BLGA20_40C0000-integrate_subtracted.dat,ok
5.64,0.0277,5.078e-05,0.0277,1.80589,1.713,0.004441,1.714,0.7497,sample_BLGA2_40C0000-integrate_subtracted.dat,ok
22.72,0.283,0.001355,0.2829,3.8109,5.062,0.05948,5.006,0.6452,sample_BLGA50000-integrate_subtracted.dat,ok
,,,,,,,,,sample_BLGA500000-integrate_subtracted.dat,autorg_failed
9.95,2.727,0.0008403,2.727,3.65065,3.657,0.0006224,3.656,0.5951,sample_BLGA50_40C0000-integrate_subtracted.dat,ok
16.78,0.2072,0.0007751,0.2072,3.21985,3.676,0.04185,3.661,0.6753,sample_BLGA5_40C0000-integrate_subtracted.dat,ok
,,,,,,,,,sample_BLGA800000-integrate_subtracted.dat,autorg_failed
11.04,3.903,0.001223,3.903,3.02688,3.511,0.0009714,3.51,0.6447,sample_BLGA80_40C0000-integrate_subtracted.dat,ok
7.54,2.665,0.0006465,2.665,3.28731,2.797,0.0003514,2.797,0.5929,sample_BLGA89Nacl100_40C0000-integrate_subtracted.dat,ok
10.4,4.994,0.001155,4.994,3.99908,3.808,0.0005604,3.808,0.5958,sample_BLGA89Nacl10_40C0000-integrate_subtracted.dat,ok
6.54,1.96,0.0005385,1.96,2.80629,2.406,0.0003149,2.406,0.6014,sample_BLGA89Nacl200_40C0000-integrate_subtracted.dat,ok
10.78,4.927,0.001332,4.927,4.22329,3.893,0.0006249,3.892,0.5903,sample_BLGA89Nacl20_40C0000-integrate_subtracted.dat,ok
8.88,3.671,0.0008406,3.671,4.40897,3.282,0.0003826,3.282,0.5813,sample_BLGA89Nacl50_40C0000-integrate_subtracted.dat,ok
8.43,3.142,0.0007114,3.142,4.18188,3.067,0.0003764,3.066,0.5839,sample_BLGA89Nacl80_40C0000-integrate_subtracted.dat,ok
11.01,6.385,0.00164,6.385,3.1721,3.621,0.0007117,3.621,0.6688,sample_BLGA89mgNacL100000-integrate_subtracted.dat,ok
9.0,4.417,0.000973,4.417,3.39908,3.238,0.0004812,3.238,0.6073,sample_BLGA89mgNacL1000000-integrate_subtracted.dat,ok
12.08,6.767,0.001838,6.767,3.25218,3.786,0.0008807,3.785,0.6516,sample_BLGA89mgNacL200000-integrate_subtracted.dat,ok
7.95,3.167,0.0008068,3.167,2.96936,2.854,0.0004339,2.854,0.609,sample_BLGA89mgNacL2000000-integrate_subtracted.dat,ok
9.93,5.573,0.001298,5.573,3.78306,3.593,0.0004159,3.593,0.6073,sample_BLGA89mgNacL500000-integrate_subtracted.dat,ok
9.47,4.856,0.001108,4.856,3.60873,3.391,0.0004722,3.391,0.6069,sample_BLGA89mgNacL800000-integrate_subtracted.dat,ok
13.38,0.03971,0.0003067,0.03971,2.22647,2.379,0.08302,2.377,0.6577,sample_BL_LS_1ul0000-integrate_subtracted.dat,ok
8.45,0.05396,0.0001316,0.05396,2.42393,2.576,0.009214,2.573,0.6603,sample_BL_LS_2ul0000-integrate_subtracted.dat,ok
8.07,0.07036,0.0001767,0.07036,2.42903,2.55,0.008025,2.548,0.7593,sample_BL_LS_4ul0000-integrate_subtracted.dat,ok
14.88,0.09355,0.0003792,0.09355,2.47799,0.9692,0.1637,1.06,0.5985,sample_BL_LS_8ul0000-integrate_subtracted.dat,ok
7.25,0.03413,0.0001139,0.03413,2.4362,2.427,0.009299,2.426,0.7351,sample_BL_LS_pure0000-integrate_subtracted.dat,ok
,,,,,,,,,sample_BM1_1_0312mgml0000-integrate_subtracted.dat,autorg_failed
,,,,,,,,,sample_BM1_1_0625mgml0000-integrate_subtracted.dat,autorg_failed
57.62,0.03885,0.004372,0.03884,17.1478,20.73,1.055,20.72,0.8652,sample_BM1_1_1_25mgml0000-integrate_subtracted.dat,ok
66.21,0.04259,0.008237,0.04259,14.0532,22.58,2.414,22.53,0.7131,sample_BM1_1_2_5mgml0000-integrate_subtracted.dat,ok
,,,,,,,,,sample_BM1_2_0312mgml0000-integrate_subtracted.dat,autorg_failed
21.69,0.01212,0.0003019,0.01212,4.33713,9.315,0.05144,9.339,0.47,sample_BM1_2_0625mgml0000-integrate_subtracted.dat,ok
26.58,0.01138,0.000683,0.01138,4.94419,11.99,0.1981,12.04,0.5507,sample_BM1_2_1_25mgml0000-integrate_subtracted.dat,ok
4.2,0.002024,5.015e-05,0.002024,1.00824,1.214,0.07014,1.213,0.5542,sample_BM1_2_2_5mgml0000-integrate_subtracted.dat,ok
25.99,0.005052,0.0005173,0.005051,5.37475,8.143,1.134,8.037,0.6643,sample_BM1_2_5mgml0000-integrate_subtracted.dat,ok
6.58,481.6,0.5109,481.6,1.94868,2.179,0.001819,2.179,0.6738,sample_BM_DEBI1_10000-integrate_subtracted.dat,ok
7.13,241.0,0.45,241.0,2.1766,2.231,0.005433,2.231,0.8795,sample_BM_DEBI1_20000-integrate_subtracted.dat,ok
7.52,115.3,0.3208,115.3,2.16256,2.216,0.008744,2.216,0.8894,sample_BM_DEBI1_30000-integrate_subtracted.dat,ok
6.2,54.11,0.2178,54.11,2.06738,2.069,0.008306,2.069,0.8833,sample_BM_DEBI1_40000-integrate_subtracted.dat,ok
5.77,25.38,0.1887,25.38,1.9924,1.971,0.01382,1.971,0.8123,sample_BM_DEBI1_50000-integrate_subtracted.dat,ok
29.24,4797.0,10.6,4797.0,7.0719,7.486,0.02674,7.455,0.744,sample_BM_DEBI2_10000-integrate_subtracted.dat,ok
19.19,373.4,0.6063,373.4,3.74344,4.107,0.01995,4.096,0.6873,sample_BSA0000-integrate_subtracted.dat,ok
,,,,,,,,,sample_BSA100Gly100000-integrate_subtracted.dat,autorg_failed
39.67,2.86,0.02408,2.859,6.9969,9.551,0.1491,9.373,0.6856,sample_BSA100Na100PDAD0100000-integrate_subtracted.dat,ok
42.17,3.849,0.03407,3.848,8.72023,10.95,0.1373,10.76,0.6764,sample_BSA100Na100PDAD0200000-integrate_subtracted.dat,ok
33.08,2.608,0.01329,2.607,5.71407,8.335,0.07122,8.16,0.6448,sample_BSA100Na100PDAD0500000-integrate_subtracted.dat,ok
,,,,,,,,,sample_BSA100Na100PDAD1000000-integrate_subtracted.dat,autorg_failed
,,,,,,,,,sample_BSA100Na100PDAD2000000-integrate_subtracted.dat,autorg_failed
,,,,,,,,,sample_BSA150Gly100000-integrate_subtracted.dat,autorg_failed
29.18,0.9334,0.008327,0.933,4.85813,7.45,0.1267,7.213,0.3959,sample_BSA2000000-integrate_subtracted.dat,ok
,,,,,,,,,sample_BSA200Gly100000-integrate_subtracted.dat,autorg_failed
43.41,2.527,0.04196,2.526,8.45952,10.94,0.2916,10.77,0.6112,sample_BSA200PDAD0050000-integrate_subtracted.dat,ok
44.45,3.456,0.04382,3.455,9.30408,12.33,0.1809,12.16,0.6451,sample_BSA200PDAD0100000-integrate_subtracted.dat,ok
34.97,4.384,0.01814,4.383,5.81334,11.36,0.04047,11.21,0.2996,sample_BSA200PDAD0200000-integrate_subtracted.dat,ok
52.2,5.146,0.1004,5.145,10.9589,13.4,0.3533,13.25,0.6798,sample_BSA200PDAD0400000-integrate_subtracted.dat,ok
45.0,4.501,0.05216,4.5,9.48422,11.93,0.176,11.8,0.6753,sample_BSA200PDAD0600000-integrate_subtracted.dat,ok
32.31,3.291,0.01777,3.289,5.61846,9.897,0.05658,9.733,0.5179,sample_BSA200PDAD0800000-integrate_subtracted.dat,ok
37.92,2.076,0.03185,2.075,8.43984,10.24,0.2258,10.06,0.6284,sample_BSA200PDAD1000000-integrate_subtracted.dat,ok
,,,,,,,,,sample_BSA20Gly100000-integrate_subtracted.dat,autorg_failed
,,,,,,,,,sample_BSA50Gly100000-integrate_subtracted.dat,autorg_failed
17.88,191.8,0.4373,191.8,3.89839,4.157,0.02336,4.147,0.6953,sample_BSA_00020000-integrate_subtracted.dat,ok
19.66,140.9,0.3873,140.9,4.00191,4.694,0.02999,4.683,0.6315,sample_BSA_0p1250000-integrate_subtracted.dat,ok
22.21,263.8,0.4673,263.8,4.13122,4.558,0.02869,4.545,0.6588,sample_BSA_0p250000-integrate_subtracted.dat,ok
,,,,,,,,,sample_BSA_0p30000-integrate_subtracted.dat,autorg_failed
20.97,421.0,0.5385,421.0,3.86705,4.214,0.02075,4.204,0.6448,sample_BSA_0p50000-integrate_subtracted.dat,ok
,,,,,,,,,sample_BSA_0p60000-integrate_subtracted.dat,autorg_failed
12.54,60.27,0.2626,60.27,3.61279,3.756,0.02402,3.749,0.7207,sample_BSA_0p6250000-integrate_subtracted.dat,ok
11.04,54.91,0.2656,54.91,3.7104,3.583,0.01945,3.58,0.865,sample_BSA_0p81250000-integrate_subtracted.dat,ok
9.37,695.1,0.4799,695.1,2.93229,2.949,0.002177,2.949,0.6677,sample_BSA_100000-integrate_subtracted.dat,ok
15.27,886.3,1.051,886.3,3.32921,3.566,0.01064,3.562,0.717,sample_BSA_1000000-integrate_subtracted.dat,ok
10.05,701.3,0.6284,701.3,2.99816,3.05,0.003495,3.05,0.649,sample_BSA_100_100000-integrate_subtracted.dat,ok
13.29,115.6,0.3763,115.6,3.79802,3.869,0.01817,3.861,0.7646,sample_BSA_100_1p20000-integrate_subtracted.dat,ok
13.94,216.7,0.4284,216.7,3.66587,3.767,0.01328,3.758,0.7308,sample_BSA_100_2p50000-integrate_subtracted.dat,ok
10.97,393.5,0.3579,393.5,3.32156,3.391,0.003936,3.388,0.8617,sample_BSA_100_50000-integrate_subtracted.dat,ok
12.28,60.85,0.3081,60.85,3.77942,3.802,0.02023,3.797,0.8284,sample_BSA_100_p60000-integrate_subtracted.dat,ok
9.43,664.1,0.1844,664.1,2.78276,2.973,0.0009595,2.973,0.6684,sample_BSA_1_sec0000-integrate_subtracted.dat,ok
12.03,116.6,0.3033,116.6,3.6048,3.638,0.01365,3.633,0.727,sample_BSA_1p250000-integrate_subtracted.dat,ok
11.88,103.1,0.2999,103.1,3.5959,3.66,0.01376,3.655,0.8184,sample_BSA_1p30000-integrate_subtracted.dat,ok
11.05,107.0,0.4672,107.0,3.61979,3.537,0.01738,3.534,0.8729,sample_BSA_1p6250000-integrate_subtracted.dat,ok
11.02,144.2,0.4819,144.2,3.60952,3.507,0.01238,3.504,0.7556,sample_BSA_1p750000-integrate_subtracted.dat,ok
9.95,741.9,0.9614,741.9,2.94208,3.044,0.004245,3.044,0.735,sample_BSA_20_100000-integrate_subtracted.dat,ok
13.55,127.8,0.5265,127.8,3.90238,4.001,0.02475,3.99,0.6896,sample_BSA_20_1p20000-integrate_subtracted.dat,ok
13.18,230.4,0.9146,230.4,3.62057,3.773,0.0245,3.765,0.7674,sample_BSA_20_2p50000-integrate_subtracted.dat,ok
10.61,413.0,0.6534,413.0,3.33695,3.347,0.006185,3.345,0.887,sample_BSA_20_50000-integrate_subtracted.dat,ok
14.74,72.23,0.4605,72.23,3.67686,4.255,0.03839,4.24,0.7197,sample_BSA_20_p60000-integrate_subtracted.dat,ok
9.38,661.7,0.2268,661.7,2.73708,2.967,0.001073,2.967,0.667,sample_BSA_2_sec0000-integrate_subtracted.dat,ok
10.59,200.5,0.4245,200.5,3.44734,3.417,0.008756,3.415,0.8832,sample_BSA_2p50000-integrate_subtracted.dat,ok
11.68,200.0,0.4083,200.0,3.51618,3.557,0.009754,3.552,0.7737,sample_BSA_2p60000-integrate_subtracted.dat,ok
,,,,,,,,,sample_BSA_330000-integrate_subtracted.dat,autorg_failed
11.39,198.7,0.5442,198.7,3.50562,3.5,0.01213,3.496,0.846,sample_BSA_3p150000-integrate_subtracted.dat,ok
11.07,263.4,0.827,263.4,3.39549,3.424,0.01248,3.421,0.8538,sample_BSA_3p50000-integrate_subtracted.dat,ok
14.41,694.5,1.285,694.5,2.98246,2.563,0.02136,2.581,0.6606,sample_BSA_40_100000-integrate_subtracted.dat,ok
14.09,123.3,0.4228,123.3,3.86985,3.993,0.02268,3.982,0.7378,sample_BSA_40_1p20000-integrate_subtracted.dat,ok
11.79,227.2,0.4231,227.2,3.60205,3.64,0.009332,3.635,0.8336,sample_BSA_40_2p50000-integrate_subtracted.dat,ok
11.7,412.7,0.8495,412.7,3.33024,3.414,0.009439,3.411,0.8548,sample_BSA_40_50000-integrate_subtracted.dat,ok
12.64,65.38,0.3094,65.38,4.03177,3.921,0.02349,3.913,0.6984,sample_BSA_40_p60000-integrate_subtracted.dat,ok
,,,,,,,,,sample_BSA_4_sec0000-integrate_subtracted.dat,autorg_failed
10.26,373.2,0.5823,373.2,3.2105,3.245,0.005636,3.244,0.8884,sample_BSA_50000-integrate_subtracted.dat,ok
17.96,274.4,0.8555,274.4,6.30045,6.078,0.0193,6.072,0.6198,sample_BSA_500000-integrate_subtracted.dat,ok
18.32,383.7,1.344,383.7,3.12084,3.224,0.05685,3.221,0.6695,sample_BSA_5p30000-integrate_subtracted.dat,ok
10.08,706.3,0.4513,706.3,2.94124,3.049,0.002433,3.049,0.6517,sample_BSA_60_100000-integrate_subtracted.dat,ok
12.07,116.6,0.2638,116.6,3.65372,3.752,0.01042,3.747,0.8297,sample_BSA_60_1p20000-integrate_subtracted.dat,ok
12.49,219.7,0.5786,219.7,3.62446,3.687,0.01451,3.681,0.8018,sample_BSA_60_2p50000-integrate_subtracted.dat,ok
10.55,399.6,0.8071,399.6,3.35128,3.352,0.007261,3.35,0.8811,sample_BSA_60_50000-integrate_subtracted.dat,ok
10.42,61.97,0.4025,61.96,3.75651,3.551,0.01932,3.549,0.893,sample_BSA_60_p60000-integrate_subtracted.dat,ok
29.79,697.6,3.48,697.5,7.2047,7.756,0.07088,7.722,0.7641,sample_BSA_660000-integrate_subtracted.dat,ok
11.58,403.3,0.5636,403.3,3.10804,3.221,0.007642,3.218,0.7002,sample_BSA_6p30000-integrate_subtracted.dat,ok
10.0,699.9,0.6979,699.9,2.98509,3.055,0.003757,3.055,0.6593,sample_BSA_80_100000-integrate_subtracted.dat,ok
13.88,119.2,0.4038,119.2,3.71706,3.934,0.02116,3.924,0.7452,sample_BSA_80_1p20000-integrate_subtracted.dat,ok
12.28,219.2,0.5229,219.2,3.56171,3.67,0.01408,3.665,0.799,sample_BSA_80_2p50000-integrate_subtracted.dat,ok
11.5,393.8,0.5253,393.8,3.33751,3.412,0.006128,3.41,0.8405,sample_BSA_80_50000-integrate_subtracted.dat,ok
18.78,65.38,0.5977,65.38,3.81184,4.375,0.1107,4.348,0.6801,sample_BSA_80_p60000-integrate_subtracted.dat,ok
10.43,5.732,0.001425,5.732,5.17499,3.717,0.0004662,3.715,0.5855,sample_BSA_80mgml_10mM_LaCl3_100mM_NaCl0000-integrate_subtracted.dat,ok
9.1,4.88,0.001065,4.88,4.04521,3.292,0.0004142,3.292,0.6044,sample_BSA_80mgml_10mM_LaCl3_100mM_NaNO30000-integrate_subtracted.dat,ok
8.24,4.386,0.0007855,4.386,3.20349,2.973,0.0002741,2.974,0.6124,sample_BSA_80mgml_10mM_LaCl3_100mM_NaSCN0000-integrate_subtracted.dat,ok
8.87,4.821,0.001042,4.821,3.4109,3.18,0.0004203,3.18,0.6099,sample_BSA_80mgml_10mM_LaCl3_10mM_Na2SO40000-integrate_subtracted.dat,ok
40.56,11.5,0.03408,11.5,6.8045,7.653,0.06796,7.584,0.6889,sample_BSA_80mgml_10mM_LaCl3_10mM_NaCl0000-integrate_subtracted.dat,ok
43.32,13.74,0.04897,13.74,7.42194,8.527,0.08233,8.449,0.6658,sample_BSA_80mgml_10mM_LaCl3_10mM_NaNO30000-integrate_subtracted.dat,ok
37.33,10.3,0.02598,10.3,6.20906,7.669,0.05072,7.555,0.6337,sample_BSA_80mgml_10mM_LaCl3_10mM_NaSCN0000-integrate_subtracted.dat,ok
9.5,5.018,0.001411,5.018,4.14239,3.466,0.0004962,3.466,0.6023,sample_BSA_80mgml_10mM_LaCl3_12mM_NaSO40000-integrate_subtracted.dat,ok
9.15,4.236,0.0009279,4.236,4.09336,3.281,0.0004846,3.281,0.6038,sample_BSA_80mgml_10mM_LaCl3_200mM_NaCl0000-integrate_subtracted.dat,ok
8.53,4.293,0.0009416,4.293,3.81575,3.072,0.0003932,3.072,0.6087,sample_BSA_80mgml_10mM_LaCl3_200mM_NaNO30000-integrate_subtracted.dat,ok
7.8,3.856,0.0008873,3.856,2.91046,2.797,0.0003848,2.798,0.6143,sample_BSA_80mgml_10mM_LaCl3_200mM_NaSCN0000-integrate_subtracted.dat,ok
7.96,3.935,0.0009484,3.935,2.9182,2.856,0.0004095,2.856,0.6138,sample_BSA_80mgml_10mM_LaCl3_20mM_Na2SO40000-integrate_subtracted.dat,ok
13.12,8.109,0.002288,8.109,6.51404,4.754,0.0006539,4.752,0.5817,sample_BSA_80mgml_10mM_LaCl3_20mM_NaCl0000-integrate_subtracted.dat,ok
38.67,12.29,0.03691,12.29,6.43236,7.631,0.06346,7.569,0.68,sample_BSA_80mgml_10mM_LaCl3_20mM_NaNO30000-integrate_subtracted.dat,ok
32.26,9.23,0.01524,9.229,5.73526,6.289,0.03366,6.232,0.6889,sample_BSA_80mgml_10mM_LaCl3_20mM_NaSCN0000-integrate_subtracted.dat,ok
36.93,10.79,0.02507,10.79,6.28292,7.035,0.04944,6.985,0.6919,sample_BSA_80mgml_10mM_LaCl3_2mM_NaSO40000-integrate_subtracted.dat,ok
49.46,15.27,0.08528,15.27,8.60122,10.45,0.1216,10.32,0.6892,sample_BSA_80mgml_10mM_LaCl3_3mM_NaSO40000-integrate_subtracted.dat,ok
35.38,9.504,0.02012,9.503,5.89047,7.006,0.04475,6.936,0.6669,sample_BSA_80mgml_10mM_LaCl3_4mM_NaSO40000-integrate_subtracted.dat,ok
16.5,3.474,0.002851,3.474,3.38373,3.534,0.008855,3.522,0.6978,sample_BSA_80mgml_10mM_LaCl3_500mM_NaCl0000-integrate_subtracted.dat,ok
7.84,3.265,0.0005697,3.265,3.50847,2.815,0.0003044,2.816,0.6134,sample_BSA_80mgml_10mM_LaCl3_500mM_NaNO30000-integrate_subtracted.dat,ok
7.97,3.562,0.0008014,3.562,3.1567,2.845,0.0004266,2.846,0.6138,sample_BSA_80mgml_10mM_LaCl3_500mM_NaSCN0000-integrate_subtracted.dat,ok
7.76,3.001,0.0007273,3.001,2.56488,2.65,0.0004516,2.651,0.6789,sample_BSA_80mgml_10mM_LaCl3_50mM_Na2SO40000-integrate_subtracted.dat,ok
33.22,9.167,0.01986,9.166,5.53408,6.98,0.03848,6.905,0.6618,sample_BSA_80mgml_10mM_LaCl3_50mM_NaCl0000-integrate_subtracted.dat,ok
11.01,6.501,0.001726,6.501,4.9275,3.929,0.0006664,3.927,0.591,sample_BSA_80mgml_10mM_LaCl3_50mM_NaNO30000-integrate_subtracted.dat,ok
10.65,6.115,0.001516,6.115,5.28373,3.78,0.000445,3.779,0.5948,sample_BSA_80mgml_10mM_LaCl3_50mM_NaSCN0000-integrate_subtracted.dat,ok
30.66,7.513,0.01303,7.512,5.10557,5.675,0.03713,5.623,0.6919,sample_BSA_80mgml_10mM_LaCl3_5mM_Na2SO40000-integrate_subtracted.dat,ok
43.18,14.65,0.05403,14.65,7.18856,8.767,0.08418,8.681,0.6732,sample_BSA_80mgml_10mM_LaCl3_5mM_NaCl0000-integrate_subtracted.dat,ok
41.75,14.76,0.04101,14.76,7.10641,8.995,0.05478,8.89,0.6249,sample_BSA_80mgml_10mM_LaCl3_5mM_NaNO30000-integrate_subtracted.dat,ok
39.79,13.46,0.03852,13.46,7.12257,8.134,0.06118,8.066,0.69,sample_BSA_80mgml_10mM_LaCl3_5mM_NaSCN0000-integrate_subtracted.dat,ok
13.95,7.859,0.002215,7.859,6.92173,4.841,0.0007552,4.836,0.5785,sample_BSA_80mgml_10mM_LaCl3_6mM_NaSO40000-integrate_subtracted.dat,ok
9.36,4.915,0.001188,4.915,4.0483,3.414,0.0004387,3.414,0.6034,sample_BSA_80mgml_10mM_LaCl3_8mM_NaSO40000-integrate_subtracted.dat,ok
9.87,4.781,0.001391,4.781,4.41705,3.517,0.000557,3.517,0.6021,sample_BSA_80mgml_15mM_LaCl3_12mM_NaSO40000-integrate_subtracted.dat,ok
8.67,4.175,0.001117,4.175,3.77958,3.154,0.0004207,3.154,0.6081,sample_BSA_80mgml_18mM_LaCl3_12mM_NaSO40000-integrate_subtracted.dat,ok
8.98,15.38,0.09255,15.38,3.42232,3.096,0.02007,3.096,0.7506,sample_BSA_standard_0p1250000-integrate_subtracted.dat,ok
10.47,32.39,0.1002,32.39,3.32484,3.349,0.01479,3.348,0.8611,sample_BSA_standard_0p250000-integrate_subtracted.dat,ok
10.79,65.07,0.1165,65.07,3.14477,3.125,0.01023,3.125,0.7693,sample_BSA_standard_0p50000-integrate_subtracted.dat,ok
14.53,127.1,0.1917,127.1,3.00374,3.212,0.0145,3.21,0.6996,sample_BSA_standard_stock0000-integrate_subtracted.dat,ok
8.48,731.6,0.1774,731.6,3.4903,3.051,0.0004349,3.052,0.6111,sample_BSA_stock0000-integrate_subtracted.dat,ok
28.08,63.15,1.056,63.15,12.4666,9.696,0.09992,9.67,0.7978,sample_BT12_0p080000-integrate_subtracted.dat,ok
36.21,159.3,1.106,159.2,11.143,11.6,0.06711,11.51,0.8149,sample_BT12_0p160000-integrate_subtracted.dat,ok
42.51,382.2,2.892,382.2,12.0632,12.83,0.09587,12.73,0.7517,sample_BT12_0p310000-integrate_subtracted.dat,ok
47.18,831.7,5.528,831.5,12.0565,13.31,0.09318,13.19,0.7157,sample_BT12_0p620000-integrate_subtracted.dat,ok
70.91,1877.0,34.14,1877.0,12.7237,14.73,0.578,14.64,0.6874,sample_BT12_1p240000-integrate_subtracted.dat,ok
46.63,3382.0,17.56,3382.0,12.6149,13.29,0.08253,13.18,0.718,sample_BT12_2p480000-integrate_subtracted.dat,ok
55.23,6605.0,30.14,6604.0,12.3135,13.67,0.1085,13.58,0.6789,sample_BT12_4p960000-integrate_subtracted.dat,ok
64.28,11450.0,61.52,11450.0,11.6101,13.26,0.1585,13.17,0.6456,sample_BT12_9p930000-integrate_subtracted.dat,ok
33.14,22.87,1.328,22.87,10.2733,11.58,0.4195,11.55,0.8704,sample_BT12r_0p030000-integrate_subtracted.dat,ok
38.67,53.79,1.443,53.79,12.4707,13.01,0.2357,12.94,0.8497,sample_BT12r_0p070000-integrate_subtracted.dat,ok
46.87,124.0,3.045,124.0,12.5785,13.89,0.319,13.78,0.7768,sample_BT12r_0p140000-integrate_subtracted.dat,ok
41.54,270.5,3.083,270.4,13.7229,13.55,0.1198,13.46,0.8143,sample_BT12r_0p270000-integrate_subtracted.dat,ok
63.26,652.8,10.4,652.7,13.3578,15.94,0.3583,15.79,0.7002,sample_BT12r_0p540000-integrate_subtracted.dat,ok
69.11,1471.0,22.29,1471.0,14.505,16.84,0.3693,16.71,0.7057,sample_BT12r_1p080000-integrate_subtracted.dat,ok
73.9,3277.0,35.81,3277.0,15.1288,17.36,0.2885,17.23,0.6957,sample_BT12r_2p170000-integrate_subtracted.dat,ok
68.07,6971.0,59.35,6971.0,15.5599,17.87,0.193,17.74,0.6611,sample_BT12r_4p340000-integrate_subtracted.dat,ok
,,,,,,,,,sample_B_10000-integrate_subtracted.dat,autorg_failed
,,,,,,,,,sample_B_20000-integrate_subtracted.dat,autorg_failed
,,,,,,,,,sample_B_30000-integrate_subtracted.dat,autorg_failed
10.4,88.13,0.1847,88.13,3.13203,3.13,0.01072,3.13,0.8756,sample_B_40000-integrate_subtracted.dat,ok
10.64,67.09,0.1313,67.09,3.14788,3.192,0.008737,3.192,0.9189,sample_B_50000-integrate_subtracted.dat,ok
9.07,44.45,0.1326,44.45,3.15617,3.111,0.009412,3.111,0.9042,sample_B_60000-integrate_subtracted.dat,ok
9.3,33.82,0.121,33.82,3.2345,3.168,0.0109,3.167,0.9067,sample_B_70000-integrate_subtracted.dat,ok
8.29,21.22,0.111,21.22,3.18701,2.93,0.01178,2.93,0.9156,sample_B_80000-integrate_subtracted.dat,ok
17.7,2174.0,2.509,2174.0,7.38014,6.315,0.004534,6.311,0.5794,sample_B_DEBI2_20000-integrate_subtracted.dat,ok
26.54,1171.0,4.387,1171.0,7.17867,7.491,0.04249,7.459,0.7107,sample_B_DEBI2_30000-integrate_subtracted.dat,ok
22.05,457.5,1.77,457.5,6.3781,6.59,0.03351,6.57,0.748,sample_B_DEBI2_40000-integrate_subtracted.dat,ok
17.62,200.4,0.9851,200.4,5.58679,5.622,0.03483,5.612,0.7222,sample_B_DEBI2_50000-integrate_subtracted.dat,ok
42.95,982.4,17.29,982.2,8.33797,7.599,0.5931,7.391,0.6736,sample_B_DEBI3_10000-integrate_subtracted.dat,ok
5.61,555.1,0.3452,555.1,1.79449,2.048,0.0009152,2.048,0.6636,sample_B_DEBI3_20000-integrate_subtracted.dat,ok
6.17,310.9,0.2408,310.9,2.06192,2.13,0.0016,2.13,0.7023,sample_B_DEBI3_30000-integrate_subtracted.dat,ok
6.59,169.7,0.329,169.7,2.21554,2.204,0.005007,2.204,0.8793,sample_B_DEBI3_40000-integrate_subtracted.dat,ok
6.86,91.99,0.2466,91.99,2.2865,2.247,0.006512,2.247,0.896,sample_B_DEBI3_50000-integrate_subtracted.dat,ok
9.38,586.4,1.114,586.4,1.86188,0.7414,0.03675,0.7589,0.6931,sample_B_DEBI6_10000-integrate_subtracted.dat,ok
9.51,339.9,0.6409,339.9,2.10707,1.903,0.01453,1.906,0.7068,sample_B_DEBI6_20000-integrate_subtracted.dat,ok
7.25,200.7,0.361,200.7,2.23107,2.268,0.005203,2.268,0.9708,sample_B_DEBI6_30000-integrate_subtracted.dat,ok
7.72,116.6,0.2875,116.6,2.26989,2.303,0.007945,2.303,0.9076,sample_B_DEBI6_40000-integrate_subtracted.dat,ok
7.79,61.18,0.2698,61.18,2.23197,2.289,0.01389,2.289,0.9025,sample_B_DEBI6_50000-integrate_subtracted.dat,ok
8.52,204.0,0.556,204.0,2.68163,2.682,0.008293,2.681,0.8688,sample_B_DEBI7_10000-integrate_subtracted.dat,ok
8.85,103.6,0.3158,103.6,2.80946,2.788,0.01033,2.787,0.8183,sample_B_DEBI7_20000-integrate_subtracted.dat,ok
8.54,56.88,0.3168,56.88,2.86991,2.723,0.01935,2.722,0.8624,sample_B_DEBI7_30000-integrate_subtracted.dat,ok
7.32,30.29,0.2161,30.29,2.8483,2.621,0.01954,2.621,0.8092,sample_B_DEBI7_40000-integrate_subtracted.dat,ok
7.51,17.45,0.2139,17.45,2.56576,2.55,0.03574,2.55,0.6708,sample_B_DEBI7_50000-integrate_subtracted.dat,ok
4.89,954.6,0.6485,954.6,1.6187,1.812,0.0009316,1.812,0.6376,sample_B_DEBI8_10000-integrate_subtracted.dat,ok
5.52,559.8,0.6495,559.8,1.65623,1.944,0.001702,1.945,0.6655,sample_B_DEBI8_20000-integrate_subtracted.dat,ok
8.05,300.3,0.4522,300.3,1.89956,1.799,0.008934,1.8,0.7302,sample_B_DEBI8_30000-integrate_subtracted.dat,ok
6.4,161.8,0.3007,161.8,2.00354,2.042,0.004484,2.042,0.8836,sample_B_DEBI8_40000-integrate_subtracted.dat,ok
5.57,76.87,0.2774,76.87,2.02369,1.986,0.006876,1.986,0.9001,sample_B_DEBI8_50000-integrate_subtracted.dat,ok
,,,,,,,,,sample_Beclin_10000-integrate_subtracted.dat,autorg_failed
60.17,1239.0,36.73,1239.0,14.4503,17.89,0.3697,17.83,0.9007,sample_Beclin_1_00020000-integrate_subtracted.dat,ok
,,,,,,,,,sample_Beclin_1_00030000-integrate_subtracted.dat,autorg_failed
47.73,248.6,5.727,248.6,13.5787,16.1,0.2196,16.05,0.88,sample_Beclin_1_00040000-integrate_subtracted.dat,ok
,,,,,,,,,sample_Beclin_1_00050000-integrate_subtracted.dat,autorg_failed
,,,,,,,,,sample_BiancoCR030000-integrate_subtracted.dat,autorg_failed
33.88,0.005609,0.0005096,0.00561,12.3214,13.94,0.4152,14.03,0.8359,sample_BiancoCR050000-integrate_subtracted.dat,ok
,,,,,,,,,sample_BiancoCR05_00020000-integrate_subtracted.dat,autorg_failed
,,,,,,,,,sample_BiancoCR0750000-integrate_subtracted.dat,autorg_failed
24.75,0.01554,0.000355,0.01553,5.44766,6.822,0.243,6.62,0.6054,sample_BiancoCR10000-integrate_subtracted.dat,ok
,,,,,,,,,sample_BiancoCR1_00020000-integrate_subtracted.dat,autorg_failed
9.3,0.01503,7.226e-05,0.01503,3.46955,2.891,0.02142,2.875,0.2743,sample_BiancoCR20000-integrate_subtracted.dat,ok
,,,,,,,,,sample_BiancoCR2_00020000-integrate_subtracted.dat,autorg_failed
3.27,0.004372,1.807e-05,0.004372,1.23385,1.197,0.005502,1.197,0.7642,sample_BiancoCR40000-integrate_subtracted.dat,ok
,,,,,,,,,sample_BiancoCR4_00020000-integrate_subtracted.dat,autorg_failed
24.11,995.0,1.818,994.9,6.99487,7.235,0.01488,7.198,0.7959,sample_C05_hi0000-integrate_subtracted.dat,ok
27.1,1066.0,4.404,1066.0,6.92571,7.321,0.04251,7.286,0.7834,sample_C075_hi0000-integrate_subtracted.dat,ok
13.92,0.08402,0.0001907,0.08402,5.05431,4.948,0.008558,4.948,0.9071,sample_C10000-integrate_subtracted.dat,ok
16.63,267.9,0.3274,267.9,7.00314,5.973,0.004377,5.972,0.5969,sample_C13_D0000-integrate_subtracted.dat,ok
17.32,641.7,0.3986,641.7,7.13036,6.222,0.002186,6.22,0.5949,sample_C13_H0000-integrate_subtracted.dat,ok
22.36,715.3,1.959,715.2,7.03391,7.101,0.02185,7.076,0.8645,sample_C150000-integrate_subtracted.dat,ok
24.86,358.4,1.187,358.3,7.59211,7.484,0.02928,7.44,0.7917,sample_C15_20000-integrate_subtracted.dat,ok
23.14,188.2,1.345,188.2,7.93063,7.562,0.04983,7.528,0.8372,sample_C15_40000-integrate_subtracted.dat,ok
25.48,351.0,0.9829,350.9,7.35674,7.474,0.02541,7.434,0.7228,sample_C1_20000-integrate_subtracted.dat,ok
26.28,187.2,1.112,187.2,8.14646,8.015,0.04848,7.958,0.7643,sample_C1_40000-integrate_subtracted.dat,ok
23.99,1018.0,2.485,1018.0,6.95975,7.133,0.01964,7.105,0.8335,sample_C1_hi0000-integrate_subtracted.dat,ok
17.66,0.1933,0.0005163,0.1933,5.1501,5.225,0.022,5.222,0.7239,sample_C20000-integrate_subtracted.dat,ok
26.52,345.0,1.633,345.0,7.43718,7.558,0.04636,7.519,0.7692,sample_C2_20000-integrate_subtracted.dat,ok
,,,,,,,,,sample_C2_40000-integrate_subtracted.dat,autorg_failed
25.48,1048.0,1.754,1048.0,6.98282,7.218,0.01706,7.192,0.843,sample_C2_hi0000-integrate_subtracted.dat,ok
16.74,0.2823,0.0004794,0.2823,5.2538,5.237,0.01165,5.235,0.8566,sample_C30000-integrate_subtracted.dat,ok
21.56,370.1,1.492,370.1,7.31625,7.136,0.02569,7.115,0.8881,sample_C3_20000-integrate_subtracted.dat,ok
23.68,192.3,1.095,192.3,8.03727,7.64,0.0393,7.603,0.8285,sample_C3_40000-integrate_subtracted.dat,ok
19.57,0.3905,0.0008488,0.3905,5.3638,5.485,0.01974,5.48,0.7896,sample_C40000-integrate_subtracted.dat,ok
22.62,366.7,1.325,366.7,7.2397,7.278,0.02441,7.251,0.8646,sample_C4_20000-integrate_subtracted.dat,ok
22.87,193.8,1.058,193.8,7.68415,7.477,0.03677,7.446,0.8617,sample_C4_40000-integrate_subtracted.dat,ok
24.23,1185.0,2.098,1185.0,6.89499,7.149,0.01372,7.125,0.8891,sample_C4_hi0000-integrate_subtracted.dat,ok
32.43,0.6673,0.001548,0.6672,5.5293,6.587,0.05071,6.55,0.5994,sample_C50000-integrate_subtracted.dat,ok
,,,,,,,,,sample_CAD_A1_00020000-integrate_subtracted.dat,autorg_failed
30.84,163.2,1.543,163.2,10.4667,10.36,0.07186,10.33,0.9002,sample_CAD_A2_00020000-integrate_subtracted.dat,ok
29.76,151.8,1.481,151.8,10.4376,10.17,0.06543,10.15,0.9033,sample_CAD_A30000-integrate_subtracted.dat,ok
31.85,176.1,1.589,176.0,10.2889,10.37,0.08096,10.35,0.8889,sample_CAD_A40000-integrate_subtracted.dat,ok
32.11,66.67,1.885,66.66,10.7888,10.28,0.2627,10.26,0.9473,sample_CAD_A50000-integrate_subtracted.dat,ok
28.09,72.05,1.296,72.05,9.44063,9.971,0.1232,9.956,0.9041,sample_CAD_A60000-integrate_subtracted.dat,ok
,,,,,,,,,sample_CAD_A70000-integrate_subtracted.dat,autorg_failed
33.0,11.51,1.09,11.51,8.32946,10.55,0.6223,10.53,0.9368,sample_CAD_A80000-integrate_subtracted.dat,ok
,,,,,,,,,sample_CAD_B10000-integrate_subtracted.dat,autorg_failed
,,,,,,,,,sample_CAD_B20000-integrate_subtracted.dat,autorg_failed
,,,,,,,,,sample_CAD_B30000-integrate_subtracted.dat,autorg_failed
,,,,,,,,,sample_CAD_B40000-integrate_subtracted.dat,autorg_failed
,,,,,,,,,sample_CAD_B50000-integrate_subtracted.dat,autorg_failed
,,,,,,,,,sample_CAD_B60000-integrate_subtracted.dat,autorg_failed
32.55,21.61,1.265,21.61,9.85221,10.55,0.4513,10.53,0.9096,sample_CAD_B70000-integrate_subtracted.dat,ok
,,,,,,,,,sample_CAD_B80000-integrate_subtracted.dat,autorg_failed
49.13,99.64,9.512,99.63,8.73353,10.35,2.551,10.28,0.6641,sample_CAD_PALA_A10000-integrate_subtracted.dat,ok
53.02,175.9,10.49,175.9,8.99509,7.927,2.439,8.043,0.6102,sample_CAD_PALA_A20000-integrate_subtracted.dat,ok
33.97,182.4,2.33,182.3,9.00101,9.838,0.1537,9.784,0.7004,sample_CAD_PALA_A30000-integrate_subtracted.dat,ok
3.14,28.11,0.05314,28.11,1.20715,0.8333,0.004683,0.8326,0.2703,sample_CAD_PALA_A50000-integrate_subtracted.dat,ok
15.11,30.51,0.3141,30.51,2.97514,3.436,0.1078,3.376,0.5607,sample_CAD_PALA_A60000-integrate_subtracted.dat,ok
17.86,37.53,0.463,37.52,3.74773,4.917,0.1151,4.829,0.5925,sample_CAD_PALA_A70000-integrate_subtracted.dat,ok
5.35,179.7,0.2137,179.7,1.57969,1.603,0.002908,1.603,0.7832,sample_CAT_A0000-integrate_subtracted.dat,ok
5.54,128.4,0.1662,128.4,1.53727,1.56,0.00347,1.56,0.7524,sample_CAT_B0000-integrate_subtracted.dat,ok
4.85,65.23,0.1125,65.23,1.47882,1.486,0.004317,1.485,0.8091,sample_CAT_C0000-integrate_subtracted.dat,ok
3.6,30.08,0.06764,30.08,1.42601,1.39,0.002457,1.391,0.8887,sample_CAT_D0000-integrate_subtracted.dat,ok
4.54,11.21,0.07653,11.21,1.40068,1.393,0.01648,1.394,0.8968,sample_CAT_E0000-integrate_subtracted.dat,ok
4.32,4.35,0.05707,4.35,1.42974,1.431,0.02815,1.431,0.8109,sample_CAT_F0000-integrate_subtracted.dat,ok
,,,,,,,,,sample_CCNC115_050000-integrate_subtracted.dat,autorg_failed
,,,,,,,,,sample_CCNC115_10000-integrate_subtracted.dat,autorg_failed
,,,,,,,,,sample_CCNC115_100000-integrate_subtracted.dat,autorg_failed
,,,,,,,,,sample_CCNC115_20000-integrate_subtracted.dat,autorg_failed
,,,,,,,,,sample_CCNC115_200000-integrate_subtracted.dat,autorg_failed
,,,,,,,,,sample_CCNC115_50000-integrate_subtracted.dat,autorg_failed
39.16,328.9,0.1025,328.9,11.1413,11.71,0.003103,11.69,0.643,sample_CCNC115_500000-integrate_subtracted.dat,ok
26.78,333.0,0.03418,333.0,7.35777,9.052,0.0005238,9.057,0.6495,sample_CCNC115_800000-integrate_subtracted.dat,ok
,,,,,,,,,sample_CCNC75_050000-integrate_subtracted.dat,autorg_failed
,,,,,,,,,sample_CCNC75_10000-integrate_subtracted.dat,autorg_failed
,,,,,,,,,sample_CCNC75_100000-integrate_subtracted.dat,autorg_failed
,,,,,,,,,sample_CCNC75_20000-integrate_subtracted.dat,autorg_failed
,,,,,,,,,sample_CCNC75_200000-integrate_subtracted.dat,autorg_failed
,,,,,,,,,sample_CCNC75_50000-integrate_subtracted.dat,autorg_failed
48.22,337.4,0.2804,337.4,12.3968,13.32,0.01095,13.28,0.6712,sample_CCNC75_500000-integrate_subtracted.dat,ok
33.53,358.2,0.07427,358.2,9.97779,10.1,0.001925,10.09,0.6439,sample_CCNC75_800000-integrate_subtracted.dat,ok
,,,,,,,,,sample_CCNC95_050000-integrate_subtracted.dat,autorg_failed
,,,,,,,,,sample_CCNC95_10000-integrate_subtracted.dat,autorg_failed
,,,,,,,,,sample_CCNC95_100000-integrate_subtracted.dat,autorg_failed
,,,,,,,,,sample_CCNC95_20000-integrate_subtracted.dat,autorg_failed
,,,,,,,,,sample_CCNC95_200000-integrate_subtracted.dat,autorg_failed
,,,,,,,,,sample_CCNC95_50000-integrate_subtracted.dat,autorg_failed
45.39,323.6,0.2054,323.6,12.492,13.49,0.007863,13.44,0.6741,sample_CCNC95_500000-integrate_subtracted.dat,ok
28.06,363.0,0.04308,363.0,8.18598,9.322,0.0006764,9.326,0.6555,sample_CCNC95_800000-integrate_subtracted.dat,ok
,,,,,,,,,sample_CCNCH050000-integrate_subtracted.dat,autorg_failed
,,,,,,,,,sample_CCNCH10000-integrate_subtracted.dat,autorg_failed
,,,,,,,,,sample_CCNCH100000-integrate_subtracted.dat,autorg_failed
,,,,,,,,,sample_CCNCH20000-integrate_subtracted.dat,autorg_failed
,,,,,,,,,sample_CCNCH200000-integrate_subtracted.dat,autorg_failed
,,,,,,,,,sample_CCNCH50000-integrate_subtracted.dat,autorg_failed
47.22,282.5,0.2146,282.5,11.9196,12.8,0.01046,12.76,0.76,sample_CCNCH500000-integrate_subtracted.dat,ok
27.53,302.7,0.04253,302.7,8.40956,9.341,0.0007352,9.343,0.6343,sample_CCNCH800000-integrate_subtracted.dat,ok
45.51,1.97,0.004848,1.97,11.7001,17.57,0.01373,17.6,0.5296,sample_CC_25mM0000-integrate_subtracted.dat,ok
73.98,6.408,0.06269,6.408,17.767,25.48,0.09894,25.48,0.6159,sample_CC_25mM_6K_250uM_15min_20000-integrate_subtracted.dat,ok
75.82,5.433,0.04919,5.433,18.8856,24.84,0.1018,24.84,0.6054,sample_CC_25mM_6K_250uM_1h0000-integrate_subtracted.dat,ok
74.91,5.334,0.04959,5.334,18.5481,24.74,0.1058,24.73,0.6782,sample_CC_25mM_6K_250uM_30min0000-integrate_subtracted.dat,ok
57.39,2.947,0.008139,2.947,12.6445,20.93,0.02249,20.93,0.5815,sample_CC_6K_0min0000-integrate_subtracted.dat,ok
63.43,3.294,0.0205,3.294,12.3896,22.2,0.06985,22.18,0.5068,sample_CC_6K_10min0000-integrate_subtracted.dat,ok
56.24,2.957,0.006971,2.957,12.2233,20.67,0.01628,20.68,0.5737,sample_CC_6K_15min0000-integrate_subtracted.dat,ok
58.06,3.036,0.01298,3.036,12.7923,21.1,0.03216,21.11,0.5881,sample_CC_6K_20min0000-integrate_subtracted.dat,ok
67.49,3.234,0.01644,3.234,11.9167,21.89,0.05588,21.88,0.5644,sample_CC_6K_30min0000-integrate_subtracted.dat,ok
,,,,,,,,,sample_CE010000-integrate_subtracted.dat,autorg_failed
,,,,,,,,,sample_CE020000-integrate_subtracted.dat,autorg_failed
,,,,,,,,,sample_CE030000-integrate_subtracted.dat,autorg_failed
55.75,0.1364,0.003069,0.1364,18.731,19.2,0.239,19.15,0.8372,sample_CE040000-integrate_subtracted.dat,ok
43.69,0.05239,0.001733,0.05238,14.223,15.93,0.2589,15.89,0.8571,sample_CE050000-integrate_subtracted.dat,ok
,,,,,,,,,sample_CE060000-integrate_subtracted.dat,autorg_failed
,,,,,,,,,sample_CE070000-integrate_subtracted.dat,autorg_failed
,,,,,,,,,sample_CE080000-integrate_subtracted.dat,autorg_failed
,,,,,,,,,sample_CE090000-integrate_subtracted.dat,autorg_failed
43.49,0.06946,0.001316,0.06946,14.2447,15.28,0.164,15.24,0.8938,sample_CE10000-integrate_subtracted.dat,ok
5.62,0.002185,3.648e-05,0.002185,2.51505,3.479,0.05345,3.467,0.2962,sample_CE100000-integrate_subtracted.dat,ok
67.36,0.09087,0.007215,0.09086,13.4452,24.96,0.7758,24.87,0.6347,sample_CE110000-integrate_subtracted.dat,ok
8.44,0.009573,6.92e-05,0.009573,2.54243,4.729,0.01094,4.729,0.2408,sample_CE120000-integrate_subtracted.dat,ok
4.64,0.00232,3.698e-05,0.00232,2.3019,2.014,0.04298,2.011,0.2533,sample_CE20000-integrate_subtracted.dat,ok
41.21,0.02453,0.001676,0.02452,10.0857,16.48,0.5131,16.41,0.5855,sample_CE30000-integrate_subtracted.dat,ok
98.28,0.08819,0.04051,0.08816,16.7285,32.36,16.0,32.09,0.6439,sample_CE40000-integrate_subtracted.dat,ok
4.75,0.002747,3.973e-05,0.002747,2.15532,0.5659,0.1144,0.5655,0.257,sample_CE50000-integrate_subtracted.dat,ok
92.55,0.179,0.01885,0.179,18.8353,28.89,1.753,28.74,0.8673,sample_CE60000-integrate_subtracted.dat,ok
53.19,0.03473,0.003297,0.03473,15.177,18.61,1.035,18.49,0.6058,sample_CE70000-integrate_subtracted.dat,ok
,,,,,,,,,sample_CE80000-integrate_subtracted.dat,autorg_failed
38.0,0.02717,0.0009801,0.02717,12.1261,13.08,0.2686,13.0,0.703,sample_CE90000-integrate_subtracted.dat,ok
9.82,0.0685,0.0002535,0.0685,2.95517,3.012,0.01385,3.009,0.7672,sample_CH0000-integrate_subtracted.dat,ok
10.57,0.004677,0.0001037,0.004677,4.22899,3.774,0.05138,3.772,0.8177,sample_CH1PA_0p660000-integrate_subtracted.dat,ok
11.69,0.01015,0.0001237,0.01015,5.16132,4.021,0.04205,4.016,0.6743,sample_CH1PA_1p10000-integrate_subtracted.dat,ok
10.9,0.009025,0.000108,0.009025,4.59083,3.875,0.02702,3.873,0.8559,sample_CH1PA_1p260000-integrate_subtracted.dat,ok
24.89,0.02491,0.0006469,0.0249,4.55771,6.468,0.3105,6.373,0.6594,sample_CH1PA_2p440000-integrate_subtracted.dat,ok
12.96,0.02071,0.000208,0.02071,4.35348,4.289,0.04359,4.281,0.6393,sample_CH1PA_2p510000-integrate_subtracted.dat,ok
12.59,0.03388,0.0002117,0.03388,3.40482,3.932,0.03174,3.922,0.6138,sample_CH1PA_3p570000-integrate_subtracted.dat,ok
20.85,0.04036,0.0005964,0.04035,3.59659,5.548,0.1287,5.491,0.6023,sample_CH1PA_3p70000-integrate_subtracted.dat,ok
20.55,23.8,0.3172,23.8,3.42228,3.648,0.2194,3.645,0.6807,sample_CH1PA_40000-integrate_subtracted.dat,ok
14.33,0.04858,0.0003349,0.04858,2.65752,3.837,0.04818,3.818,0.5281,sample_CH1PA_9p60000-integrate_subtracted.dat,ok
42.17,0.2037,0.003601,0.2036,7.28513,14.84,0.1487,14.74,0.6033,sample_CH1PA_9p660000-integrate_subtracted.dat,ok
18.11,7.583,0.1937,7.583,3.65724,4.374,0.2474,4.359,0.6245,sample_CH1PA_low20000-integrate_subtracted.dat,ok
18.44,12.95,0.2461,12.95,3.43092,3.768,0.2344,3.762,0.6607,sample_CH1PA_low30000-integrate_subtracted.dat,ok
14.56,3.587,0.1675,3.587,3.32402,3.453,0.4843,3.449,0.6358,sample_CH1PA_lowest0000-integrate_subtracted.dat,ok
,,,,,,,,,sample_CH1_0p340000-integrate_subtracted.dat,autorg_failed
6.16,0.002593,9.82e-05,0.002593,2.71733,2.345,0.08565,2.345,0.5892,sample_CH1_0p660000-integrate_subtracted.dat,ok
6.07,0.003366,0.0001074,0.003366,2.87609,2.229,0.05654,2.228,0.833,sample_CH1_0p7020000-integrate_subtracted.dat,ok
6.17,0.004714,8.049e-05,0.004714,2.59964,2.262,0.03282,2.261,0.8258,sample_CH1_1p290000-integrate_subtracted.dat,ok
6.59,0.007463,6.042e-05,0.007463,2.69537,2.332,0.01793,2.331,0.7252,sample_CH1_1p430000-integrate_subtracted.dat,ok
7.08,0.01063,5.445e-05,0.01063,2.62679,2.433,0.01258,2.432,0.7779,sample_CH1_2p490000-integrate_subtracted.dat,ok
8.55,0.04572,0.0001173,0.04572,1.75539,2.419,0.01249,2.414,0.5726,sample_CH1_3p050000-integrate_subtracted.dat,ok
7.46,0.01635,6.398e-05,0.01635,2.64468,2.511,0.009982,2.51,0.8052,sample_CH1_3p140000-integrate_subtracted.dat,ok
11.91,0.04525,0.0001874,0.04524,2.10778,2.568,0.03874,2.56,0.6391,sample_CH1_3p870000-integrate_subtracted.dat,ok
14.14,15.32,0.2066,15.32,3.4756,3.869,0.09953,3.863,0.6042,sample_CH1_40000-integrate_subtracted.dat,ok
9.04,3.891,0.1339,3.891,3.20244,3.256,0.09939,3.254,0.5932,sample_CH1_low20000-integrate_subtracted.dat,ok
20.04,9.897,0.3905,9.897,3.65603,5.359,0.4022,5.324,0.6014,sample_CH1_low30000-integrate_subtracted.dat,ok
3.74,0.9468,0.03908,0.9468,1.87098,1.279,0.08064,1.278,0.5146,sample_CH1_lowest0000-integrate_subtracted.dat,ok
16.18,0.07232,0.0002693,0.07231,2.692,3.061,0.04349,3.053,0.6037,sample_CH_HS_1ul0000-integrate_subtracted.dat,ok
14.53,0.077,0.000251,0.07699,2.98238,3.232,0.0291,3.225,0.6815,sample_CH_HS_2ul0000-integrate_subtracted.dat,ok
13.89,0.1151,0.0002276,0.1151,3.14734,3.47,0.01477,3.463,0.6934,sample_CH_HS_4ul0000-integrate_subtracted.dat,ok
11.92,0.2056,0.0002437,0.2056,3.50682,3.572,0.006398,3.567,0.7803,sample_CH_HS_8ul0000-integrate_subtracted.dat,ok
8.77,0.04193,0.0001906,0.04193,2.19879,2.526,0.0192,2.523,0.6277,sample_CH_HS_pure0000-integrate_subtracted.dat,ok
27.67,175.5,0.9918,175.5,9.44999,8.948,0.05375,8.912,0.845,sample_CIA5_0pt6250000-integrate_subtracted.dat,ok
31.7,485.3,2.425,485.3,9.97253,9.848,0.05545,9.793,0.8091,sample_CIA5_1pt250000-integrate_subtracted.dat,ok
40.08,1462.0,4.294,1462.0,10.3202,10.71,0.0428,10.65,0.7588,sample_CIA5_2pt50000-integrate_subtracted.dat,ok
47.56,1541.0,6.672,1541.0,10.1972,11.18,0.0946,11.1,0.735,sample_CIA5_SC0000-integrate_subtracted.dat,ok
5.01,-33.27,0.2408,0.0,1.90721,4.333,0.0106,0.0,0.2658,sample_CIAP10000-integrate_subtracted.dat,ok
,,,,,,,,,sample_CL_LS_1ul0000-integrate_subtracted.dat,autorg_failed
17.98,0.2695,0.001042,0.2695,4.49206,4.809,0.03159,4.793,0.6804,sample_CL_LS_2ul0000-integrate_subtracted.dat,ok
12.75,0.3143,0.0003889,0.3143,3.95093,4.037,0.006455,4.033,0.8677,sample_CL_LS_4ul0000-integrate_subtracted.dat,ok
11.85,0.4644,0.0006643,0.4644,3.67215,3.812,0.006494,3.809,0.7369,sample_CL_LS_8ul0000-integrate_subtracted.dat,ok
5.58,0.02974,6.843e-05,0.02974,1.82586,1.861,0.005048,1.861,0.7925,sample_CL_LS_pure0000-integrate_subtracted.dat,ok
16.62,0.176,0.0002326,0.176,4.821,4.863,0.009496,4.863,0.864,sample_CM_hPS_0p630000-integrate_subtracted.dat,ok
23.67,0.7896,0.001411,0.7896,3.93671,2.258,0.06943,2.369,0.6947,sample_CM_hPS_100000-integrate_subtracted.dat,ok
14.92,0.1389,0.0001786,0.1389,4.73143,4.864,0.00604,4.863,0.6503,sample_CM_hPS_1p250000-integrate_subtracted.dat,ok
12.25,1.422,0.0004929,1.422,3.52413,4.03,0.001084,4.029,0.6184,sample_CM_hPS_200000-integrate_subtracted.dat,ok
14.83,0.2648,0.0002593,0.2648,4.69,4.827,0.004163,4.826,0.6484,sample_CM_hPS_2p50000-integrate_subtracted.dat,ok
19.67,0.3873,0.0004381,0.3873,4.58785,4.436,0.01444,4.445,0.6778,sample_CM_hPS_3p750000-integrate_subtracted.dat,ok
14.37,0.5128,0.0002163,0.5128,4.26668,4.717,0.001699,4.716,0.5843,sample_CM_hPS_50000-integrate_subtracted.dat,ok
13.87,0.6274,0.0002176,0.6274,4.22894,4.627,0.00126,4.626,0.6317,sample_CM_hPS_6p250000-integrate_subtracted.dat,ok
14.17,0.7306,0.0003616,0.7306,3.93567,4.64,0.001928,4.639,0.6385,sample_CM_hPS_7p50000-integrate_subtracted.dat,ok
16.57,0.1594,0.0001765,0.1594,4.88966,4.935,0.008933,4.935,0.8543,sample_CM_lowPS_0p630000-integrate_subtracted.dat,ok
22.93,0.7687,0.001032,0.7687,4.26525,1.437,0.07902,1.668,0.6328,sample_CM_lowPS_100000-integrate_subtracted.dat,ok
14.24,0.146,0.0002149,0.146,4.91032,4.987,0.006588,4.986,0.9021,sample_CM_lowPS_1p250000-integrate_subtracted.dat,ok
12.73,1.427,0.0005278,1.427,3.51146,4.195,0.001243,4.194,0.6222,sample_CM_lowPS_200000-integrate_subtracted.dat,ok
19.46,0.2566,0.0003488,0.2566,4.74448,4.634,0.01532,4.641,0.7523,sample_CM_lowPS_2p50000-integrate_subtracted.dat,ok
20.93,0.3674,0.0006999,0.3674,4.63697,4.244,0.02925,4.263,0.7038,sample_CM_lowPS_3p750000-integrate_subtracted.dat,ok
21.83,0.4614,0.0005669,0.4614,4.58897,3.854,0.02244,3.888,0.6689,sample_CM_lowPS_50000-integrate_subtracted.dat,ok
25.9,0.5542,0.001357,0.5542,4.4116,3.261,0.07542,3.326,0.6894,sample_CM_lowPS_6p250000-integrate_subtracted.dat,ok
22.07,0.6329,0.0008547,0.633,4.27396,2.931,0.03394,3.008,0.653,sample_CM_lowPS_7p50000-integrate_subtracted.dat,ok
35.93,19.46,1.22,19.46,7.25183,8.471,1.106,8.402,0.6702,sample_CSA_0p50000-integrate_subtracted.dat,ok
9.67,0.01335,0.0001105,0.01335,3.65656,3.408,0.02288,3.406,0.879,sample_CSE3050000-integrate_subtracted.dat,ok
12.24,0.03008,0.0003068,0.03008,3.69709,3.805,0.05305,3.797,0.7384,sample_CSE310000-integrate_subtracted.dat,ok
13.23,0.06968,0.0002806,0.06968,4.04149,4.07,0.02065,4.059,0.741,sample_CSE320000-integrate_subtracted.dat,ok
18.34,0.1876,0.0005707,0.1876,4.22868,4.679,0.03017,4.653,0.6801,sample_CSE350000-integrate_subtracted.dat,ok
3.06,0.04795,3.826e-05,0.04795,1.25041,1.322,0.0006828,1.322,0.5618,sample_CTAC0000-integrate_subtracted.dat,ok
4.94,0.03653,6.484e-05,0.03653,2.16234,0.3375,0.02094,0.3229,0.3693,sample_CTACAu0000-integrate_subtracted.dat,ok
,,,,,,,,,sample_CTACAuNaCl0000-integrate_subtracted.dat,autorg_failed
,,,,,,,,,sample_CTACLAA0000-integrate_subtracted.dat,autorg_failed
4.35,0.08434,4.275e-05,0.08434,1.46218,1.664,0.0007224,1.665,0.6232,sample_CTACNaCl0000-integrate_subtracted.dat,ok
,,,,,,,,,sample_CTACNaClAu0000-integrate_subtracted.dat,autorg_failed
4.74,0.1007,0.0001806,0.1007,1.60704,1.688,0.002156,1.689,0.6781,sample_CTACNacl0000-integrate_subtracted.dat,ok
53.6,3.457,0.01623,3.457,12.9078,14.31,0.09247,14.24,0.7968,sample_CVIDFroz_0p4_D0000-integrate_subtracted.dat,ok
74.84,5.978,0.09032,5.977,15.4681,19.36,0.3195,19.18,0.7113,sample_CVIDFroz_0p4_H0000-integrate_subtracted.dat,ok
48.24,0.5173,0.005542,0.5173,14.6044,14.71,0.1489,14.66,0.8619,sample_CVIDFroz_0p5_D0000-integrate_subtracted.dat,ok
58.34,1.107,0.01345,1.107,15.7105,17.06,0.2043,17.0,0.7907,sample_CVIDFroz_0p5_H0000-integrate_subtracted.dat,ok
59.28,3.826,0.02836,3.825,15.3032,16.75,0.1264,16.64,0.6704,sample_CVIDLyo_0p4_D0000-integrate_subtracted.dat,ok
74.15,5.706,0.05279,5.705,15.8625,19.17,0.1843,19.0,0.6773,sample_CVIDLyo_0p4_H0000-integrate_subtracted.dat,ok
8.65,0.1152,0.0004869,0.1096,1.63473,5.647,0.01013,9.22,0.2614,sample_CVIDLyo_0p5_D0000-integrate_subtracted.dat,ok
57.25,0.9044,0.009888,0.9044,15.6668,17.15,0.1593,17.1,0.8524,sample_CVIDLyo_0p5_H0000-integrate_subtracted.dat,ok
,,,,,,,,,sample_C_100mM_Na2SO40000-integrate_subtracted.dat,autorg_failed
,,,,,,,,,sample_C_100mM_NaCl0000-integrate_subtracted.dat,autorg_failed
15.94,-0.01846,0.0005358,0.0,2.83349,8.042,0.04168,0.0,0.2874,sample_C_100mM_NaNO30000-integrate_subtracted.dat,ok
,,,,,,,,,sample_C_80mgml_BSA0000-integrate_subtracted.dat,autorg_failed
37.38,12.08,0.02666,12.08,6.50106,7.419,0.04644,7.351,0.6019,sample_C_80mgml_BSA_10mM_LaCl30000-integrate_subtracted.dat,ok
,,,,,,,,,sample_Ca_0mM_0p50000-integrate_subtracted.dat,autorg_failed
5.94,-0.06411,0.04358,0.0,1.5412,13.48,15.74,0.0,0.303,sample_Ca_0mM_10000-integrate_subtracted.dat,ok
3.25,0.5047,0.02395,0.5047,1.18283,1.399,0.1422,1.398,0.3013,sample_Ca_0mM_20000-integrate_subtracted.dat,ok
59.02,3229.0,23.78,3228.0,15.3252,16.79,0.122,16.65,0.7172,sample_Ca_0mM_40000-integrate_subtracted.dat,ok
,,,,,,,,,sample_Ca_0mM_80000-integrate_subtracted.dat,autorg_failed
56.56,634.1,14.6,634.0,15.7314,17.11,0.3801,17.01,0.8375,sample_Ca_10mM_0p50000-integrate_subtracted.dat,ok
55.86,1269.0,14.76,1269.0,14.8029,17.25,0.17,17.14,0.7945,sample_Ca_10mM_10000-integrate_subtracted.dat,ok
55.15,2821.0,26.45,2821.0,17.5147,17.81,0.1256,17.73,0.7884,sample_Ca_10mM_20000-integrate_subtracted.dat,ok
65.11,3168.0,25.24,3168.0,15.6374,17.41,0.1802,17.28,0.7103,sample_Ca_10mM_40000-integrate_subtracted.dat,ok
59.26,4948.0,39.17,4947.0,15.7676,17.31,0.14,17.18,0.7542,sample_Ca_10mM_430000-integrate_subtracted.dat,ok
61.29,5727.0,38.47,5726.0,14.5525,16.27,0.1572,16.17,0.746,sample_Ca_10mM_80000-integrate_subtracted.dat,ok
59.77,780.2,16.24,780.1,17.9952,19.51,0.2625,19.4,0.8517,sample_Ca_20mM_0p50000-integrate_subtracted.dat,ok
,,,,,,,,,sample_Ca_20mM_10000-integrate_subtracted.dat,autorg_failed
,,,,,,,,,sample_Ca_20mM_20000-integrate_subtracted.dat,autorg_failed
,,,,,,,,,sample_Ca_20mM_40000-integrate_subtracted.dat,autorg_failed
,,,,,,,,,sample_Ca_20mM_80000-integrate_subtracted.dat,autorg_failed
54.83,762.4,11.71,762.3,16.317,17.32,0.2127,17.22,0.8226,sample_Ca_2mM_0p50000-integrate_subtracted.dat,ok
51.53,1340.0,10.19,1340.0,15.9953,15.94,0.1043,15.84,0.7894,sample_Ca_2mM_10000-integrate_subtracted.dat,ok
46.08,2473.0,8.9,2473.0,14.5757,14.81,0.04399,14.75,0.6529,sample_Ca_2mM_20000-integrate_subtracted.dat,ok
78.61,4433.0,76.39,4433.0,13.39,13.03,0.7879,13.08,0.6947,sample_Ca_2mM_40000-integrate_subtracted.dat,ok
44.26,8191.0,26.6,8190.0,12.0328,12.87,0.04703,12.83,0.831,sample_Ca_2mM_80000-integrate_subtracted.dat,ok
60.15,634.8,12.36,634.7,18.2085,18.55,0.283,18.42,0.7877,sample_Ca_5mM_0p50000-integrate_subtracted.dat,ok
52.23,1112.0,9.65,1112.0,18.0167,16.7,0.1193,16.59,0.7768,sample_Ca_5mM_10000-integrate_subtracted.dat,ok
56.07,2153.0,15.97,2153.0,14.672,16.66,0.1142,16.56,0.7962,sample_Ca_5mM_20000-integrate_subtracted.dat,ok
52.09,3999.0,28.56,3998.0,15.5441,15.81,0.09952,15.71,0.597,sample_Ca_5mM_40000-integrate_subtracted.dat,ok
6.81,17.34,0.151,17.34,2.59383,2.401,0.01849,2.4,0.8851,sample_CleavedP15_CD_0p590000-integrate_subtracted.dat,ok
9.19,28.2,0.2336,28.2,2.64398,2.757,0.03901,2.753,0.5725,sample_CleavedP15_CD_0p770000-integrate_subtracted.dat,ok
7.76,30.26,0.1592,30.26,2.59611,2.525,0.01693,2.524,0.7953,sample_CleavedP15_CD_10000-integrate_subtracted.dat,ok
7.42,42.3,0.1977,42.3,2.45104,2.461,0.01027,2.46,0.7324,sample_CleavedP15_CD_1p30000-integrate_subtracted.dat,ok
,,,,,,,,,sample_ColPBS_0_3125mgml0000-integrate_subtracted.dat,autorg_failed
6.88,0.00115,6.102e-05,0.00115,1.29283,1.483,0.3218,1.482,0.5847,sample_ColPBS_0_625mgml0000-integrate_subtracted.dat,ok
4.1,0.001482,4.702e-05,0.001482,1.01548,1.089,0.08292,1.089,0.6708,sample_ColPBS_1_25mgml0000-integrate_subtracted.dat,ok
28.9,0.001903,0.0008214,0.001908,6.29935,10.64,10.83,9.845,0.6014,sample_ColPBS_2_5mgml0000-integrate_subtracted.dat,ok
22.02,0.004739,0.0004286,0.004739,10.1309,0.7698,2.807,0.1788,0.589,sample_ColPBS_5mgml0000-integrate_subtracted.dat,ok
3.93,0.0007528,3.556e-05,0.0007528,1.44171,1.439,0.07278,1.439,0.522,sample_ColW_0_625mgml0000-integrate_subtracted.dat,ok
3.43,0.001215,2.969e-05,0.001215,1.00132,0.9708,0.05174,0.9705,0.5305,sample_ColW_1_25mgml0000-integrate_subtracted.dat,ok
4.07,0.003404,3.27e-05,0.003404,1.00063,1.046,0.02667,1.046,0.6376,sample_ColW_2_5mgml0000-integrate_subtracted.dat,ok
12.57,0.005829,0.0001412,0.005829,5.06272,2.396,0.3365,2.348,0.6524,sample_ColW_5mgml0000-integrate_subtracted.dat,ok
8.52,3.211,0.08171,3.211,2.33032,2.307,0.1203,2.307,0.6132,sample_Control_100uMHaem0000-integrate_subtracted.dat,ok
5.94,6.898,0.0461,6.898,2.44747,2.239,0.01246,2.239,0.6837,sample_Control_200uMHaem0000-integrate_subtracted.dat,ok
6.03,35.94,0.06774,35.94,2.00545,2.035,0.005012,2.035,0.7761,sample_Control_2p020000-integrate_subtracted.dat,ok
6.94,53.76,0.08827,53.76,1.99604,2.045,0.0051,2.045,0.9029,sample_Control_3p030000-integrate_subtracted.dat,ok
6.31,74.86,0.09582,74.86,2.01999,2.061,0.003636,2.061,0.8083,sample_Control_3p50000-integrate_subtracted.dat,ok
10.82,16.64,0.09547,16.64,2.7252,3.087,0.02934,3.083,0.6378,sample_Control_400uMHaem0000-integrate_subtracted.dat,ok
6.7,87.19,0.1118,87.19,2.01729,2.028,0.004111,2.028,0.8468,sample_Control_4p2870000-integrate_subtracted.dat,ok
6.66,115.3,0.07836,115.3,2.00525,2.014,0.002031,2.014,0.7885,sample_Control_5p950000-integrate_subtracted.dat,ok
6.54,152.9,0.146,152.9,2.00638,2.028,0.002389,2.028,0.9625,sample_Control_7p470000-integrate_subtracted.dat,ok
25.5,671.9,1.747,671.8,7.33671,7.438,0.02506,7.396,0.7741,sample_Cp050000-integrate_subtracted.dat,ok
24.68,330.1,1.992,330.0,7.47255,7.553,0.04699,7.507,0.8017,sample_Cp05_20000-integrate_subtracted.dat,ok
29.28,188.9,2.497,188.8,8.29582,8.443,0.1227,8.379,0.7408,sample_Cp05_40000-integrate_subtracted.dat,ok
24.88,670.5,1.413,670.5,7.21948,7.429,0.01781,7.39,0.7927,sample_Cp0750000-integrate_subtracted.dat,ok
29.48,339.3,1.724,339.2,7.65407,7.948,0.05727,7.894,0.6986,sample_Cp075_20000-integrate_subtracted.dat,ok
26.46,182.7,1.02,182.6,7.96493,8.171,0.05322,8.119,0.7617,sample_Cp075_40000-integrate_subtracted.dat,ok
46.83,3124.0,17.58,3124.0,13.4711,13.95,0.0679,13.85,0.8008,sample_Cph1_Ninon0000-integrate_subtracted.dat,ok
67.15,2855.0,28.12,2855.0,13.0104,16.22,0.2657,16.07,0.6652,sample_Cph1_Pfr0000-integrate_subtracted.dat,ok
63.35,2244.0,29.63,2243.0,11.4371,15.12,0.3994,14.93,0.6643,sample_Cph1_Pr0000-integrate_subtracted.dat,ok
13.92,498.7,0.6745,498.6,6.01773,5.082,0.003917,5.08,0.598,sample_Cph1_gelfi0000-integrate_subtracted.dat,ok
,,,,,,,,,sample_Cph1_test0000-integrate_subtracted.dat,autorg_failed
,,,,,,,,,sample_Cpx_0p680000-integrate_subtracted.dat,autorg_failed
36.61,667.2,6.035,667.1,6.6094,8.424,0.1482,8.334,0.6718,sample_Cpx_1p350000-integrate_subtracted.dat,ok
44.13,1403.0,24.6,1403.0,7.33616,9.571,0.3409,9.446,0.6734,sample_Cpx_2p70000-integrate_subtracted.dat,ok
40.82,2733.0,23.91,2732.0,6.94868,9.066,0.1593,8.948,0.6663,sample_Cpx_5p40000-integrate_subtracted.dat,ok
3.54,7.458,0.05425,7.458,1.40247,1.342,0.009974,1.342,0.8253,sample_Cyt_100_0p60000-integrate_subtracted.dat,ok
3.5,114.9,0.1214,114.9,1.34476,1.304,0.001245,1.304,0.7114,sample_Cyt_100_100000-integrate_subtracted.dat,ok
3.71,14.65,0.05534,14.65,1.42677,1.376,0.005478,1.376,0.8653,sample_Cyt_100_1p20000-integrate_subtracted.dat,ok
4.1,28.89,0.08141,28.89,1.41439,1.389,0.004971,1.389,0.8493,sample_Cyt_100_2p50000-integrate_subtracted.dat,ok
4.66,57.77,0.1043,57.77,1.39133,1.369,0.003794,1.369,0.8715,sample_Cyt_100_50000-integrate_subtracted.dat,ok
4.46,10.52,0.08742,10.52,1.26768,1.442,0.02027,1.442,0.529,sample_Cyt_20_0p60000-integrate_subtracted.dat,ok
3.58,123.3,0.171,123.3,1.31236,1.297,0.001658,1.297,0.659,sample_Cyt_20_100000-integrate_subtracted.dat,ok
3.51,17.04,0.08085,17.04,1.39013,1.316,0.00676,1.316,0.6611,sample_Cyt_20_1p20000-integrate_subtracted.dat,ok
3.9,31.74,0.08004,31.74,1.36647,1.368,0.004456,1.368,0.8454,sample_Cyt_20_2p50000-integrate_subtracted.dat,ok
4.46,62.68,0.1836,62.68,1.34356,1.355,0.005635,1.355,0.8911,sample_Cyt_20_50000-integrate_subtracted.dat,ok
4.52,8.855,0.1054,8.855,1.36774,1.425,0.02521,1.424,0.6343,sample_Cyt_40_0p60000-integrate_subtracted.dat,ok
3.5,120.5,0.0956,120.5,1.3332,1.296,0.001064,1.296,0.6687,sample_Cyt_40_100000-integrate_subtracted.dat,ok
3.65,15.83,0.07746,15.83,1.4044,1.345,0.006572,1.345,0.706,sample_Cyt_40_1p20000-integrate_subtracted.dat,ok
3.61,32.04,0.1353,32.04,1.40414,1.344,0.005233,1.344,0.8362,sample_Cyt_40_2p50000-integrate_subtracted.dat,ok
4.55,61.77,0.1405,61.77,1.34956,1.362,0.005132,1.362,0.8533,sample_Cyt_40_50000-integrate_subtracted.dat,ok
4.6,8.815,0.07994,8.815,1.34221,1.418,0.02005,1.418,0.6048,sample_Cyt_60_0p60000-integrate_subtracted.dat,ok
3.61,117.6,0.09942,117.6,1.33816,1.308,0.00115,1.308,0.6833,sample_Cyt_60_100000-integrate_subtracted.dat,ok
3.7,15.98,0.05739,15.98,1.39727,1.352,0.00496,1.352,0.751,sample_Cyt_60_1p20000-integrate_subtracted.dat,ok
3.69,30.35,0.071,30.35,1.40548,1.364,0.003172,1.365,0.8691,sample_Cyt_60_2p50000-integrate_subtracted.dat,ok
4.53,60.55,0.1314,60.55,1.35321,1.363,0.003946,1.363,0.8992,sample_Cyt_60_50000-integrate_subtracted.dat,ok
3.98,7.659,0.08524,7.659,1.47517,1.41,0.01817,1.41,0.8246,sample_Cyt_80_0p60000-integrate_subtracted.dat,ok
3.34,113.4,0.09317,113.4,1.34688,1.304,0.0009328,1.304,0.6183,sample_Cyt_80_100000-integrate_subtracted.dat,ok
4.65,14.79,0.07464,14.79,1.44245,1.437,0.01084,1.437,0.7914,sample_Cyt_80_1p20000-integrate_subtracted.dat,ok
3.8,29.99,0.06529,29.99,1.41032,1.373,0.003035,1.373,0.8836,sample_Cyt_80_2p50000-integrate_subtracted.dat,ok
4.45,57.51,0.1058,57.51,1.37095,1.372,0.00426,1.372,0.8898,sample_Cyt_80_50000-integrate_subtracted.dat,ok
,,,,,,,,,sample_D0000-integrate_subtracted.dat,autorg_failed
34.05,0.007685,0.001249,0.007673,6.92906,10.99,1.961,10.31,0.5401,sample_D10000-integrate_subtracted.dat,ok
7.64,0.004846,8.67e-05,0.004856,2.04138,10.02,0.1037,9.528,0.1533,sample_D1Au0000-integrate_subtracted.dat,ok
27.78,0.01308,0.000814,0.01309,5.17139,2.203,1.839,0.6759,0.6092,sample_D1LAA0000-integrate_subtracted.dat,ok
31.87,0.313,0.001507,0.3129,5.29903,9.479,0.05614,9.331,0.5008,sample_D1NaCl0000-integrate_subtracted.dat,ok
,,,,,,,,,sample_D1NaClAu0000-integrate_subtracted.dat,autorg_failed
42.1,0.01438,0.002061,0.01437,7.16286,12.32,2.443,12.04,0.6105,sample_D20000-integrate_subtracted.dat,ok
36.2,0.01844,0.002183,0.01842,6.38054,13.8,0.7272,13.49,0.5748,sample_D2Au0000-integrate_subtracted.dat,ok
,,,,,,,,,sample_D2LAA0000-integrate_subtracted.dat,autorg_failed
9.76,0.1008,0.0001326,0.1008,1.62409,1.358,0.01421,1.365,0.6607,sample_D2NaCl0000-integrate_subtracted.dat,ok
,,,,,,,,,sample_D2NaClAu0000-integrate_subtracted.dat,autorg_failed
21.22,0.4147,0.0007284,0.4147,6.26063,6.304,0.01648,6.297,0.7761,sample_D30000-integrate_subtracted.dat,ok
27.27,0.6394,0.001487,0.6394,6.21188,6.79,0.03341,6.769,0.669,sample_D40000-integrate_subtracted.dat,ok
16.54,0.7928,0.0006194,0.7928,6.17645,5.921,0.003138,5.92,0.5953,sample_D50000-integrate_subtracted.dat,ok
47.48,3.745,0.03999,3.745,12.5401,13.8,0.1382,13.7,0.6912,sample_DA_100000-integrate_subtracted.dat,ok
,,,,,,,,,sample_DA_110000-integrate_subtracted.dat,autorg_failed
,,,,,,,,,sample_DA_120000-integrate_subtracted.dat,autorg_failed
74.2,4.764,0.1292,4.764,12.3422,19.5,0.4125,19.33,0.602,sample_DA_130000-integrate_subtracted.dat,ok
,,,,,,,,,sample_DA_140000-integrate_subtracted.dat,autorg_failed
,,,,,,,,,sample_DA_170000-integrate_subtracted.dat,autorg_failed
,,,,,,,,,sample_DA_180000-integrate_subtracted.dat,autorg_failed
,,,,,,,,,sample_DA_190000-integrate_subtracted.dat,autorg_failed
,,,,,,,,,sample_DA_20000-integrate_subtracted.dat,autorg_failed
,,,,,,,,,sample_DA_200000-integrate_subtracted.dat,autorg_failed
,,,,,,,,,sample_DA_210000-integrate_subtracted.dat,autorg_failed
,,,,,,,,,sample_DA_30000-integrate_subtracted.dat,autorg_failed
44.68,2.129,0.01572,2.129,12.0858,12.93,0.08777,12.83,0.7407,sample_DA_40000-integrate_subtracted.dat,ok
40.9,2.275,0.01286,2.275,10.4501,11.73,0.06404,11.63,0.7333,sample_DA_50000-integrate_subtracted.dat,ok
,,,,,,,,,sample_DA_60000-integrate_subtracted.dat,autorg_failed
42.01,1.87,0.01473,1.869,11.1598,13.17,0.07024,13.08,0.7474,sample_DA_70000-integrate_subtracted.dat,ok
,,,,,,,,,sample_DA_80000-integrate_subtracted.dat,autorg_failed
,,,,,,,,,sample_DDTT0000-integrate_subtracted.dat,autorg_failed
,,,,,,,,,sample_DDTT_00020000-integrate_subtracted.dat,autorg_failed
14.07,46.43,0.3001,46.43,4.77426,4.771,0.02896,4.765,0.7068,sample_DENV0p250000-integrate_subtracted.dat,ok
19.45,91.0,0.4973,91.0,4.69799,5.404,0.04606,5.389,0.6344,sample_DENV0p50000-integrate_subtracted.dat,ok
15.49,117.1,0.562,117.1,4.79997,4.89,0.02617,4.883,0.7154,sample_DENV0p750000-integrate_subtracted.dat,ok
19.96,143.1,0.5902,143.1,4.73973,5.123,0.03692,5.111,0.6925,sample_DENV1p00000-integrate_subtracted.dat,ok
8.96,24.81,0.1137,24.81,3.41571,3.237,0.01147,3.237,0.9063,sample_DHX9_core_0250000-integrate_subtracted.dat,ok
10.26,44.08,0.1631,44.08,3.15677,3.141,0.01801,3.141,0.8886,sample_DHX9_core_050000-integrate_subtracted.dat,ok
10.17,89.36,0.1854,89.36,3.18081,3.163,0.008115,3.164,0.9277,sample_DHX9_core_10000-integrate_subtracted.dat,ok
10.78,190.7,0.4466,190.7,3.29176,3.288,0.009496,3.288,0.8688,sample_DHX9_core_20000-integrate_subtracted.dat,ok
17.55,96.14,0.3686,96.14,6.21984,6.155,0.01988,6.152,0.8338,sample_DHX9d1_SL7_0250000-integrate_subtracted.dat,ok
21.11,208.5,0.5982,208.5,6.27264,6.327,0.02242,6.323,0.9399,sample_DHX9d1_SL7_050000-integrate_subtracted.dat,ok
22.08,436.8,0.7585,436.8,6.36234,6.444,0.0165,6.44,0.9063,sample_DHX9d1_SL7_10000-integrate_subtracted.dat,ok
24.96,954.6,1.484,954.6,6.45733,6.548,0.01946,6.543,0.7659,sample_DHX9d1_SL7_20000-integrate_subtracted.dat,ok
13.06,31.4,0.1728,31.4,4.3869,4.271,0.02358,4.269,0.8872,sample_DHX9d1_U12_0250000-integrate_subtracted.dat,ok
10.79,50.29,0.1491,50.29,3.72241,3.574,0.01075,3.573,0.748,sample_DHX9d1_U12_050000-integrate_subtracted.dat,ok
7.82,-304.1,0.4352,0.0,2.09823,6.292,0.001372,0.0,0.335,sample_DHX9d1_U12_10000-integrate_subtracted.dat,ok
6.65,109.4,0.2007,109.4,3.08297,2.554,0.002563,2.554,0.6114,sample_DHX9d1_U12_20000-integrate_subtracted.dat,ok
,,,,,,,,,sample_DHX9d1_apo_0250000-integrate_subtracted.dat,autorg_failed
11.63,53.61,0.2315,53.61,4.21761,3.936,0.01692,3.935,0.7634,sample_DHX9d1_apo_050000-integrate_subtracted.dat,ok
27.6,133.6,0.934,133.6,4.59523,6.063,0.1121,6.02,0.6835,sample_DHX9d1_apo_10000-integrate_subtracted.dat,ok
,,,,,,,,,sample_DHX9dG_ATP_0250000-integrate_subtracted.dat,autorg_failed
12.84,55.44,0.278,55.44,4.24725,4.198,0.02305,4.196,0.8669,sample_DHX9dG_ATP_050000-integrate_subtracted.dat,ok
24.14,304.9,0.9569,304.9,4.99034,6.063,0.03869,6.031,0.6207,sample_DHX9dG_ATP_20000-integrate_subtracted.dat,ok
16.53,67.48,0.2898,67.48,5.74828,5.541,0.02393,5.536,0.8583,sample_DHX9dG_ATP_SL7_0250000-integrate_subtracted.dat,ok
27.7,163.3,1.133,163.3,6.17337,7.397,0.08511,7.349,0.5734,sample_DHX9dG_ATP_SL7_050000-integrate_subtracted.dat,ok
78.98,1830.0,47.86,1830.0,13.7487,26.58,0.3531,26.44,0.5804,sample_DHX9dG_ATP_SL7_10000-integrate_subtracted.dat,ok
,,,,,,,,,sample_DHX9dG_ATP_SL7_20000-integrate_subtracted.dat,autorg_failed
,,,,,,,,,sample_DHX9dG_ATP_U10_0250000-integrate_subtracted.dat,autorg_failed
27.88,149.1,1.216,149.1,4.64192,5.878,0.1559,5.841,0.6896,sample_DHX9dG_ATP_U10_10000-integrate_subtracted.dat,ok
26.34,325.6,1.705,325.6,4.78347,6.127,0.07467,6.092,0.6733,sample_DHX9dG_ATP_U10_20000-integrate_subtracted.dat,ok
13.42,26.15,0.1548,26.15,4.17496,4.162,0.03484,4.16,0.8215,sample_DHX9dG_ATP_U12_0250000-integrate_subtracted.dat,ok
13.51,55.96,0.1569,55.96,4.24106,4.201,0.0156,4.199,0.7912,sample_DHX9dG_ATP_U12_050000-integrate_subtracted.dat,ok
26.38,136.3,0.6357,136.3,4.39207,5.515,0.08324,5.485,0.6268,sample_DHX9dG_ATP_U12_10000-integrate_subtracted.dat,ok
31.67,348.1,1.884,348.1,5.27214,7.594,0.09413,7.501,0.6109,sample_DHX9dG_ATP_U12_20000-integrate_subtracted.dat,ok
17.29,81.82,0.2852,81.82,5.9033,5.774,0.01977,5.768,0.8694,sample_DHX9dG_SL7_0250000-integrate_subtracted.dat,ok
20.5,180.3,0.6206,180.3,6.26263,6.392,0.02767,6.381,0.807,sample_DHX9dG_SL7_050000-integrate_subtracted.dat,ok
30.21,456.4,1.33,456.4,7.0434,7.657,0.04334,7.62,0.7366,sample_DHX9dG_SL7_10000-integrate_subtracted.dat,ok
11.35,28.2,0.1304,28.2,4.12668,3.89,0.01801,3.889,0.9052,sample_DHX9dG_U10_0250000-integrate_subtracted.dat,ok
11.13,58.85,0.2992,58.85,4.04715,3.896,0.01626,3.896,0.9106,sample_DHX9dG_U10_050000-integrate_subtracted.dat,ok
17.06,136.5,0.4791,136.5,4.35864,4.66,0.0292,4.652,0.6833,sample_DHX9dG_U10_10000-integrate_subtracted.dat,ok
29.97,336.1,1.444,336.1,5.0679,5.742,0.0861,5.714,0.6906,sample_DHX9dG_U10_20000-integrate_subtracted.dat,ok
11.1,25.96,0.1316,25.96,4.03731,3.8,0.01824,3.799,0.8976,sample_DHX9dG_U12_0250000-integrate_subtracted.dat,ok
13.4,58.19,0.2613,58.19,4.1619,4.121,0.02224,4.119,0.8317,sample_DHX9dG_U12_050000-integrate_subtracted.dat,ok
14.88,131.9,0.4706,131.9,4.38826,4.44,0.02123,4.435,0.7359,sample_DHX9dG_U12_10000-integrate_subtracted.dat,ok
13.09,62.87,0.2821,62.87,4.32957,4.223,0.02115,4.221,0.8611,sample_DHX9dG_apo_050000-integrate_subtracted.dat,ok
15.39,136.8,0.4608,136.8,4.37913,4.584,0.02123,4.579,0.7343,sample_DHX9dG_apo_1_0000-integrate_subtracted.dat,ok
22.94,3.064,0.00431,3.064,6.84398,8.776,0.005032,8.784,0.3833,sample_DMPC0000-integrate_subtracted.dat,ok
,,,,,,,,,sample_DMPC_10Chol0000-integrate_subtracted.dat,autorg_failed
47.59,307.3,7.473,307.3,13.0424,14.49,0.2546,14.46,0.9237,sample_DMPC_20000-integrate_subtracted.dat,ok
,,,,,,,,,sample_DMPC_20Chol0000-integrate_subtracted.dat,autorg_failed
,,,,,,,,,sample_DMPC_40Chol0000-integrate_subtracted.dat,autorg_failed
,,,,,,,,,sample_DMPC_40mgML0000-integrate_subtracted.dat,autorg_failed
,,,,,,,,,sample_DMPC_PG0000-integrate_subtracted.dat,autorg_failed
,,,,,,,,,sample_DMPC_PG_magainin1_1000000-integrate_subtracted.dat,autorg_failed
,,,,,,,,,sample_DMPC_PG_magainin1_2000000-integrate_subtracted.dat,autorg_failed
,,,,,,,,,sample_DMPC_PG_magainin1_250000-integrate_subtracted.dat,autorg_failed
,,,,,,,,,sample_DMPC_PG_magainin1_500000-integrate_subtracted.dat,autorg_failed
,,,,,,,,,sample_DMPC_PG_mellitin1_1000000-integrate_subtracted.dat,autorg_failed
,,,,,,,,,sample_DMPC_PG_mellitin1_2000000-integrate_subtracted.dat,autorg_failed
,,,,,,,,,sample_DMPC_PG_mellitin1_250000-integrate_subtracted.dat,autorg_failed
,,,,,,,,,sample_DMPC_PG_mellitin1_500000-integrate_subtracted.dat,autorg_failed
5.61,34.86,0.1168,34.86,2.07996,2.031,0.006296,2.031,0.8315,sample_DNA2TEL0000-integrate_subtracted.dat,ok
12.12,83.8,0.4942,83.8,4.40779,4.253,0.0204,4.247,0.7737,sample_DNA75G42C0000-integrate_subtracted.dat,ok
13.47,96.92,0.4921,96.92,4.57296,4.527,0.02346,4.517,0.6725,sample_DNA75mut42C0000-integrate_subtracted.dat,ok
4.63,20.22,0.1112,20.22,1.51698,1.531,0.01223,1.531,0.8329,sample_DNA_33C0000-integrate_subtracted.dat,ok
4.31,54.96,0.1056,54.96,1.3272,1.368,0.003808,1.368,0.7952,sample_DNA_pH70000-integrate_subtracted.dat,ok
,,,,,,,,,sample_DPPC0000-integrate_subtracted.dat,autorg_failed
,,,,,,,,,sample_DPPC_30mgML0000-integrate_subtracted.dat,autorg_failed
7.19,135.0,0.1654,135.0,2.63676,2.596,0.002389,2.597,0.6117,sample_DSRed0000-integrate_subtracted.dat,ok
,,,,,,,,,sample_DSRed_20000-integrate_subtracted.dat,autorg_failed
23.81,65.12,0.4388,65.11,3.96238,5.133,0.1006,5.109,0.5842,sample_DTX_1B0000-integrate_subtracted.dat,ok
15.32,133.4,0.2888,133.4,4.209,4.376,0.01453,4.37,0.754,sample_DTX_2B0000-integrate_subtracted.dat,ok
18.74,337.8,0.6285,337.8,4.4499,4.908,0.01823,4.898,0.6651,sample_DTX_3B0000-integrate_subtracted.dat,ok
24.46,0.001531,0.0002865,0.001531,8.26153,9.897,1.25,9.814,0.3582,sample_DVLEa0000-integrate_subtracted.dat,ok
,,,,,,,,,sample_D_00020000-integrate_subtracted.dat,autorg_failed
16.11,0.04818,0.0001923,0.04818,4.92142,5.068,0.02433,5.067,0.9403,sample_D_0p630000-integrate_subtracted.dat,ok
14.04,0.9374,0.0003576,0.9374,4.23898,4.597,0.001577,4.596,0.6308,sample_D_100000-integrate_subtracted.dat,ok
17.1,0.2017,0.0003033,0.2017,4.81231,4.859,0.01203,4.86,0.8336,sample_D_1p250000-integrate_subtracted.dat,ok
12.93,1.493,0.0005026,1.493,3.91305,4.238,0.001243,4.237,0.6242,sample_D_200000-integrate_subtracted.dat,ok
20.44,0.3093,0.0003974,0.3093,4.70479,4.45,0.01934,4.463,0.6515,sample_D_2p50000-integrate_subtracted.dat,ok
20.73,0.4291,0.0005007,0.4291,4.56645,4.152,0.01848,4.172,0.6921,sample_D_3p750000-integrate_subtracted.dat,ok
22.62,0.4609,0.0005359,0.4609,4.55893,3.831,0.02202,3.868,0.655,sample_D_50000-integrate_subtracted.dat,ok
13.91,0.8935,0.0003784,0.8935,4.24886,4.603,0.001636,4.602,0.6298,sample_D_6p250000-integrate_subtracted.dat,ok
22.41,0.6628,0.00113,0.6628,4.37353,2.97,0.04145,3.045,0.6474,sample_D_7p50000-integrate_subtracted.dat,ok
16.37,0.04636,0.0001573,0.04636,5.04373,5.089,0.01982,5.087,0.9393,sample_D_PS_0p630000-integrate_subtracted.dat,ok
13.97,0.9032,0.0003457,0.9032,4.10906,4.574,0.001421,4.573,0.6322,sample_D_PS_100000-integrate_subtracted.dat,ok
15.45,0.1046,0.0001952,0.1046,4.9064,4.999,0.01085,4.998,0.9416,sample_D_PS_1p250000-integrate_subtracted.dat,ok
12.91,1.452,0.0003534,1.452,3.46519,4.218,0.0007706,4.217,0.6274,sample_D_PS_200000-integrate_subtracted.dat,ok
18.38,0.2522,0.0003096,0.2523,4.75249,4.708,0.01194,4.712,0.7863,sample_D_PS_2p50000-integrate_subtracted.dat,ok
23.94,0.3409,0.0006653,0.3409,4.66826,4.244,0.03785,4.266,0.5893,sample_D_PS_3p750000-integrate_subtracted.dat,ok
22.1,0.4602,0.0004519,0.4602,4.42014,3.897,0.01917,3.928,0.662,sample_D_PS_50000-integrate_subtracted.dat,ok
26.3,0.5422,0.001074,0.5422,4.47902,3.395,0.0595,3.456,0.6233,sample_D_PS_6p250000-integrate_subtracted.dat,ok
14.28,0.6926,0.0002879,0.6926,4.42657,4.685,0.001741,4.684,0.6385,sample_D_PS_7p50000-integrate_subtracted.dat,ok
15.87,0.0643,0.0001674,0.0643,4.96512,4.993,0.01828,4.992,0.9352,sample_D_highN_0p630000-integrate_subtracted.dat,ok
25.56,1.06,0.001683,1.06,5.20251,5.628,0.02355,5.609,0.713,sample_D_highN_100000-integrate_subtracted.dat,ok
15.28,0.2983,0.0002966,0.2983,5.05264,5.063,0.005578,5.061,0.8815,sample_D_highN_1p250000-integrate_subtracted.dat,ok
30.33,2.157,0.002416,2.157,5.55323,6.137,0.02225,6.102,0.6956,sample_D_highN_200000-integrate_subtracted.dat,ok
16.77,0.3883,0.0003426,0.3883,5.04995,5.106,0.0068,5.104,0.8521,sample_D_highN_2p50000-integrate_subtracted.dat,ok
26.88,0.6091,0.0006898,0.6091,5.15713,5.465,0.02114,5.449,0.7051,sample_D_highN_3p750000-integrate_subtracted.dat,ok
22.31,0.6266,0.0006508,0.6266,5.0898,5.34,0.01311,5.33,0.7173,sample_D_highN_50000-integrate_subtracted.dat,ok
22.63,0.7084,0.0007748,0.7084,5.15533,5.396,0.01235,5.385,0.7234,sample_D_highN_6p250000-integrate_subtracted.dat,ok
22.69,0.8572,0.0007603,0.8572,5.14176,5.442,0.01157,5.431,0.7085,sample_D_highN_7p50000-integrate_subtracted.dat,ok
14.17,0.09558,0.0003085,0.09558,5.05303,5.055,0.01562,5.054,0.7757,sample_D_highS_0p630000-integrate_subtracted.dat,ok
25.38,0.5166,0.001227,0.5167,4.22907,2.329,0.09895,2.449,0.6315,sample_D_highS_100000-integrate_subtracted.dat,ok
15.66,0.17,0.0003501,0.17,4.86122,4.924,0.01415,4.924,0.8807,sample_D_highS_1p250000-integrate_subtracted.dat,ok
12.93,0.9476,0.0003343,0.9476,3.55174,4.249,0.001246,4.248,0.624,sample_D_highS_200000-integrate_subtracted.dat,ok
14.24,0.1989,0.0003221,0.1989,4.78441,4.913,0.009014,4.912,0.909,sample_D_highS_2p50000-integrate_subtracted.dat,ok
20.08,0.2482,0.0007471,0.2482,4.65699,4.514,0.04002,4.524,0.6774,sample_D_highS_3p750000-integrate_subtracted.dat,ok
24.36,0.3255,0.0008913,0.3255,4.40889,3.915,0.05878,3.949,0.7155,sample_D_highS_50000-integrate_subtracted.dat,ok
24.98,0.374,0.0008282,0.374,4.15758,3.569,0.06028,3.616,0.6064,sample_D_highS_6p250000-integrate_subtracted.dat,ok
23.7,0.4301,0.0008174,0.4301,4.13506,3.385,0.05034,3.439,0.712,sample_D_highS_7p50000-integrate_subtracted.dat,ok
14.28,0.1251,0.0002012,0.1251,5.05955,4.999,0.007479,4.998,0.902,sample_D_lowN_0p630000-integrate_subtracted.dat,ok
15.3,0.9338,0.0004836,0.9338,4.88257,4.919,0.003105,4.917,0.6854,sample_D_lowN_100000-integrate_subtracted.dat,ok
16.67,0.1719,0.0002281,0.1719,5.01875,5.054,0.009714,5.052,0.9283,sample_D_lowN_1p250000-integrate_subtracted.dat,ok
21.34,1.715,0.000884,1.715,4.73188,4.759,0.00634,4.758,0.6491,sample_D_lowN_200000-integrate_subtracted.dat,ok
14.51,0.2692,0.0002193,0.2692,5.00569,5.005,0.003525,5.004,0.9001,sample_D_lowN_2p50000-integrate_subtracted.dat,ok
17.14,0.4662,0.0003338,0.4662,4.92826,4.984,0.006586,4.982,0.8439,sample_D_lowN_3p750000-integrate_subtracted.dat,ok
17.74,0.4882,0.0003484,0.4882,4.98357,4.979,0.006115,4.978,0.9011,sample_D_lowN_50000-integrate_subtracted.dat,ok
17.2,0.5965,0.0003312,0.5965,4.92584,4.959,0.004431,4.958,0.9137,sample_D_lowN_6p250000-integrate_subtracted.dat,ok
14.4,0.7056,0.0003759,0.7056,4.91754,4.945,0.002821,4.944,0.8957,sample_D_lowN_7p50000-integrate_subtracted.dat,ok
16.49,0.04873,0.0002396,0.04873,4.97929,5.157,0.02748,5.155,0.7358,sample_D_lowS_0p630000-integrate_subtracted.dat,ok
21.84,0.6625,0.0007243,0.6625,3.74212,1.662,0.05358,1.848,0.6405,sample_D_lowS_100000-integrate_subtracted.dat,ok
18.26,0.2234,0.0003956,0.2234,4.77733,4.766,0.01667,4.77,0.7836,sample_D_lowS_1p250000-integrate_subtracted.dat,ok
12.59,1.239,0.0005146,1.239,3.40567,4.142,0.001485,4.141,0.6243,sample_D_lowS_200000-integrate_subtracted.dat,ok
20.0,0.3028,0.0005193,0.3028,4.53106,4.42,0.02187,4.432,0.6742,sample_D_lowS_2p50000-integrate_subtracted.dat,ok
18.38,0.3376,0.0007107,0.3376,4.5268,4.433,0.0227,4.442,0.7469,sample_D_lowS_3p750000-integrate_subtracted.dat,ok
21.47,0.5737,0.0008316,0.5737,3.99152,2.761,0.03994,2.845,0.6543,sample_D_lowS_50000-integrate_subtracted.dat,ok
25.83,0.4863,0.001094,0.4864,4.29276,3.166,0.07453,3.238,0.6913,sample_D_lowS_6p250000-integrate_subtracted.dat,ok
25.79,0.5548,0.0007054,0.5548,4.36127,2.754,0.05086,2.847,0.6509,sample_D_lowS_7p50000-integrate_subtracted.dat,ok
4.09,2.451,0.08234,2.451,1.5149,1.49,0.0494,1.49,0.8056,sample_Dab20000-integrate_subtracted.dat,ok
7.58,5.463,0.08681,5.463,1.44407,1.601,0.09627,1.6,0.6127,sample_Dab2_00020000-integrate_subtracted.dat,ok
40.28,17.77,2.441,17.8,8.10179,12.34,3.28,11.53,0.5864,sample_Dab2_00030000-integrate_subtracted.dat,ok
,,,,,,,,,sample_Dab2_00040000-integrate_subtracted.dat,autorg_failed
38.67,41.04,2.135,41.04,7.52529,2.511,2.258,2.374,0.5977,sample_Dab2_00050000-integrate_subtracted.dat,ok
3.5,0.001257,2.968e-05,0.001257,1.38651,1.258,0.03389,1.258,0.5705,sample_DaptPBS_0_3125mgml0000-integrate_subtracted.dat,ok
4.73,0.002764,5.304e-05,0.002764,1.4446,1.503,0.04171,1.502,0.6494,sample_DaptPBS_0_625mgml0000-integrate_subtracted.dat,ok
5.13,0.007536,8.837e-05,0.007536,1.654,1.72,0.02317,1.719,0.7114,sample_DaptPBS_1_25mgml0000-integrate_subtracted.dat,ok
3.33,0.004938,4.799e-05,0.004938,1.00377,1.008,0.01857,1.008,0.6361,sample_DaptPBS_2_5mgml0000-integrate_subtracted.dat,ok
6.02,0.06896,0.000127,0.06896,2.08822,2.11,0.002993,2.11,0.9545,sample_DaptPBS_5mgml0000-integrate_subtracted.dat,ok
3.28,0.0008528,3.862e-05,0.0008528,1.08558,1.076,0.07177,1.076,0.6268,sample_DaptW_0_3125mgml0000-integrate_subtracted.dat,ok
7.45,0.00135,7.485e-05,0.00135,3.72437,1.708,0.3583,1.692,0.5889,sample_DaptW_0_625mgml0000-integrate_subtracted.dat,ok
15.54,0.001421,0.000227,0.001422,6.21828,5.364,1.926,5.193,0.4365,sample_DaptW_1_25mgml0000-integrate_subtracted.dat,ok
5.27,0.0286,6.241e-05,0.0286,2.00712,1.989,0.003739,1.989,0.6402,sample_DaptW_2_5mgml0000-integrate_subtracted.dat,ok
5.2,0.1183,8.984e-05,0.1183,2.16934,2.079,0.00091,2.079,0.6285,sample_DaptW_5mgml0000-integrate_subtracted.dat,ok
6.02,0.1585,0.0001375,0.1585,1.6717,1.76,0.002464,1.759,0.7199,sample_E00000-integrate_subtracted.dat,ok
,,,,,,,,,sample_E10000-integrate_subtracted.dat,autorg_failed
,,,,,,,,,sample_E20000-integrate_subtracted.dat,autorg_failed
,,,,,,,,,sample_E30000-integrate_subtracted.dat,autorg_failed
30.88,481.8,1.649,481.7,9.109,9.261,0.0342,9.208,0.8194,sample_E35AH0000-integrate_subtracted.dat,ok
15.74,1533.0,1.413,1533.0,4.84412,4.998,0.005957,4.993,0.8,sample_E35BH0000-integrate_subtracted.dat,ok
,,,,,,,,,sample_E36AH0000-integrate_subtracted.dat,autorg_failed
,,,,,,,,,sample_E36BH0000-integrate_subtracted.dat,autorg_failed
56.31,488.1,18.84,488.0,13.3716,18.52,0.3975,18.39,0.7836,sample_E37AH0000-integrate_subtracted.dat,ok
54.7,1200.0,19.35,1200.0,9.80853,16.38,0.2137,16.21,0.6218,sample_E37BH0000-integrate_subtracted.dat,ok
25.21,6075.0,5.373,6075.0,7.00045,7.855,0.006211,7.847,0.6549,sample_E38AH0000-integrate_subtracted.dat,ok
9.71,405.5,0.3809,405.5,3.15978,3.134,0.002607,3.134,0.6656,sample_E38BH0000-integrate_subtracted.dat,ok
,,,,,,,,,sample_E40000-integrate_subtracted.dat,autorg_failed
,,,,,,,,,sample_E50000-integrate_subtracted.dat,autorg_failed
,,,,,,,,,sample_E60000-integrate_subtracted.dat,autorg_failed
,,,,,,,,,sample_E70000-integrate_subtracted.dat,autorg_failed
,,,,,,,,,sample_E80000-integrate_subtracted.dat,autorg_failed
45.54,12850.0,33.85,12850.0,13.4342,13.48,0.03503,13.5,0.9134,sample_EB_480000-integrate_subtracted.dat,ok
48.37,12810.0,53.05,12810.0,13.6124,13.93,0.05791,13.93,0.9175,sample_EB_48_10mM0000-integrate_subtracted.dat,ok
44.22,9102.0,31.53,9102.0,13.313,13.51,0.0368,13.52,0.9416,sample_EB_48_25mM0000-integrate_subtracted.dat,ok
46.62,13690.0,33.82,13690.0,13.7526,13.95,0.03109,13.96,0.8898,sample_EB_48_5mM0000-integrate_subtracted.dat,ok
21.91,0.01427,0.0001965,0.01428,3.67575,9.647,0.03215,9.701,0.4061,sample_ECR0150000-integrate_subtracted.dat,ok
,,,,,,,,,sample_ECR030000-integrate_subtracted.dat,autorg_failed
7.96,0.02859,8.835e-05,0.02881,3.74597,4.504,0.01602,6.324,0.3053,sample_ECR03_00020000-integrate_subtracted.dat,ok
,,,,,,,,,sample_ECR050000-integrate_subtracted.dat,autorg_failed
,,,,,,,,,sample_ECR0750000-integrate_subtracted.dat,autorg_failed
5.93,0.03514,0.0001126,0.03508,2.96733,3.652,0.008229,3.702,0.2318,sample_ECR075_00020000-integrate_subtracted.dat,ok
,,,,,,,,,sample_ECR10000-integrate_subtracted.dat,autorg_failed
,,,,,,,,,sample_ECR1_00020000-integrate_subtracted.dat,autorg_failed
5.53,0.01188,9.264e-05,0.01135,1.00941,4.406,0.01151,6.394,0.29,sample_ECR20000-integrate_subtracted.dat,ok
3.76,0.01184,0.000229,0.009861,1.68161,3.359,0.01574,12.03,0.2834,sample_ECR40000-integrate_subtracted.dat,ok
9.27,0.006336,0.0001304,0.006336,1.6592,1.855,0.1456,1.854,0.635,sample_EG10000-integrate_subtracted.dat,ok
6.69,0.01068,7.816e-05,0.01067,2.47915,2.284,0.0173,2.283,0.6201,sample_EG100000-integrate_subtracted.dat,ok
60.85,0.03159,0.008341,0.03159,10.5127,16.01,3.827,15.94,0.6658,sample_EG110000-integrate_subtracted.dat,ok
7.77,0.005574,0.0001051,0.005574,2.57071,2.591,0.0592,2.587,0.5762,sample_EG120000-integrate_subtracted.dat,ok
14.65,0.07818,0.0001947,0.07818,4.06899,4.241,0.01656,4.232,0.8044,sample_EG130000-integrate_subtracted.dat,ok
13.78,0.05758,0.0003532,0.05757,4.11541,4.187,0.03537,4.179,0.8218,sample_EG140000-integrate_subtracted.dat,ok
16.0,0.04249,0.0002636,0.04249,4.18668,4.671,0.04618,4.65,0.6989,sample_EG150000-integrate_subtracted.dat,ok
7.41,0.01052,4.792e-05,0.01052,2.33096,2.504,0.0113,2.504,0.4725,sample_EG160000-integrate_subtracted.dat,ok
22.57,0.1241,0.0003193,0.1241,3.83829,4.577,0.03963,4.561,0.6662,sample_EG170000-integrate_subtracted.dat,ok
23.49,0.1085,0.0003553,0.1085,3.91033,4.703,0.05125,4.683,0.6429,sample_EG180000-integrate_subtracted.dat,ok
22.84,0.09481,0.0003232,0.0948,3.80562,4.49,0.05481,4.476,0.6776,sample_EG190000-integrate_subtracted.dat,ok
4.74,0.004156,4.592e-05,0.004156,1.72471,1.648,0.02085,1.647,0.7121,sample_EG20000-integrate_subtracted.dat,ok
22.89,0.06509,0.0002956,0.06509,3.87153,4.825,0.06261,4.805,0.6446,sample_EG200000-integrate_subtracted.dat,ok
9.19,0.134,7.802e-05,0.134,3.87112,3.321,0.001291,3.321,0.6019,sample_EG210000-integrate_subtracted.dat,ok
9.15,0.1183,6.973e-05,0.1183,3.58329,3.325,0.001226,3.325,0.6017,sample_EG220000-integrate_subtracted.dat,ok
21.69,0.1179,0.0003476,0.1179,3.63714,4.874,0.04402,4.853,0.6123,sample_EG230000-integrate_subtracted.dat,ok
23.15,0.08005,0.0003509,0.08005,3.88954,5.012,0.06232,4.988,0.6384,sample_EG240000-integrate_subtracted.dat,ok
8.11,0.01452,5.872e-05,0.01452,2.49684,2.621,0.01383,2.621,0.5756,sample_EG250000-integrate_subtracted.dat,ok
8.0,0.01274,5.02e-05,0.01274,2.50274,2.594,0.01199,2.594,0.7372,sample_EG260000-integrate_subtracted.dat,ok
7.07,0.01039,5.285e-05,0.01039,2.56314,2.41,0.01069,2.41,0.7691,sample_EG270000-integrate_subtracted.dat,ok
8.09,0.007286,4.771e-05,0.007286,2.50938,2.618,0.01882,2.617,0.7823,sample_EG280000-integrate_subtracted.dat,ok
7.48,0.02249,4.95e-05,0.02249,1.71123,2.285,0.007969,2.284,0.3641,sample_EG290000-integrate_subtracted.dat,ok
6.38,0.00266,9.042e-05,0.00266,1.25329,1.236,0.22,1.236,0.6106,sample_EG30000-integrate_subtracted.dat,ok
8.46,0.0204,5.931e-05,0.0204,1.73031,2.444,0.01332,2.443,0.3762,sample_EG300000-integrate_subtracted.dat,ok
10.62,0.01804,7.978e-05,0.01804,1.76786,2.841,0.02874,2.837,0.4802,sample_EG310000-integrate_subtracted.dat,ok
10.92,0.01271,7.296e-05,0.01271,1.81754,2.906,0.0395,2.902,0.4728,sample_EG320000-integrate_subtracted.dat,ok
20.52,0.1186,0.0003888,0.1186,3.817,4.559,0.04209,4.545,0.6223,sample_EG330000-integrate_subtracted.dat,ok
9.24,0.0915,9.337e-05,0.0915,3.85065,3.347,0.00208,3.347,0.602,sample_EG340000-integrate_subtracted.dat,ok
23.45,0.08588,0.000297,0.08588,3.90453,4.699,0.06024,4.68,0.619,sample_EG350000-integrate_subtracted.dat,ok
14.25,0.05609,0.0002176,0.05609,3.82444,4.011,0.02483,4.007,0.6608,sample_EG360000-integrate_subtracted.dat,ok
23.07,0.1392,0.000348,0.1392,3.83696,4.741,0.04098,4.72,0.6182,sample_EG370000-integrate_subtracted.dat,ok
9.28,0.1064,8.316e-05,0.1064,3.79285,3.302,0.002002,3.301,0.5947,sample_EG380000-integrate_subtracted.dat,ok
14.03,0.09966,0.00022,0.09966,3.88104,3.908,0.01483,3.904,0.7062,sample_EG390000-integrate_subtracted.dat,ok
21.61,0.336,0.00101,0.336,6.00197,6.306,0.02464,6.269,0.7371,sample_EG40000-integrate_subtracted.dat,ok
16.7,0.07126,0.0002463,0.07126,3.63531,4.208,0.0346,4.2,0.6388,sample_EG400000-integrate_subtracted.dat,ok
7.09,0.01007,4.115e-05,0.01007,1.84204,2.304,0.01131,2.303,0.4165,sample_EG410000-integrate_subtracted.dat,ok
7.9,0.008276,5.168e-05,0.008276,1.84222,2.356,0.02554,2.355,0.5723,sample_EG420000-integrate_subtracted.dat,ok
7.57,0.006772,4.077e-05,0.006772,1.78171,2.208,0.02127,2.207,0.5756,sample_EG430000-integrate_subtracted.dat,ok
5.89,0.00446,4.146e-05,0.00446,1.88043,1.96,0.02102,1.96,0.6673,sample_EG440000-integrate_subtracted.dat,ok
5.74,0.01039,5.423e-05,0.01039,1.98404,1.927,0.01117,1.927,0.7303,sample_EG490000-integrate_subtracted.dat,ok
33.69,0.2454,0.002151,0.2454,6.14194,7.136,0.1451,7.073,0.6847,sample_EG50000-integrate_subtracted.dat,ok
5.02,0.00764,4.958e-05,0.00764,1.99025,1.809,0.01225,1.809,0.8877,sample_EG500000-integrate_subtracted.dat,ok
5.11,0.006433,4.134e-05,0.006433,2.09031,1.86,0.01119,1.86,0.8644,sample_EG510000-integrate_subtracted.dat,ok
4.66,0.005038,3.62e-05,0.005038,1.99947,1.75,0.01094,1.75,0.7174,sample_EG520000-integrate_subtracted.dat,ok
,,,,,,,,,sample_EG530000-integrate_subtracted.dat,autorg_failed
6.76,0.01036,5.766e-05,0.01036,2.01574,2.172,0.01564,2.172,0.6405,sample_EG540000-integrate_subtracted.dat,ok
5.69,0.008165,5.856e-05,0.008165,1.94215,1.982,0.01554,1.982,0.8023,sample_EG550000-integrate_subtracted.dat,ok
5.35,0.006076,6.893e-05,0.006076,2.13661,1.957,0.02077,1.957,0.6993,sample_EG560000-integrate_subtracted.dat,ok
20.44,0.1699,0.0006931,0.1699,6.02929,6.171,0.03108,6.139,0.7755,sample_EG60000-integrate_subtracted.dat,ok
13.3,0.1142,0.0003524,0.1142,4.00506,4.023,0.01686,4.015,0.7791,sample_EG70000-integrate_subtracted.dat,ok
11.81,0.08223,0.0003433,0.08223,3.90588,3.782,0.0194,3.777,0.8551,sample_EG80000-integrate_subtracted.dat,ok
,,,,,,,,,sample_EG90000-integrate_subtracted.dat,autorg_failed
5.18,5.723,0.1127,5.723,1.93293,1.824,0.03951,1.823,0.7928,sample_EH10000-integrate_subtracted.dat,ok
5.84,9.953,0.09319,9.953,2.45445,2.25,0.01471,2.25,0.7998,sample_EH120000-integrate_subtracted.dat,ok
8.01,15.02,0.1023,15.02,2.62414,2.633,0.02059,2.631,0.7672,sample_EH1230000-integrate_subtracted.dat,ok
7.9,28.49,0.1091,28.49,2.7261,2.685,0.009318,2.684,0.8721,sample_EH123_00020000-integrate_subtracted.dat,ok
8.33,44.65,0.1041,44.65,2.84467,2.838,0.007056,2.836,0.853,sample_EH123_00030000-integrate_subtracted.dat,ok
8.42,59.54,0.1532,59.54,2.82973,2.837,0.007461,2.836,0.8016,sample_EH123_00040000-integrate_subtracted.dat,ok
8.68,86.86,0.1714,86.86,2.86397,2.867,0.006532,2.866,0.7333,sample_EH123_00050000-integrate_subtracted.dat,ok
7.06,21.52,0.1051,21.52,2.39613,2.412,0.0135,2.411,0.7681,sample_EH12_00020000-integrate_subtracted.dat,ok
7.57,29.5,0.1157,29.5,2.50273,2.524,0.0116,2.523,0.7775,sample_EH12_00030000-integrate_subtracted.dat,ok
8.13,41.07,0.08028,41.07,2.53097,2.608,0.006915,2.607,0.7878,sample_EH12_00040000-integrate_subtracted.dat,ok
7.79,62.99,0.1084,62.99,2.53749,2.601,0.004997,2.6,0.7999,sample_EH12_00050000-integrate_subtracted.dat,ok
28.3,28.37,0.7593,28.36,4.71229,6.426,0.3946,6.351,0.6834,sample_EH1320000-integrate_subtracted.dat,ok
15.37,44.94,0.2706,44.93,5.00456,4.942,0.03611,4.922,0.6337,sample_EH132_00020000-integrate_subtracted.dat,ok
22.04,128.2,0.4099,128.2,4.29727,5.002,0.04253,4.938,0.6607,sample_EH132_00030000-integrate_subtracted.dat,ok
18.03,97.64,0.4687,97.63,3.53155,4.36,0.05494,4.317,0.6166,sample_EH132_00040000-integrate_subtracted.dat,ok
26.67,199.1,1.047,199.1,4.77489,5.471,0.08823,5.414,0.6597,sample_EH132_00050000-integrate_subtracted.dat,ok
5.27,11.9,0.06813,11.9,1.77047,1.774,0.01155,1.773,0.6927,sample_EH1_00020000-integrate_subtracted.dat,ok
6.09,36.43,0.08186,36.43,1.94969,1.971,0.006345,1.97,0.7331,sample_EH1_00030000-integrate_subtracted.dat,ok
4.13,5.649,0.05326,5.649,1.51609,1.485,0.0171,1.485,0.8382,sample_EH20000-integrate_subtracted.dat,ok
9.47,14.68,0.1319,14.68,2.94054,2.957,0.03479,2.953,0.6635,sample_EH2130000-integrate_subtracted.dat,ok
9.54,28.4,0.1225,28.4,3.07545,3.109,0.01614,3.105,0.7605,sample_EH213_00020000-integrate_subtracted.dat,ok
9.09,41.63,0.2324,41.63,3.02926,3.046,0.01846,3.044,0.7483,sample_EH213_00030000-integrate_subtracted.dat,ok
9.49,56.34,0.1769,56.34,3.09078,3.154,0.01195,3.151,0.7792,sample_EH213_00040000-integrate_subtracted.dat,ok
9.64,86.93,0.1682,86.93,3.13845,3.171,0.006177,3.168,0.8017,sample_EH213_00050000-integrate_subtracted.dat,ok
6.37,9.773,0.09551,9.773,1.97557,2.041,0.02364,2.04,0.7016,sample_EH230000-integrate_subtracted.dat,ok
6.24,13.2,0.1125,13.2,2.58209,2.452,0.01464,2.453,0.8288,sample_EH2310000-integrate_subtracted.dat,ok
8.32,28.13,0.1269,28.13,2.67901,2.672,0.01264,2.671,0.8642,sample_EH231_00020000-integrate_subtracted.dat,ok
8.81,43.8,0.1822,43.8,2.70967,2.744,0.01633,2.743,0.8402,sample_EH231_00030000-integrate_subtracted.dat,ok
8.13,58.34,0.1218,58.34,2.70912,2.731,0.006092,2.73,0.883,sample_EH231_00040000-integrate_subtracted.dat,ok
8.54,88.65,0.1729,88.65,2.78099,2.799,0.006736,2.798,0.8252,sample_EH231_00050000-integrate_subtracted.dat,ok
5.71,17.13,0.107,17.13,2.07525,2.059,0.01033,2.059,0.8612,sample_EH23_00020000-integrate_subtracted.dat,ok
6.04,26.77,0.08838,26.77,2.13888,2.122,0.007666,2.122,0.8695,sample_EH23_00030000-integrate_subtracted.dat,ok
6.49,35.35,0.08602,35.35,2.18148,2.208,0.00551,2.207,0.8672,sample_EH23_00040000-integrate_subtracted.dat,ok
6.34,48.92,0.08695,48.92,2.18546,2.206,0.00452,2.206,0.8455,sample_EH23_00050000-integrate_subtracted.dat,ok
4.1,11.25,0.07105,11.25,1.47929,1.466,0.009633,1.466,0.7507,sample_EH2_00020000-integrate_subtracted.dat,ok
3.74,15.91,0.05116,15.91,1.49685,1.427,0.004246,1.427,0.7556,sample_EH2_00030000-integrate_subtracted.dat,ok
4.38,21.65,0.06544,21.65,1.51073,1.486,0.006391,1.486,0.7506,sample_EH2_00040000-integrate_subtracted.dat,ok
5.41,31.42,0.09363,31.42,1.59086,1.606,0.008217,1.605,0.7808,sample_EH2_00050000-integrate_subtracted.dat,ok
4.88,32.97,0.07304,32.97,1.64011,1.617,0.004377,1.617,0.6524,sample_EH30000-integrate_subtracted.dat,ok
7.74,13.82,0.1076,13.82,2.81456,2.689,0.01855,2.688,0.8497,sample_EH3120000-integrate_subtracted.dat,ok
9.24,29.58,0.1168,29.58,3.00877,3.011,0.01223,3.008,0.7737,sample_EH312_00020000-integrate_subtracted.dat,ok
9.13,42.66,0.1293,42.66,3.04304,3.048,0.009001,3.046,0.8276,sample_EH312_00030000-integrate_subtracted.dat,ok
10.36,58.76,0.1238,58.76,3.09055,3.185,0.009366,3.182,0.7338,sample_EH312_00040000-integrate_subtracted.dat,ok
10.05,92.7,0.2211,92.7,3.06975,3.163,0.009134,3.159,0.7967,sample_EH312_00050000-integrate_subtracted.dat,ok
8.26,14.44,0.1464,14.44,2.7302,2.658,0.03092,2.658,0.894,sample_EH3210000-integrate_subtracted.dat,ok
9.01,30.04,0.1293,30.04,2.77375,2.866,0.01632,2.864,0.8221,sample_EH321_00020000-integrate_subtracted.dat,ok
9.69,46.44,0.2207,46.44,2.81289,2.956,0.01894,2.953,0.8028,sample_EH321_00030000-integrate_subtracted.dat,ok
9.28,64.11,0.1318,64.11,2.87571,2.909,0.008418,2.907,0.8569,sample_EH321_00040000-integrate_subtracted.dat,ok
10.63,103.9,0.3195,103.9,3.02736,3.096,0.01405,3.092,0.8074,sample_EH321_00050000-integrate_subtracted.dat,ok
4.79,21.19,0.06654,21.19,1.53407,1.545,0.007184,1.545,0.7403,sample_EH3_00020000-integrate_subtracted.dat,ok
4.01,16.56,0.06097,16.56,1.49873,1.449,0.005434,1.449,0.7858,sample_EH3_00030000-integrate_subtracted.dat,ok
3.69,11.37,0.05371,11.37,1.47535,1.42,0.00718,1.42,0.7701,sample_EH3_00040000-integrate_subtracted.dat,ok
4.3,6.322,0.04722,6.322,1.44678,1.46,0.01672,1.46,0.6243,sample_EH3_00050000-integrate_subtracted.dat,ok
31.29,50.71,1.197,50.7,8.35094,9.272,0.2546,9.19,0.6866,sample_EHcoil0000-integrate_subtracted.dat,ok
38.16,107.7,3.339,107.7,8.73442,9.549,0.4758,9.484,0.6896,sample_EHcoil_00020000-integrate_subtracted.dat,ok
37.56,158.2,2.731,158.2,8.57438,10.11,0.1982,10.02,0.6591,sample_EHcoil_00030000-integrate_subtracted.dat,ok
35.13,212.3,2.811,212.3,8.59786,9.759,0.1504,9.674,0.6854,sample_EHcoil_00040000-integrate_subtracted.dat,ok
41.44,319.1,4.751,319.0,8.6975,9.806,0.2862,9.742,0.6919,sample_EHcoil_00050000-integrate_subtracted.dat,ok
28.48,357.7,1.013,357.7,8.37926,8.448,0.0305,8.419,0.8159,sample_EID1_1pt250000-integrate_subtracted.dat,ok
27.44,688.9,1.83,688.9,8.44175,8.328,0.02586,8.303,0.8281,sample_EID1_2pt50000-integrate_subtracted.dat,ok
32.36,1401.0,3.131,1400.0,8.16949,8.522,0.0307,8.483,0.7579,sample_EID1_50000-integrate_subtracted.dat,ok
37.96,0.08062,0.001811,0.0806,12.3599,12.87,0.1794,12.79,0.8059,sample_EK10000-integrate_subtracted.dat,ok
,,,,,,,,,sample_EK100000-integrate_subtracted.dat,autorg_failed
,,,,,,,,,sample_EK110000-integrate_subtracted.dat,autorg_failed
,,,,,,,,,sample_EK120000-integrate_subtracted.dat,autorg_failed
,,,,,,,,,sample_EK130000-integrate_subtracted.dat,autorg_failed
28.14,0.2342,0.0008175,0.2342,8.39282,8.921,0.02398,8.891,0.5872,sample_EK140000-integrate_subtracted.dat,ok
27.64,0.4462,0.0009059,0.4461,8.1329,8.81,0.01281,8.781,0.5821,sample_EK150000-integrate_subtracted.dat,ok
,,,,,,,,,sample_EK160000-integrate_subtracted.dat,autorg_failed
,,,,,,,,,sample_EK170000-integrate_subtracted.dat,autorg_failed
16.87,0.226,0.000355,0.226,7.93811,6.45,0.004456,6.451,0.5674,sample_EK180000-integrate_subtracted.dat,ok
42.02,0.2069,0.004448,0.2069,11.4238,13.07,0.2295,12.97,0.7581,sample_EK190000-integrate_subtracted.dat,ok
,,,,,,,,,sample_EK20000-integrate_subtracted.dat,autorg_failed
36.15,0.1789,0.00225,0.1789,12.3874,11.75,0.114,11.68,0.7932,sample_EK200000-integrate_subtracted.dat,ok
36.31,0.1816,0.003349,0.1816,10.9316,11.59,0.1679,11.51,0.7965,sample_EK210000-integrate_subtracted.dat,ok
40.86,0.1686,0.003327,0.1685,10.8269,12.8,0.1968,12.69,0.7513,sample_EK220000-integrate_subtracted.dat,ok
,,,,,,,,,sample_EK230000-integrate_subtracted.dat,autorg_failed
38.88,0.1988,0.001948,0.1987,11.7239,12.42,0.08875,12.34,0.7674,sample_EK240000-integrate_subtracted.dat,ok
,,,,,,,,,sample_EK250000-integrate_subtracted.dat,autorg_failed
38.28,0.1714,0.002929,0.1714,11.2941,12.42,0.1562,12.32,0.7874,sample_EK260000-integrate_subtracted.dat,ok
42.07,0.2186,0.00329,0.2186,12.2699,13.37,0.1532,13.26,0.7603,sample_EK270000-integrate_subtracted.dat,ok
24.56,0.01162,0.0003579,0.01162,12.1876,7.913,0.2106,7.838,0.7251,sample_EK280000-integrate_subtracted.dat,ok
24.3,0.02502,0.0004551,0.02501,9.62863,7.49,0.1463,7.424,0.7664,sample_EK290000-integrate_subtracted.dat,ok
,,,,,,,,,sample_EK30000-integrate_subtracted.dat,autorg_failed
26.36,0.03148,0.0006302,0.03148,13.0818,8.386,0.1415,8.309,0.7321,sample_EK300000-integrate_subtracted.dat,ok
35.28,0.04228,0.001362,0.04227,12.3001,11.2,0.2783,11.1,0.5411,sample_EK310000-integrate_subtracted.dat,ok
,,,,,,,,,sample_EK320000-integrate_subtracted.dat,autorg_failed
,,,,,,,,,sample_EK330000-integrate_subtracted.dat,autorg_failed
,,,,,,,,,sample_EK340000-integrate_subtracted.dat,autorg_failed
,,,,,,,,,sample_EK350000-integrate_subtracted.dat,autorg_failed
9.68,0.007686,0.0001398,0.007686,4.10846,3.446,0.04463,3.444,0.8419,sample_EK360000-integrate_subtracted.dat,ok
46.38,0.297,0.005907,0.297,7.72266,9.276,0.476,9.182,0.6679,sample_EK370000-integrate_subtracted.dat,ok
14.57,0.04502,0.0002111,0.04502,4.81682,4.665,0.02317,4.65,0.6926,sample_EK380000-integrate_subtracted.dat,ok
48.88,0.1886,0.009837,0.1886,10.2783,16.15,0.5356,16.03,0.6162,sample_EK390000-integrate_subtracted.dat,ok
,,,,,,,,,sample_EK40000-integrate_subtracted.dat,autorg_failed
15.14,0.05237,0.0003246,0.05237,4.62323,4.712,0.0319,4.698,0.7431,sample_EK400000-integrate_subtracted.dat,ok
13.61,0.03763,0.0001823,0.03763,4.07637,4.127,0.02697,4.12,0.7641,sample_EK410000-integrate_subtracted.dat,ok
8.78,0.1002,0.0001488,0.1002,4.25677,3.465,0.002215,3.467,0.6011,sample_EK420000-integrate_subtracted.dat,ok
8.84,0.1446,0.0001687,0.1446,4.32662,3.479,0.001926,3.481,0.6038,sample_EK430000-integrate_subtracted.dat,ok
,,,,,,,,,sample_EK440000-integrate_subtracted.dat,autorg_failed
,,,,,,,,,sample_EK450000-integrate_subtracted.dat,autorg_failed
,,,,,,,,,sample_EK460000-integrate_subtracted.dat,autorg_failed
,,,,,,,,,sample_EK470000-integrate_subtracted.dat,autorg_failed
,,,,,,,,,sample_EK480000-integrate_subtracted.dat,autorg_failed
12.19,0.01096,0.0001119,0.01096,6.05185,4.513,0.02234,4.513,0.578,sample_EK490000-integrate_subtracted.dat,ok
,,,,,,,,,sample_EK50000-integrate_subtracted.dat,autorg_failed
,,,,,,,,,sample_EK500000-integrate_subtracted.dat,autorg_failed
16.62,0.006413,0.0002518,0.006413,4.06368,4.709,0.3387,4.68,0.6165,sample_EK510000-integrate_subtracted.dat,ok
63.09,0.03213,0.003537,0.03213,11.3904,16.96,1.787,16.89,0.6614,sample_EK520000-integrate_subtracted.dat,ok
,,,,,,,,,sample_EK530000-integrate_subtracted.dat,autorg_failed
15.33,0.01684,0.0001728,0.01684,7.09943,5.388,0.04252,5.378,0.765,sample_EK540000-integrate_subtracted.dat,ok
,,,,,,,,,sample_EK550000-integrate_subtracted.dat,autorg_failed
25.79,0.1385,0.001254,0.1385,10.7508,8.444,0.06113,8.387,0.7744,sample_EK560000-integrate_subtracted.dat,ok
15.06,0.08956,0.0002608,0.08956,4.55815,4.756,0.01642,4.744,0.7968,sample_EK570000-integrate_subtracted.dat,ok
,,,,,,,,,sample_EK580000-integrate_subtracted.dat,autorg_failed
,,,,,,,,,sample_EK590000-integrate_subtracted.dat,autorg_failed
31.27,0.0616,0.001714,0.06159,11.4698,10.66,0.1875,10.61,0.8421,sample_EK60000-integrate_subtracted.dat,ok
22.16,0.03083,0.0005893,0.03082,8.36633,7.767,0.09404,7.736,0.8496,sample_EK600000-integrate_subtracted.dat,ok
23.91,0.06197,0.0006768,0.06196,8.86847,8.146,0.07049,8.1,0.8179,sample_EK610000-integrate_subtracted.dat,ok
23.28,0.09081,0.000626,0.0908,6.60616,7.29,0.04869,7.242,0.7696,sample_EK620000-integrate_subtracted.dat,ok
24.9,0.2086,0.001562,0.2086,7.22504,7.698,0.06191,7.648,0.7671,sample_EK630000-integrate_subtracted.dat,ok
31.69,0.08579,0.001121,0.08577,10.0226,10.17,0.1023,10.09,0.7727,sample_EK640000-integrate_subtracted.dat,ok
20.62,0.0348,0.0003993,0.0348,7.30683,7.006,0.06562,6.982,0.7851,sample_EK660000-integrate_subtracted.dat,ok
26.19,0.07705,0.0008602,0.07703,7.49925,7.656,0.1016,7.602,0.7511,sample_EK670000-integrate_subtracted.dat,ok
23.14,0.1002,0.0005213,0.1002,7.85439,7.573,0.03743,7.529,0.7916,sample_EK680000-integrate_subtracted.dat,ok
25.18,0.3653,0.001662,0.3653,7.99522,7.877,0.03747,7.825,0.7434,sample_EK690000-integrate_subtracted.dat,ok
40.94,0.1818,0.002948,0.1817,13.6543,13.34,0.148,13.23,0.7208,sample_EK70000-integrate_subtracted.dat,ok
18.57,0.03147,0.000488,0.03147,6.88554,6.566,0.06182,6.552,0.8686,sample_EK720000-integrate_subtracted.dat,ok
25.68,0.06555,0.0007078,0.06554,7.12095,7.726,0.08479,7.672,0.7451,sample_EK730000-integrate_subtracted.dat,ok
22.2,0.1089,0.000484,0.1089,7.0819,7.2,0.03447,7.162,0.7389,sample_EK740000-integrate_subtracted.dat,ok
20.39,0.2075,0.0008495,0.2075,6.41504,6.661,0.0261,6.637,0.844,sample_EK750000-integrate_subtracted.dat,ok
22.59,0.04037,0.0004757,0.04037,7.71481,7.456,0.06747,7.418,0.8278,sample_EK780000-integrate_subtracted.dat,ok
26.52,0.07323,0.0006746,0.07321,8.15989,8.289,0.06709,8.234,0.7816,sample_EK790000-integrate_subtracted.dat,ok
,,,,,,,,,sample_EK80000-integrate_subtracted.dat,autorg_failed
23.18,0.1266,0.0009976,0.1266,7.66471,7.656,0.05354,7.616,0.7272,sample_EK800000-integrate_subtracted.dat,ok
23.15,0.222,0.0006661,0.222,7.28322,7.425,0.02334,7.383,0.8055,sample_EK810000-integrate_subtracted.dat,ok
,,,,,,,,,sample_EK850000-integrate_subtracted.dat,autorg_failed
,,,,,,,,,sample_EK860000-integrate_subtracted.dat,autorg_failed
,,,,,,,,,sample_EK870000-integrate_subtracted.dat,autorg_failed
,,,,,,,,,sample_EK880000-integrate_subtracted.dat,autorg_failed
,,,,,,,,,sample_EK890000-integrate_subtracted.dat,autorg_failed
20.5,0.07738,0.0008684,0.07737,7.00122,6.865,0.06738,6.832,0.8041,sample_EK_700000-integrate_subtracted.dat,ok
19.09,0.06917,0.0005447,0.06916,7.0798,6.578,0.0392,6.555,0.821,sample_EK_710000-integrate_subtracted.dat,ok
23.61,0.2117,0.001746,0.2117,7.49651,7.394,0.06551,7.337,0.6629,sample_EK_770000-integrate_subtracted.dat,ok
23.03,0.07504,0.0008944,0.07503,8.37289,7.825,0.06895,7.778,0.7925,sample_EK_820000-integrate_subtracted.dat,ok
24.87,0.1394,0.0009201,0.1394,8.14621,8.029,0.0518,7.973,0.7574,sample_EK_830000-integrate_subtracted.dat,ok
,,,,,,,,,sample_ELF3_180000-integrate_subtracted.dat,autorg_failed
,,,,,,,,,sample_ELF3_250000-integrate_subtracted.dat,autorg_failed
25.11,161.3,2.102,161.3,9.31092,8.507,0.08983,8.454,0.7944,sample_ELF3_320000-integrate_subtracted.dat,ok
16.91,53.35,0.7644,53.35,6.14777,5.576,0.07792,5.555,0.7592,sample_ELF3_380000-integrate_subtracted.dat,ok
,,,,,,,,,sample_ELF3_PRD_Q7_DTT0000-integrate_subtracted.dat,autorg_failed
29.11,465.0,2.943,465.0,9.47856,8.977,0.05951,8.944,0.8467,sample_ELF3_PRD_Q7_GLUT0000-integrate_subtracted.dat,ok
24.45,469.4,2.252,469.4,8.0089,7.87,0.0333,7.852,0.9006,sample_ELF3_PRD_Q7_NITR0000-integrate_subtracted.dat,ok
34.28,477.5,3.231,477.5,8.55114,8.799,0.0823,8.749,0.7445,sample_ELF3_PRD_Q7_STD0000-integrate_subtracted.dat,ok
,,,,,,,,,sample_ELF3_PRD_Q7_SUCR0000-integrate_subtracted.dat,autorg_failed
44.84,0.08275,0.00258,0.08273,7.46618,16.54,0.2233,16.46,0.4985,sample_EPLLDOCA0000-integrate_subtracted.dat,ok
49.76,0.02775,0.003212,0.02775,9.19104,16.4,1.114,16.34,0.7253,sample_EPLLDOCA_00020000-integrate_subtracted.dat,ok
43.3,0.01447,0.001573,0.01447,10.0976,15.6,0.8466,15.56,0.7739,sample_EPLLDOCA_00030000-integrate_subtracted.dat,ok
45.15,0.02027,0.001973,0.02027,10.1212,14.67,0.9252,14.61,0.6948,sample_EPLLDOCA_00050000-integrate_subtracted.dat,ok
6.31,0.00141,3.339e-05,0.00141,2.17798,2.227,0.05374,2.226,0.8125,sample_EPLLrifCR00000-integrate_subtracted.dat,ok
,,,,,,,,,sample_ER1_260000-integrate_subtracted.dat,autorg_failed
,,,,,,,,,sample_ER1_400000-integrate_subtracted.dat,autorg_failed
,,,,,,,,,sample_ER1_500000-integrate_subtracted.dat,autorg_failed
4.03,3.653,0.4624,0.0,2.00112,7.784,0.3988,0.0,0.2728,sample_ES10000-integrate_subtracted.dat,ok
,,,,,,,,,sample_ES20000-integrate_subtracted.dat,autorg_failed
,,,,,,,,,sample_ES30000-integrate_subtracted.dat,autorg_failed
3.68,0.01365,1.563e-05,0.01365,1.18727,0.8935,0.003904,0.8928,0.2847,sample_EStock0000-integrate_subtracted.dat,ok
16.95,160.1,0.5371,160.1,5.05901,5.271,0.02026,5.256,0.8004,sample_EnA10000-integrate_subtracted.dat,ok
9.99,3.477,0.1776,3.477,4.03593,3.648,0.1223,3.647,0.8241,sample_EnA1_01250000-integrate_subtracted.dat,ok
10.88,6.961,0.1292,6.961,4.97143,3.966,0.03795,3.965,0.8537,sample_EnA1_0250000-integrate_subtracted.dat,ok
,,,,,,,,,sample_EnA1_050000-integrate_subtracted.dat,autorg_failed
15.4,34.7,0.3325,34.69,5.26756,4.991,0.03484,4.981,0.8206,sample_EnA1_10000-integrate_subtracted.dat,ok
14.85,69.62,0.3229,69.62,5.04106,4.963,0.02304,4.955,0.8005,sample_EnA1_2_10000-integrate_subtracted.dat,ok
10.16,4.935,0.1449,4.935,4.30541,3.631,0.06502,3.628,0.8284,sample_EnB1_01250000-integrate_subtracted.dat,ok
12.65,16.22,0.242,16.22,5.06051,4.556,0.04288,4.554,0.889,sample_EnB1_0250000-integrate_subtracted.dat,ok
15.4,39.65,0.2985,39.65,5.34815,5.077,0.03277,5.07,0.8699,sample_EnB1_050000-integrate_subtracted.dat,ok
17.87,92.54,0.5748,92.54,5.59113,5.582,0.04137,5.565,0.8278,sample_EnB1_10000-integrate_subtracted.dat,ok
18.61,196.1,0.9288,196.1,5.68539,5.765,0.03236,5.747,0.833,sample_EnB1_20000-integrate_subtracted.dat,ok
22.76,464.7,1.44,464.6,6.15563,6.515,0.02875,6.477,0.7581,sample_EnB1_40000-integrate_subtracted.dat,ok
30.6,299.3,1.632,299.3,5.08666,7.292,0.0792,7.193,0.6274,sample_EnB1_dSH30000-integrate_subtracted.dat,ok
18.06,127.5,0.7202,127.5,5.38921,5.588,0.04137,5.567,0.7678,sample_EnB1_dSH3_00020000-integrate_subtracted.dat,ok
13.15,34.74,0.2886,34.74,4.57243,4.254,0.03855,4.246,0.7773,sample_EnB1_dSH3_00030000-integrate_subtracted.dat,ok
14.88,25.02,0.3291,25.02,5.2174,4.899,0.06299,4.888,0.8321,sample_EnB1_dSH3_00040000-integrate_subtracted.dat,ok
7.74,5.258,0.09339,5.258,3.5665,2.911,0.03084,2.911,0.6522,sample_EnB1_dSH3_00050000-integrate_subtracted.dat,ok
,,,,,,,,,sample_Eps15FL0000-integrate_subtracted.dat,autorg_failed
35.7,144.8,2.182,144.8,11.0661,11.86,0.1208,11.8,0.7884,sample_Eps15FL_00020000-integrate_subtracted.dat,ok
40.31,324.8,3.165,324.8,11.2867,13.05,0.09088,12.98,0.7768,sample_Eps15FL_00030000-integrate_subtracted.dat,ok
49.39,464.2,11.45,464.1,11.9438,14.26,0.3284,14.18,0.7893,sample_Eps15FL_00040000-integrate_subtracted.dat,ok
,,,,,,,,,sample_Eps15FL_00050000-integrate_subtracted.dat,autorg_failed
27.34,47.49,0.8314,47.48,9.9078,9.409,0.11,9.345,0.7549,sample_Eps15IDR0000-integrate_subtracted.dat,ok
31.56,106.4,1.444,106.4,12.9895,10.46,0.1097,10.38,0.7569,sample_Eps15IDR_00020000-integrate_subtracted.dat,ok
39.12,196.0,3.208,196.0,11.674,12.42,0.1474,12.32,0.7131,sample_Eps15IDR_00030000-integrate_subtracted.dat,ok
48.76,282.5,6.269,282.5,12.7599,13.75,0.2882,13.65,0.7124,sample_Eps15IDR_00040000-integrate_subtracted.dat,ok
,,,,,,,,,sample_Eps15IDR_00050000-integrate_subtracted.dat,autorg_failed
16.74,0.3353,0.001062,0.3353,2.96924,3.13,0.04194,3.125,0.672,sample_F00000-integrate_subtracted.dat,ok
17.16,0.3247,0.001114,0.3247,2.94087,3.207,0.04594,3.199,0.6888,sample_F10000-integrate_subtracted.dat,ok
11.36,0.2569,0.0003849,0.2569,2.84969,3.062,0.008346,3.057,0.6996,sample_F100000-integrate_subtracted.dat,ok
16.9,0.2433,0.0005173,0.2433,2.90441,2.773,0.03118,2.786,0.6124,sample_F110000-integrate_subtracted.dat,ok
14.27,0.2731,0.0007293,0.2731,4.13944,4.324,0.01578,4.312,0.7344,sample_F120000-integrate_subtracted.dat,ok
17.25,0.274,0.0008757,0.274,4.79065,5.019,0.02143,4.998,0.7082,sample_F130000-integrate_subtracted.dat,ok
23.99,0.2057,0.00105,0.2057,5.59593,6.095,0.05128,6.049,0.7149,sample_F140000-integrate_subtracted.dat,ok
18.87,0.1363,0.0006109,0.1363,5.80738,5.938,0.03008,5.91,0.7725,sample_F150000-integrate_subtracted.dat,ok
21.66,0.07762,0.0005733,0.07761,6.37253,6.568,0.05689,6.525,0.7374,sample_F160000-integrate_subtracted.dat,ok
10.21,0.006704,0.0001586,0.006704,1.7007,3.411,0.09678,3.399,0.5521,sample_F1V0000-integrate_subtracted.dat,ok
9.04,0.009277,0.0001241,0.009277,1.72307,3.71,0.03123,3.704,0.3056,sample_F1V_00020000-integrate_subtracted.dat,ok
11.45,0.2856,0.0003195,0.2856,2.77049,2.986,0.006659,2.982,0.5364,sample_F20000-integrate_subtracted.dat,ok
11.15,0.2791,0.0004988,0.2791,2.71855,2.932,0.01082,2.928,0.7385,sample_F30000-integrate_subtracted.dat,ok
7.07,0.04171,0.0001795,0.03901,1.18544,5.079,0.00622,6.758,0.2937,sample_F39L0000-integrate_subtracted.dat,ok
,,,,,,,,,sample_F39L_00020000-integrate_subtracted.dat,autorg_failed
,,,,,,,,,sample_F3E0000-integrate_subtracted.dat,autorg_failed
,,,,,,,,,sample_F3E_00020000-integrate_subtracted.dat,autorg_failed
17.05,0.01544,0.001071,0.0,5.0513,9.455,0.3815,0.0,0.2432,sample_F3V0000-integrate_subtracted.dat,ok
26.9,0.04489,0.001747,0.04487,8.54426,13.55,0.2203,13.44,0.3428,sample_F3V_00020000-integrate_subtracted.dat,ok
11.66,0.2982,0.00056,0.2982,2.85408,3.065,0.01184,3.06,0.7337,sample_F40000-integrate_subtracted.dat,ok
,,,,,,,,,sample_F40L0000-integrate_subtracted.dat,autorg_failed
,,,,,,,,,sample_F40L_00020000-integrate_subtracted.dat,autorg_failed
11.11,0.2782,0.0003933,0.2782,2.75725,2.965,0.007579,2.96,0.7039,sample_F50000-integrate_subtracted.dat,ok
12.67,0.3154,0.0006513,0.3154,2.8862,3.175,0.01289,3.169,0.7135,sample_F60000-integrate_subtracted.dat,ok
,,,,,,,,,sample_F6E0000-integrate_subtracted.dat,autorg_failed
38.92,0.2388,0.003633,0.2388,13.4253,12.51,0.1413,12.53,0.7996,sample_F6E_00020000-integrate_subtracted.dat,ok
45.65,0.09555,0.005689,0.09554,11.375,15.05,0.532,15.02,0.8324,sample_F6V0000-integrate_subtracted.dat,ok
3.7,0.006733,6.05e-05,0.006733,1.83751,1.249,0.01468,1.249,0.2453,sample_F6V_00020000-integrate_subtracted.dat,ok
9.9,0.2553,0.0004938,0.2553,2.53012,2.701,0.008127,2.698,0.7491,sample_F70000-integrate_subtracted.dat,ok
12.88,0.3191,0.0006538,0.3191,2.93907,3.233,0.01439,3.227,0.5851,sample_F80000-integrate_subtracted.dat,ok
15.37,0.2652,0.000606,0.2652,2.81452,2.784,0.03013,2.79,0.6152,sample_F90000-integrate_subtracted.dat,ok
9.81,8.16,0.1191,8.16,4.2981,3.581,0.03205,3.579,0.7263,sample_FCHO1A274P0000-integrate_subtracted.dat,ok
11.0,18.6,0.2074,18.6,4.49534,3.961,0.03166,3.958,0.741,sample_FCHO1A274P_00020000-integrate_subtracted.dat,ok
14.94,47.69,0.2997,47.69,5.04048,4.95,0.03073,4.937,0.8139,sample_FCHO1A274P_00030000-integrate_subtracted.dat,ok
16.0,68.08,0.535,68.08,5.00678,5.049,0.04918,5.033,0.814,sample_FCHO1A274P_00040000-integrate_subtracted.dat,ok
18.46,100.3,0.4107,100.3,5.19538,5.476,0.03053,5.451,0.7653,sample_FCHO1A274P_00050000-integrate_subtracted.dat,ok
,,,,,,,,,sample_FCHO1IDR0000-integrate_subtracted.dat,autorg_failed
15.71,9.9,0.2761,9.9,3.22172,3.454,0.2978,3.445,0.6341,sample_FCHO1IDR10000-integrate_subtracted.dat,ok
9.85,17.26,0.1454,17.26,3.34182,3.275,0.02656,3.272,0.8139,sample_FCHO1IDR1_00020000-integrate_subtracted.dat,ok
10.24,26.43,0.1693,26.43,3.49687,3.386,0.02432,3.382,0.8226,sample_FCHO1IDR1_00030000-integrate_subtracted.dat,ok
11.93,40.21,0.2079,40.21,3.74441,3.764,0.02478,3.757,0.7882,sample_FCHO1IDR1_00040000-integrate_subtracted.dat,ok
11.94,65.8,0.3004,65.8,3.82105,3.797,0.01738,3.791,0.8162,sample_FCHO1IDR1_00050000-integrate_subtracted.dat,ok
7.22,8.999,0.09652,8.999,3.16118,2.652,0.02136,2.651,0.6651,sample_FCHO1IDR20000-integrate_subtracted.dat,ok
9.41,17.02,0.1162,17.02,3.19553,3.08,0.02434,3.077,0.7021,sample_FCHO1IDR2_00020000-integrate_subtracted.dat,ok
11.47,25.76,0.2066,25.76,3.26433,3.434,0.0402,3.426,0.6966,sample_FCHO1IDR2_00030000-integrate_subtracted.dat,ok
10.79,36.61,0.1503,36.61,3.37644,3.414,0.01665,3.409,0.7805,sample_FCHO1IDR2_00040000-integrate_subtracted.dat,ok
11.19,56.87,0.1551,56.87,3.44213,3.493,0.01397,3.488,0.8011,sample_FCHO1IDR2_00050000-integrate_subtracted.dat,ok
9.39,10.51,0.09441,10.51,3.06734,3.009,0.03261,3.006,0.7416,sample_FCHO1IDR30000-integrate_subtracted.dat,ok
8.5,19.6,0.1188,19.6,3.26961,2.969,0.01425,2.968,0.8789,sample_FCHO1IDR3_00020000-integrate_subtracted.dat,ok
10.98,32.94,0.2142,32.94,3.3528,3.365,0.0273,3.359,0.7,sample_FCHO1IDR3_00030000-integrate_subtracted.dat,ok
11.64,44.83,0.2136,44.83,3.57974,3.525,0.01865,3.518,0.7777,sample_FCHO1IDR3_00040000-integrate_subtracted.dat,ok
10.45,64.69,0.2839,64.69,3.60373,3.38,0.01649,3.375,0.8351,sample_FCHO1IDR3_00050000-integrate_subtracted.dat,ok
30.75,15.61,1.454,15.6,10.0718,11.28,0.5291,11.22,0.6198,sample_FCHO1IDR_00020000-integrate_subtracted.dat,ok
49.03,37.47,3.202,37.47,9.05962,13.72,1.085,13.66,0.6027,sample_FCHO1IDR_00030000-integrate_subtracted.dat,ok
42.88,53.86,3.463,53.86,10.6907,13.3,0.6381,13.24,0.6933,sample_FCHO1IDR_00040000-integrate_subtracted.dat,ok
42.89,68.47,5.687,68.46,9.24377,13.63,0.9218,13.54,0.6938,sample_FCHO1IDR_00050000-integrate_subtracted.dat,ok
26.39,9.831,0.7366,9.83,4.69215,6.218,1.14,6.146,0.5967,sample_FCHO2IDR0000-integrate_subtracted.dat,ok
6.51,3.9,0.0898,3.9,2.74134,2.459,0.04022,2.459,0.6827,sample_FCHO2IDR10000-integrate_subtracted.dat,ok
15.53,10.3,0.3214,10.3,2.91363,3.192,0.3573,3.184,0.6558,sample_FCHO2IDR1_00020000-integrate_subtracted.dat,ok
9.26,19.22,0.1125,19.22,3.11275,3.038,0.01947,3.035,0.7546,sample_FCHO2IDR1_00030000-integrate_subtracted.dat,ok
10.24,27.53,0.1846,27.53,3.30564,3.236,0.02498,3.232,0.8248,sample_FCHO2IDR1_00040000-integrate_subtracted.dat,ok
10.14,38.89,0.1556,38.89,3.22061,3.311,0.01506,3.307,0.7982,sample_FCHO2IDR1_00050000-integrate_subtracted.dat,ok
10.27,4.263,0.1712,4.263,3.18752,3.318,0.1884,3.311,0.5872,sample_FCHO2IDR20000-integrate_subtracted.dat,ok
9.71,10.28,0.1241,10.28,3.50531,3.351,0.05082,3.346,0.6157,sample_FCHO2IDR2_00020000-integrate_subtracted.dat,ok
9.74,17.85,0.1182,17.85,3.57252,3.289,0.02115,3.287,0.836,sample_FCHO2IDR2_00030000-integrate_subtracted.dat,ok
20.08,31.19,0.4097,31.19,3.57065,4.312,0.1498,4.283,0.6785,sample_FCHO2IDR2_00040000-integrate_subtracted.dat,ok
10.35,36.98,0.186,36.98,3.76113,3.534,0.01782,3.529,0.7026,sample_FCHO2IDR2_00050000-integrate_subtracted.dat,ok
12.97,17.54,0.2144,17.54,5.46161,4.533,0.03668,4.528,0.8162,sample_FCHO2IDR_00020000-integrate_subtracted.dat,ok
25.4,47.92,0.7658,47.91,5.79889,7.113,0.1671,7.027,0.618,sample_FCHO2IDR_00030000-integrate_subtracted.dat,ok
20.32,60.62,0.6295,60.61,6.15055,6.259,0.07594,6.214,0.6785,sample_FCHO2IDR_00040000-integrate_subtracted.dat,ok
24.08,80.93,0.8111,80.91,5.15467,6.952,0.0881,6.869,0.6503,sample_FCHO2IDR_00050000-integrate_subtracted.dat,ok
25.24,86.36,0.6817,86.36,4.20301,9.534,0.01532,9.532,0.287,sample_FE65_0p50000-integrate_subtracted.dat,ok
4.52,23.51,0.1065,23.51,2.00951,1.898,0.005325,1.898,0.2278,sample_FE65_10000-integrate_subtracted.dat,ok
4.57,37.35,0.09304,37.35,1.96105,1.886,0.00282,1.886,0.2874,sample_FE65_20000-integrate_subtracted.dat,ok
6.86,45.71,0.1994,45.71,2.24521,2.091,0.01108,2.091,0.617,sample_FITC0000-integrate_subtracted.dat,ok
4.55,0.0008336,4.587e-05,0.0008336,1.0207,0.8025,0.2372,0.8031,0.4787,sample_FK13_01_25mgml0000-integrate_subtracted.dat,ok
4.23,0.001511,6.673e-05,0.001511,1.5701,1.637,0.0634,1.637,0.5073,sample_FK13_01_25mgml_00020000-integrate_subtracted.dat,ok
8.69,0.00622,0.000261,0.00622,2.53039,2.763,0.118,2.762,0.6232,sample_FK13_01_25mgml_00030000-integrate_subtracted.dat,ok
24.81,0.005315,0.0007461,0.005315,8.79108,10.81,0.7427,10.81,0.5863,sample_FK13_0_312mgml_00020000-integrate_subtracted.dat,ok
18.48,0.002886,0.0007102,0.002886,8.45,4.562,2.042,4.55,0.6006,sample_FK13_0_312mgml_00030000-integrate_subtracted.dat,ok
,,,,,,,,,sample_FK13_0_625mgml0000-integrate_subtracted.dat,autorg_failed
,,,,,,,,,sample_FK13_0_625mgml_00020000-integrate_subtracted.dat,autorg_failed
,,,,,,,,,sample_FK13_0_625mgml_00030000-integrate_subtracted.dat,autorg_failed
23.47,0.002159,0.0004252,0.002159,4.47007,4.136,2.136,4.033,0.6444,sample_FK13_2_5mgml0000-integrate_subtracted.dat,ok
6.82,0.001999,8.478e-05,0.001999,1.25994,1.249,0.312,1.249,0.5466,sample_FK13_2_5mgml_00020000-integrate_subtracted.dat,ok
20.65,0.0121,0.001068,0.0121,4.70959,4.92,1.025,4.914,0.5864,sample_FK13_2_5mgml_00030000-integrate_subtracted.dat,ok
21.86,0.003888,0.0002837,0.003887,7.04848,3.94,1.222,3.842,0.6369,sample_FK13_5mgml0000-integrate_subtracted.dat,ok
4.24,0.003725,4.742e-05,0.003725,1.0437,1.068,0.03898,1.068,0.6432,sample_FK13_5mgml_00020000-integrate_subtracted.dat,ok
22.08,0.01585,0.0007565,0.01585,3.7545,4.813,0.5658,4.795,0.6652,sample_FK13_5mgml_00030000-integrate_subtracted.dat,ok
11.29,12.97,0.1803,12.97,4.82174,4.049,0.03194,4.047,0.8837,sample_FLFCHO20000-integrate_subtracted.dat,ok
14.5,31.83,0.3438,31.83,4.79495,4.732,0.05608,4.72,0.825,sample_FLFCHO2_00020000-integrate_subtracted.dat,ok
16.33,73.83,0.2787,73.83,5.06149,5.136,0.02151,5.119,0.8074,sample_FLFCHO2_00030000-integrate_subtracted.dat,ok
19.87,123.9,0.5687,123.9,5.21537,5.594,0.03512,5.561,0.6764,sample_FLFCHO2_00040000-integrate_subtracted.dat,ok
19.45,155.3,0.7485,155.2,5.34299,5.61,0.04163,5.574,0.7308,sample_FLFCHO2_00050000-integrate_subtracted.dat,ok
40.18,812.2,7.866,812.1,9.46721,11.38,0.1152,11.35,0.9075,sample_FLNCFATZ_1p10000-integrate_subtracted.dat,ok
39.0,1166.0,6.678,1165.0,11.5058,11.65,0.05707,11.62,0.8901,sample_FLNCFATZ_1p50000-integrate_subtracted.dat,ok
40.44,1926.0,13.02,1926.0,11.9292,12.3,0.07072,12.26,0.8523,sample_FLNCFATZ_2p50000-integrate_subtracted.dat,ok
,,,,,,,,,sample_FL_Tir_pHTP9_0p2660000-integrate_subtracted.dat,autorg_failed
,,,,,,,,,sample_FL_Tir_pHTP9_0p4730000-integrate_subtracted.dat,autorg_failed
24.41,128.2,1.293,128.2,8.49014,8.471,0.06536,8.454,0.9107,sample_FL_Tir_pHTP9_0p5820000-integrate_subtracted.dat,ok
28.16,196.3,1.237,196.3,9.16873,9.057,0.05358,9.021,0.8887,sample_FL_Tir_pHTP9_0p8130000-integrate_subtracted.dat,ok
51.17,1792.0,26.17,1792.0,8.84004,10.43,0.3269,10.35,0.6915,sample_FT0000-integrate_subtracted.dat,ok
43.22,1170.0,9.897,1170.0,9.173,10.17,0.1457,10.09,0.6867,sample_FT20000-integrate_subtracted.dat,ok
41.41,1600.0,15.94,1600.0,8.64732,9.83,0.1683,9.753,0.6835,sample_FTb0000-integrate_subtracted.dat,ok
52.08,1091.0,17.78,1091.0,8.92022,10.57,0.3704,10.48,0.6898,sample_FTb20000-integrate_subtracted.dat,ok
44.28,849.6,11.23,849.5,8.99589,10.27,0.2353,10.19,0.6881,sample_FTb30000-integrate_subtracted.dat,ok
13.46,0.443,0.000784,0.443,3.64029,3.636,0.01119,3.63,0.7399,sample_Fan_BSA_0p4480000-integrate_subtracted.dat,ok
13.23,0.2252,0.000464,0.2252,3.80507,3.852,0.01244,3.845,0.7527,sample_Fan_BSA_0p5770000-integrate_subtracted.dat,ok
13.19,0.1187,0.0002834,0.1187,3.79944,3.846,0.01339,3.84,0.7874,sample_Fan_BSA_0p9750000-integrate_subtracted.dat,ok
12.56,0.05401,0.0002165,0.05401,3.92848,3.889,0.02243,3.883,0.7552,sample_Fan_BSA_2p4050000-integrate_subtracted.dat,ok
,,,,,,,,,sample_Fan_BSA_3p5650000-integrate_subtracted.dat,autorg_failed
,,,,,,,,,sample_Fan_BSA_7p1910000-integrate_subtracted.dat,autorg_failed
30.44,5.198,0.5948,5.198,6.23997,9.59,0.7531,9.562,0.8332,sample_Fella10000-integrate_subtracted.dat,ok
25.72,70.3,0.7019,70.3,8.72795,8.439,0.06945,8.413,0.842,sample_Fella20000-integrate_subtracted.dat,ok
11.64,25.2,0.1986,25.2,3.71379,3.672,0.0341,3.668,0.8141,sample_Fella30000-integrate_subtracted.dat,ok
16.87,237.9,0.4662,237.9,4.63466,4.904,0.01534,4.894,0.6763,sample_Fella40000-integrate_subtracted.dat,ok
21.02,22.47,0.4329,22.47,3.50249,10.06,0.0613,10.1,0.2243,sample_Fella50000-integrate_subtracted.dat,ok
66.12,56.66,6.467,56.66,12.8047,19.44,1.701,19.31,0.6848,sample_Fella60000-integrate_subtracted.dat,ok
7.11,6.829,0.07084,6.829,2.84454,2.604,0.02288,2.603,0.6859,sample_Fella70000-integrate_subtracted.dat,ok
14.13,70.07,0.2133,70.07,3.87377,4.093,0.0205,4.088,0.7062,sample_Fella80000-integrate_subtracted.dat,ok
14.3,539.2,0.7242,539.2,5.34205,5.157,0.00541,5.161,0.9084,sample_FerMamC0000-integrate_subtracted.dat,ok
13.26,780.5,1.174,780.5,5.66109,5.085,0.003816,5.088,0.6106,sample_FerMamCFe0000-integrate_subtracted.dat,ok
17.16,554.6,0.9216,554.6,5.53487,5.437,0.009985,5.442,0.9177,sample_FerWT0000-integrate_subtracted.dat,ok
28.74,851.3,3.155,851.3,5.91493,6.364,0.06185,6.339,0.6868,sample_FerWTFe0000-integrate_subtracted.dat,ok
35.15,545.8,4.216,545.7,6.49294,7.989,0.1418,7.899,0.6408,sample_Fermm560000-integrate_subtracted.dat,ok
14.63,679.4,1.053,679.4,7.31805,5.401,0.00395,5.403,0.6074,sample_Fermm56Fe0000-integrate_subtracted.dat,ok
48.76,973.4,8.216,973.3,13.1908,16.0,0.09557,15.92,0.7432,sample_Fibrinogen0000-integrate_subtracted.dat,ok
44.97,871.2,5.159,871.0,15.6345,15.39,0.05805,15.3,0.5232,sample_Fibrinogen_20000-integrate_subtracted.dat,ok
46.07,700.7,7.235,700.6,16.7449,15.21,0.1132,15.1,0.7257,sample_Fibrinogen_Thrombin_00000-integrate_subtracted.dat,ok
8.03,36.28,0.153,36.28,2.4616,2.455,0.01531,2.454,0.837,sample_Fish0p6250000-integrate_subtracted.dat,ok
6.51,72.08,0.118,72.08,2.62818,2.398,0.002622,2.398,0.6033,sample_Fish1p250000-integrate_subtracted.dat,ok
56.53,482.6,17.7,482.5,10.9471,16.86,0.5965,16.7,0.6694,sample_Fish2p50000-integrate_subtracted.dat,ok
6.42,284.1,0.2415,284.1,2.54504,2.396,0.001228,2.396,0.6065,sample_Fish50000-integrate_subtracted.dat,ok
5.26,59.0,0.05476,59.0,1.49975,1.618,0.002863,1.618,0.5126,sample_FishLig1p250000-integrate_subtracted.dat,ok
10.5,90.16,0.1244,90.16,1.79915,1.621,0.01759,1.624,0.5209,sample_FishLig2p50000-integrate_subtracted.dat,ok
11.69,156.5,0.1923,156.5,2.00247,1.991,0.01473,1.992,0.6078,sample_FishLig50000-integrate_subtracted.dat,ok
,,,,,,,,,sample_FtsZ0000-integrate_subtracted.dat,autorg_failed
,,,,,,,,,sample_FtsZ_1_20000-integrate_subtracted.dat,autorg_failed
2.47,10.09,0.1105,6.458,1.00929,1.755,0.01613,16.76,0.2919,sample_FtsZ_1_30000-integrate_subtracted.dat,ok
16.89,0.9104,0.001281,0.9104,3.59949,4.003,0.01405,3.989,0.7042,sample_G00000-integrate_subtracted.dat,ok
14.64,0.9026,0.001112,0.9026,3.60405,3.876,0.008632,3.864,0.7044,sample_G0t0000-integrate_subtracted.dat,ok
,,,,,,,,,sample_G10000-integrate_subtracted.dat,autorg_failed
15.53,0.8319,0.001278,0.8319,3.62287,3.924,0.01143,3.913,0.7138,sample_G100000-integrate_subtracted.dat,ok
15.36,0.8149,0.001284,0.8149,3.69513,3.952,0.01084,3.94,0.7249,sample_G110000-integrate_subtracted.dat,ok
15.98,0.7977,0.001,0.7977,3.83939,4.133,0.009955,4.119,0.6985,sample_G120000-integrate_subtracted.dat,ok
17.37,0.7681,0.0008281,0.7681,4.05003,4.367,0.009701,4.351,0.7208,sample_G130000-integrate_subtracted.dat,ok
18.65,0.7821,0.001152,0.7821,4.38004,4.78,0.01401,4.758,0.6132,sample_G140000-integrate_subtracted.dat,ok
17.57,0.936,0.002048,0.936,3.73018,4.016,0.02277,4.002,0.6409,sample_G1t0000-integrate_subtracted.dat,ok
,,,,,,,,,sample_G20000-integrate_subtracted.dat,autorg_failed
,,,,,,,,,sample_G20_270000-integrate_subtracted.dat,autorg_failed
,,,,,,,,,sample_G20_280000-integrate_subtracted.dat,autorg_failed
,,,,,,,,,sample_G20_290000-integrate_subtracted.dat,autorg_failed
,,,,,,,,,sample_G20_310000-integrate_subtracted.dat,autorg_failed
16.4,0.9376,0.001018,0.9376,3.75339,4.016,0.009481,4.003,0.7069,sample_G2t0000-integrate_subtracted.dat,ok
,,,,,,,,,sample_G30000-integrate_subtracted.dat,autorg_failed
15.92,0.9111,0.0008518,0.9111,3.7806,4.022,0.008077,4.009,0.7149,sample_G3t0000-integrate_subtracted.dat,ok
56.99,4.57,0.08116,4.57,11.6673,13.68,0.3183,13.59,0.6614,sample_G40000-integrate_subtracted.dat,ok
,,,,,,,,,sample_G40_380000-integrate_subtracted.dat,autorg_failed
,,,,,,,,,sample_G40_390000-integrate_subtracted.dat,autorg_failed
10.75,1.334,0.000791,1.334,4.48192,3.901,0.001437,3.9,0.5902,sample_G50000-integrate_subtracted.dat,ok
14.13,0.8684,0.001254,0.8684,3.50676,3.77,0.00924,3.762,0.6342,sample_G5t0000-integrate_subtracted.dat,ok
15.95,0.8817,0.001362,0.8817,3.70002,3.987,0.01229,3.974,0.6979,sample_G60000-integrate_subtracted.dat,ok
,,,,,,,,,sample_G60_450000-integrate_subtracted.dat,autorg_failed
15.58,0.89,0.0008756,0.89,3.65308,3.898,0.008161,3.887,0.714,sample_G70000-integrate_subtracted.dat,ok
15.69,0.89,0.001282,0.89,3.67852,3.946,0.0114,3.934,0.7001,sample_G80000-integrate_subtracted.dat,ok
16.79,0.8621,0.001431,0.862,3.72976,3.998,0.01557,3.984,0.6948,sample_G90000-integrate_subtracted.dat,ok
3.59,13.09,0.09255,13.09,1.07181,1.072,0.01409,1.072,0.8597,sample_GB1_0pt60000-integrate_subtracted.dat,ok
23.86,220.5,2.094,220.3,3.97325,6.823,0.1035,6.619,0.4272,sample_GB1_11pt70000-integrate_subtracted.dat,ok
21.39,309.0,1.831,308.9,3.5877,6.105,0.0546,5.958,0.4175,sample_GB1_18pt60000-integrate_subtracted.dat,ok
3.01,20.29,0.06831,20.29,1.03868,1.048,0.00482,1.048,0.9338,sample_GB1_1pt40000-integrate_subtracted.dat,ok
31.63,284.7,4.589,284.6,7.25273,6.645,0.35,6.383,0.6024,sample_GB1_23pt80000-integrate_subtracted.dat,ok
3.14,40.58,0.08551,40.58,1.01341,1.018,0.003307,1.018,0.8648,sample_GB1_2pt80000-integrate_subtracted.dat,ok
40.08,171.6,6.612,171.6,7.17461,10.98,0.5294,10.76,0.6719,sample_GB1_6pt90000-integrate_subtracted.dat,ok
14.4,128.5,0.5249,128.5,2.78988,3.551,0.03521,3.532,0.6006,sample_GFP0000-integrate_subtracted.dat,ok
83.0,0.3825,0.0362,0.3825,16.3189,25.69,1.552,25.61,0.9231,sample_GLL_11_088_10000-integrate_subtracted.dat,ok
,,,,,,,,,sample_GLL_11_088_20000-integrate_subtracted.dat,autorg_failed
66.66,0.4546,0.02179,0.4546,17.2437,23.25,0.4605,23.23,0.8668,sample_GLL_11_088_30000-integrate_subtracted.dat,ok
,,,,,,,,,sample_GLL_11_088_40000-integrate_subtracted.dat,autorg_failed
5.95,0.008156,5.628e-05,0.008156,2.43389,2.076,0.01347,2.076,0.573,sample_GMP0170000-integrate_subtracted.dat,ok
,,,,,,,,,sample_GMP10000-integrate_subtracted.dat,autorg_failed
,,,,,,,,,sample_GMP170000-integrate_subtracted.dat,autorg_failed
,,,,,,,,,sample_GMP20000-integrate_subtracted.dat,autorg_failed
17.8,0.05911,0.0005287,0.05913,7.33159,5.072,0.1239,4.938,0.5906,sample_GMP40000-integrate_subtracted.dat,ok
3.02,0.145,6.045e-05,0.145,1.12122,1.072,0.0004687,1.072,0.5277,sample_GMP80000-integrate_subtracted.dat,ok
19.68,0.2511,0.0007204,0.2511,5.21455,4.94,0.02889,4.955,0.7961,sample_GN10000-integrate_subtracted.dat,ok
13.86,0.138,0.0002837,0.138,5.49111,5.485,0.007828,5.49,0.9226,sample_GN20000-integrate_subtracted.dat,ok
15.93,0.03818,0.0002841,0.03818,5.52346,5.556,0.03561,5.56,0.9052,sample_GN30000-integrate_subtracted.dat,ok
3.53,0.005742,5.907e-05,0.006588,1.77106,3.088,0.009624,24.33,0.2542,sample_GN3A0000-integrate_subtracted.dat,ok
4.64,0.004652,9.763e-05,0.006216,2.18492,4.047,0.0248,12.94,0.2896,sample_GN3B0000-integrate_subtracted.dat,ok
,,,,,,,,,sample_GN3C0000-integrate_subtracted.dat,autorg_failed
,,,,,,,,,sample_GN40000-integrate_subtracted.dat,autorg_failed
4.23,0.009862,9.363e-05,0.01032,2.00575,3.516,0.01037,12.07,0.2656,sample_GN4A0000-integrate_subtracted.dat,ok
6.21,0.007284,7.327e-05,0.006327,2.48454,4.616,0.02675,11.66,0.2826,sample_GN4B0000-integrate_subtracted.dat,ok
12.69,0.006995,0.000123,0.006995,2.39936,6.594,0.03713,6.605,0.2557,sample_GN4C0000-integrate_subtracted.dat,ok
13.64,0.00687,0.0002087,0.00687,5.7413,5.351,0.0744,5.354,0.8653,sample_GN50000-integrate_subtracted.dat,ok
,,,,,,,,,sample_GN5A0000-integrate_subtracted.dat,autorg_failed
,,,,,,,,,sample_GN5B0000-integrate_subtracted.dat,autorg_failed
16.65,0.03846,0.0001657,0.03847,2.76664,9.194,0.009473,9.232,0.2816,sample_GN5C0000-integrate_subtracted.dat,ok
18.23,0.002736,0.0002041,0.002736,9.05262,5.617,0.3494,5.614,0.7802,sample_GN60000-integrate_subtracted.dat,ok
,,,,,,,,,sample_GN6A0000-integrate_subtracted.dat,autorg_failed
,,,,,,,,,sample_GN6B0000-integrate_subtracted.dat,autorg_failed
,,,,,,,,,sample_GN6C0000-integrate_subtracted.dat,autorg_failed
16.02,0.001852,0.0001554,0.001852,5.14067,5.454,0.4733,5.455,0.8831,sample_GN70000-integrate_subtracted.dat,ok
47.08,0.6254,0.001514,0.6254,12.1036,17.43,0.01972,17.44,0.594,sample_GN7A0000-integrate_subtracted.dat,ok
57.18,0.4063,0.004921,0.4062,13.0247,19.48,0.1239,19.44,0.8152,sample_GN7B0000-integrate_subtracted.dat,ok
54.22,0.1927,0.002769,0.1927,11.1226,18.81,0.1424,18.8,0.617,sample_GN7C0000-integrate_subtracted.dat,ok
,,,,,,,,,sample_GN8A0000-integrate_subtracted.dat,autorg_failed
,,,,,,,,,sample_GN8B0000-integrate_subtracted.dat,autorg_failed
6.35,0.03273,0.0001719,0.03567,3.17529,4.956,0.0115,21.62,0.2311,sample_GN8C0000-integrate_subtracted.dat,ok
30.24,0.3785,0.0008571,0.3785,14.6642,11.26,0.01186,11.25,0.5796,sample_GN_vsc_mix10000-integrate_subtracted.dat,ok
56.45,0.8074,0.007326,0.8074,10.9322,17.29,0.1147,17.26,0.7702,sample_GN_vsc_mix20000-integrate_subtracted.dat,ok
57.19,0.8279,0.006434,0.8279,11.4804,17.92,0.09759,17.89,0.6929,sample_GN_vsc_mix30000-integrate_subtracted.dat,ok
10.98,0.1951,0.0001334,0.1951,3.72552,3.513,0.002496,3.514,0.6857,sample_GOXVII0000-integrate_subtracted.dat,ok
12.21,0.108,0.000135,0.108,3.75717,3.633,0.006631,3.633,0.7601,sample_GOXVIIIPIO100000-integrate_subtracted.dat,ok
11.71,0.09795,0.0001436,0.09795,3.67029,3.575,0.006849,3.575,0.8912,sample_GOXVII_00020000-integrate_subtracted.dat,ok
10.96,0.1975,0.0001427,0.1975,3.68274,3.494,0.002808,3.494,0.5994,sample_GOXXS0000-integrate_subtracted.dat,ok
12.87,0.1096,0.0001547,0.1096,3.70704,3.625,0.007735,3.625,0.852,sample_GOXXSIPIO100000-integrate_subtracted.dat,ok
11.34,0.09926,0.0001545,0.09926,3.69322,3.55,0.007323,3.55,0.7692,sample_GOXXS_00020000-integrate_subtracted.dat,ok
4.59,0.01056,3.436e-05,0.01056,2.29398,1.294,0.01289,1.292,0.229,sample_GP_A0000-integrate_subtracted.dat,ok
30.53,0.01468,0.0008903,0.01468,7.95374,12.97,0.302,13.0,0.5233,sample_GP_C0000-integrate_subtracted.dat,ok
,,,,,,,,,sample_GP_D0000-integrate_subtracted.dat,autorg_failed
38.1,0.05289,0.002136,0.0529,11.6365,15.15,0.2321,15.17,0.6609,sample_GP_E0000-integrate_subtracted.dat,ok
44.2,0.08917,0.003139,0.08917,10.4127,16.11,0.2431,16.09,0.6729,sample_GP_F0000-integrate_subtracted.dat,ok
,,,,,,,,,sample_GP_G0000-integrate_subtracted.dat,autorg_failed
,,,,,,,,,sample_GP_H0000-integrate_subtracted.dat,autorg_failed
17.99,0.01639,0.0003784,0.01639,3.22643,8.933,0.05507,8.994,0.3567,sample_GP_I0000-integrate_subtracted.dat,ok
,,,,,,,,,sample_GP_J0000-integrate_subtracted.dat,autorg_failed
17.81,0.02568,0.0002611,0.02569,2.96535,8.828,0.02387,8.9,0.2057,sample_GP_L0000-integrate_subtracted.dat,ok
,,,,,,,,,sample_GP_M0000-integrate_subtracted.dat,autorg_failed
21.24,0.004591,0.0004479,0.004589,5.57055,6.293,0.9649,6.153,0.596,sample_GP_N0000-integrate_subtracted.dat,ok
33.48,0.02646,0.001136,0.02646,9.88564,13.67,0.2355,13.71,0.5767,sample_GP_Q0000-integrate_subtracted.dat,ok
9.75,88.42,0.09815,88.42,3.0744,3.062,0.005019,3.062,0.8544,sample_GSN16uM0000-integrate_subtracted.dat,ok
10.63,87.99,0.09192,87.99,3.09953,3.119,0.004921,3.118,0.8789,sample_GSN16uM_00020000-integrate_subtracted.dat,ok
12.14,124.0,0.134,124.0,3.06559,3.131,0.007919,3.13,0.7726,sample_GSN22uM0000-integrate_subtracted.dat,ok
9.73,117.1,0.1435,117.1,3.05275,3.046,0.004523,3.046,0.8997,sample_GSN22uM_00020000-integrate_subtracted.dat,ok
11.46,158.2,0.1367,158.2,3.04731,3.102,0.006048,3.102,0.7886,sample_GSN28uM0000-integrate_subtracted.dat,ok
11.29,155.3,0.139,155.3,3.05407,3.096,0.00508,3.096,0.8179,sample_GSN28uM_00020000-integrate_subtracted.dat,ok
10.85,224.8,0.1568,224.8,3.03646,3.078,0.003577,3.077,0.8386,sample_GSN40uM0000-integrate_subtracted.dat,ok
12.13,217.0,0.1568,217.0,3.02081,3.089,0.004858,3.089,0.8127,sample_GSN40uM_00020000-integrate_subtracted.dat,ok
10.2,19.92,0.07451,19.92,3.42871,3.415,0.013,3.414,0.858,sample_GSN4uM0000-integrate_subtracted.dat,ok
10.54,19.6,0.09159,19.6,3.57554,3.52,0.01667,3.518,0.804,sample_GSN4uM_00020000-integrate_subtracted.dat,ok
13.59,264.0,0.2311,264.0,3.01381,3.105,0.007408,3.104,0.7137,sample_GSN50uM0000-integrate_subtracted.dat,ok
12.38,295.9,0.2273,295.9,3.02217,3.085,0.005452,3.084,0.7905,sample_GSN60uM0000-integrate_subtracted.dat,ok
9.63,42.4,0.1204,42.4,3.23588,3.255,0.009401,3.255,0.8995,sample_GSN8uM0000-integrate_subtracted.dat,ok
9.84,42.14,0.07034,42.14,3.33871,3.327,0.006187,3.326,0.9001,sample_GSN8uM_00020000-integrate_subtracted.dat,ok
28.67,234.0,1.957,234.0,8.0485,8.204,0.08878,8.182,0.8559,sample_Gm_0p50000-integrate_subtracted.dat,ok
23.77,568.1,2.444,568.0,7.98846,7.963,0.03043,7.949,0.912,sample_Gm_10000-integrate_subtracted.dat,ok
27.17,1110.0,3.968,1110.0,7.88408,7.989,0.03153,7.975,0.9505,sample_Gm_20000-integrate_subtracted.dat,ok
27.22,1623.0,4.713,1623.0,7.8292,8.008,0.02475,7.995,0.9489,sample_Gm_30000-integrate_subtracted.dat,ok
29.3,2306.0,4.345,2306.0,7.6627,7.746,0.02343,7.743,0.8282,sample_Gm_40000-integrate_subtracted.dat,ok
7.63,4.839,0.08492,4.839,3.23383,2.692,0.04532,2.69,0.7981,sample_Gw_0p50000-integrate_subtracted.dat,ok
7.68,11.02,0.08665,11.02,2.84957,2.663,0.02164,2.662,0.7728,sample_Gw_10000-integrate_subtracted.dat,ok
23.24,32.81,0.6416,32.81,3.86624,5.128,0.2632,5.056,0.6635,sample_Gw_20000-integrate_subtracted.dat,ok
23.27,45.48,0.599,45.47,3.9028,5.208,0.1691,5.133,0.6723,sample_Gw_30000-integrate_subtracted.dat,ok
17.73,56.42,0.5615,56.42,3.3057,4.623,0.08913,4.584,0.5739,sample_Gw_40000-integrate_subtracted.dat,ok
24.15,0.7657,0.002743,0.7656,4.05098,5.68,0.04378,5.598,0.6475,sample_H00000-integrate_subtracted.dat,ok
7.24,0.2572,0.0001657,0.2572,3.38386,2.736,0.0009473,2.736,0.5499,sample_H10000-integrate_subtracted.dat,ok
34.7,0.3909,0.002771,0.3908,5.77747,8.637,0.1031,8.509,0.618,sample_H20000-integrate_subtracted.dat,ok
64.02,1.973,0.0125,1.973,15.1477,22.28,0.06367,22.27,0.6779,sample_HC_25mM0000-integrate_subtracted.dat,ok
,,,,,,,,,sample_HC_25mM_6K_250uM_15min_20000-integrate_subtracted.dat,autorg_failed
65.19,4.516,0.02814,4.516,10.8542,24.78,0.0393,24.81,0.4521,sample_HC_25mM_6K_250uM_30min0000-integrate_subtracted.dat,ok
60.77,1.688,0.01117,1.688,14.1711,21.53,0.06735,21.51,0.6436,sample_HC_6K_0min0000-integrate_subtracted.dat,ok
51.87,1.364,0.006959,1.364,13.6978,19.33,0.03658,19.33,0.5873,sample_HC_6K_10min0000-integrate_subtracted.dat,ok
61.05,1.668,0.01231,1.668,10.1466,21.35,0.08333,21.32,0.4003,sample_HC_6K_15min0000-integrate_subtracted.dat,ok
62.74,1.672,0.01511,1.672,13.8235,21.2,0.09306,21.18,0.7986,sample_HC_6K_20min0000-integrate_subtracted.dat,ok
59.59,1.624,0.008502,1.624,9.90419,21.13,0.05115,21.11,0.409,sample_HC_6K_30min0000-integrate_subtracted.dat,ok
53.87,682.6,11.82,682.5,15.891,16.38,0.2806,16.29,0.8605,sample_HEPES_0p50000-integrate_subtracted.dat,ok
51.24,1302.0,8.718,1301.0,15.8831,15.9,0.0961,15.8,0.8016,sample_HEPES_10000-integrate_subtracted.dat,ok
46.28,2343.0,11.12,2343.0,13.186,15.0,0.05644,14.93,0.7714,sample_HEPES_20000-integrate_subtracted.dat,ok
50.8,4326.0,25.9,4325.0,14.2648,15.05,0.09534,14.95,0.5582,sample_HEPES_40000-integrate_subtracted.dat,ok
,,,,,,,,,sample_HEVpol0000-integrate_subtracted.dat,autorg_failed
40.17,209.8,3.939,209.8,6.68754,13.78,0.154,13.66,0.5998,sample_HL0000-integrate_subtracted.dat,ok
54.6,209.8,13.29,209.7,9.29328,18.23,0.6453,18.12,0.6613,sample_HL20000-integrate_subtracted.dat,ok
,,,,,,,,,sample_HLH_0p6310000-integrate_subtracted.dat,autorg_failed
13.81,370.3,0.4953,370.3,3.25396,3.632,0.009569,3.627,0.6788,sample_HLH_11p3330000-integrate_subtracted.dat,ok
9.11,102.3,0.2215,102.3,2.9844,2.981,0.007454,2.98,0.8776,sample_HLH_3p9mgml0000-integrate_subtracted.dat,ok
10.9,164.3,0.1846,164.3,3.10595,3.196,0.005307,3.194,0.7488,sample_HLH_5p7mgml0000-integrate_subtracted.dat,ok
,,,,,,,,,sample_HLH_5p8390000-integrate_subtracted.dat,autorg_failed
9.76,394.7,0.3638,394.7,3.86557,3.515,0.001911,3.515,0.5883,sample_HLH_7p54_Haem0000-integrate_subtracted.dat,ok
19.79,243.2,0.5686,243.2,3.29309,3.687,0.03632,3.676,0.6533,sample_HLH_7p5mgml0000-integrate_subtracted.dat,ok
64.62,4838.0,78.28,4838.0,11.832,15.77,0.2905,15.61,0.6514,sample_HL_FT0000-integrate_subtracted.dat,ok
52.08,2656.0,45.14,2656.0,11.6351,12.92,0.29,12.81,0.6994,sample_HL_FT20000-integrate_subtracted.dat,ok
,,,,,,,,,sample_HPLCBuff0000-integrate_subtracted.dat,autorg_failed
27.42,25.5,0.693,25.5,4.87247,6.258,0.3876,6.215,0.672,sample_HP_0p50000-integrate_subtracted.dat,ok
53.11,4.963,4.235,4.962,12.0732,23.68,13.82,23.6,0.5468,sample_HP_dp4_0p50000-integrate_subtracted.dat,ok
,,,,,,,,,sample_HS10000-integrate_subtracted.dat,autorg_failed
53.17,0.6085,0.01369,0.6085,11.7785,14.48,0.2943,14.39,0.6564,sample_HS100000-integrate_subtracted.dat,ok
22.38,0.02923,0.0003699,0.02923,9.43352,7.618,0.07487,7.57,0.7146,sample_HS110000-integrate_subtracted.dat,ok
26.38,0.0831,0.001104,0.08308,11.7091,8.858,0.08195,8.793,0.5813,sample_HS120000-integrate_subtracted.dat,ok
32.87,0.1479,0.002173,0.1479,11.9912,10.71,0.1171,10.63,0.7302,sample_HS130000-integrate_subtracted.dat,ok
43.32,0.2889,0.006807,0.2888,12.9408,14.01,0.2128,13.92,0.7365,sample_HS140000-integrate_subtracted.dat,ok
38.95,0.3058,0.004926,0.3057,11.3619,12.32,0.1433,12.23,0.7163,sample_HS150000-integrate_subtracted.dat,ok
,,,,,,,,,sample_HS160000-integrate_subtracted.dat,autorg_failed
36.45,1.188,0.005664,1.187,11.0915,11.76,0.03236,11.75,0.645,sample_HS170000-integrate_subtracted.dat,ok
34.69,0.3892,0.002611,0.3891,10.6738,10.57,0.06083,10.49,0.7303,sample_HS180000-integrate_subtracted.dat,ok
34.57,0.5288,0.003363,0.5287,8.42987,10.67,0.05699,10.59,0.7734,sample_HS190000-integrate_subtracted.dat,ok
18.45,0.03253,0.000385,0.03253,5.30859,6.099,0.05596,6.074,0.7582,sample_HS20000-integrate_subtracted.dat,ok
40.24,0.7281,0.008618,0.7279,10.8006,11.59,0.1429,11.49,0.7237,sample_HS200000-integrate_subtracted.dat,ok
24.7,0.05921,0.0006458,0.05919,9.32486,8.116,0.07129,8.054,0.7321,sample_HS30000-integrate_subtracted.dat,ok
30.62,0.09854,0.001151,0.09852,7.54403,9.469,0.1048,9.383,0.6814,sample_HS40000-integrate_subtracted.dat,ok
39.66,0.1539,0.003151,0.1539,11.1617,11.71,0.2294,11.58,0.6419,sample_HS50000-integrate_subtracted.dat,ok
34.75,0.08903,0.001252,0.08901,13.6101,11.26,0.1307,11.15,0.7089,sample_HS60000-integrate_subtracted.dat,ok
33.65,0.1523,0.002305,0.1522,9.69569,10.56,0.1335,10.47,0.6096,sample_HS70000-integrate_subtracted.dat,ok
42.3,0.3257,0.004534,0.3256,13.2326,13.33,0.1436,13.23,0.7233,sample_HS80000-integrate_subtracted.dat,ok
73.88,0.6462,0.04663,0.6461,13.3395,19.46,1.041,19.32,0.6903,sample_HS90000-integrate_subtracted.dat,ok
19.95,16.03,0.4425,16.03,4.06078,4.994,0.2697,4.972,0.6685,sample_HS_0p50000-integrate_subtracted.dat,ok
53.8,0.01464,0.003024,0.01464,10.503,19.37,3.001,19.32,0.6824,sample_HT0010000-integrate_subtracted.dat,ok
73.82,0.0452,0.01179,0.0452,14.4043,28.17,2.737,28.19,0.8084,sample_HT0020000-integrate_subtracted.dat,ok
,,,,,,,,,sample_HT0030000-integrate_subtracted.dat,autorg_failed
59.96,0.02103,0.005355,0.02103,15.5702,23.05,2.771,23.03,0.6628,sample_HT0040000-integrate_subtracted.dat,ok
25.49,0.003254,0.0005679,0.003253,11.9885,9.221,1.33,9.167,0.5437,sample_HT0050000-integrate_subtracted.dat,ok
,,,,,,,,,sample_HT0060000-integrate_subtracted.dat,autorg_failed
2.82,0.001299,3.159e-05,0.001299,1.17749,0.6285,0.06717,0.6285,0.5587,sample_HT0070000-integrate_subtracted.dat,ok
,,,,,,,,,sample_HT0080000-integrate_subtracted.dat,autorg_failed
,,,,,,,,,sample_HT0090000-integrate_subtracted.dat,autorg_failed
55.07,0.02738,0.002885,0.02738,13.0315,19.85,0.9069,19.85,0.6518,sample_HT0100000-integrate_subtracted.dat,ok
49.23,0.03408,0.002291,0.03408,9.44642,18.79,0.4416,18.8,0.8315,sample_HT0110000-integrate_subtracted.dat,ok
15.79,0.003478,0.0002626,0.003478,5.09284,7.138,0.232,7.14,0.5955,sample_HT0120000-integrate_subtracted.dat,ok
61.45,0.02306,0.003195,0.02306,14.1582,19.75,1.535,19.69,0.6741,sample_HT0130000-integrate_subtracted.dat,ok
38.18,0.01513,0.001121,0.01513,11.8352,14.57,0.3764,14.58,0.7617,sample_HT0140000-integrate_subtracted.dat,ok
34.9,0.005906,0.0007507,0.005906,11.2539,12.91,0.8614,12.92,0.8268,sample_HT0150000-integrate_subtracted.dat,ok
5.33,0.03945,6.389e-05,0.03945,1.7358,1.8,0.003479,1.801,0.7334,sample_HT0160000-integrate_subtracted.dat,ok
5.9,0.01549,6.183e-05,0.01549,1.80336,1.84,0.009164,1.84,0.9147,sample_HT0170000-integrate_subtracted.dat,ok
5.77,0.006562,5.966e-05,0.006562,1.8161,1.827,0.02224,1.827,0.7467,sample_HT0180000-integrate_subtracted.dat,ok
6.2,0.04813,0.0001034,0.04813,2.083,2.09,0.004642,2.09,0.8702,sample_HT0190000-integrate_subtracted.dat,ok
7.4,0.02386,8.154e-05,0.02386,2.29423,2.31,0.01022,2.31,0.8243,sample_HT0200000-integrate_subtracted.dat,ok
6.18,0.009547,6.234e-05,0.009547,2.22832,2.166,0.01471,2.166,0.8433,sample_HT0210000-integrate_subtracted.dat,ok
5.44,0.04101,7.001e-05,0.04101,1.74784,1.818,0.003988,1.818,0.7619,sample_HT0220000-integrate_subtracted.dat,ok
5.78,0.01778,7.033e-05,0.01778,1.83574,1.864,0.01019,1.864,0.9093,sample_HT0230000-integrate_subtracted.dat,ok
6.23,0.008583,6.534e-05,0.008583,1.88586,1.94,0.022,1.94,0.9156,sample_HT0240000-integrate_subtracted.dat,ok
6.36,0.03895,6.497e-05,0.03895,1.96248,1.974,0.004958,1.973,0.7512,sample_HT0250000-integrate_subtracted.dat,ok
5.38,0.01624,6.553e-05,0.01624,1.97315,1.918,0.007361,1.918,0.8873,sample_HT0260000-integrate_subtracted.dat,ok
5.25,0.007248,5.872e-05,0.007248,1.99749,1.927,0.0156,1.927,0.8674,sample_HT0270000-integrate_subtracted.dat,ok
6.79,0.02605,0.0001059,0.02605,2.87495,2.353,0.007807,2.352,0.5809,sample_HT0290000-integrate_subtracted.dat,ok
12.38,0.01833,0.0001941,0.01833,4.71476,3.554,0.04795,3.55,0.476,sample_HT0300000-integrate_subtracted.dat,ok
20.21,0.07481,0.0004922,0.07481,3.36566,4.246,0.09282,4.227,0.6088,sample_HT0310000-integrate_subtracted.dat,ok
7.46,0.02377,0.0001336,0.02377,2.48605,2.374,0.01699,2.373,0.7737,sample_HT0320000-integrate_subtracted.dat,ok
,,,,,,,,,sample_HT0330000-integrate_subtracted.dat,autorg_failed
23.56,0.08308,0.0007384,0.08307,4.00434,4.847,0.1362,4.815,0.6808,sample_HT0340000-integrate_subtracted.dat,ok
17.67,0.03448,0.0002715,0.03448,3.00696,3.794,0.08812,3.782,0.6691,sample_HT0350000-integrate_subtracted.dat,ok
7.66,0.01243,7.565e-05,0.01243,2.34761,2.329,0.02008,2.328,0.6989,sample_HT0360000-integrate_subtracted.dat,ok
11.67,0.07146,0.000219,0.07146,2.67307,3.262,0.01778,3.258,0.6258,sample_HT0370000-integrate_subtracted.dat,ok
6.5,0.03115,7.182e-05,0.03115,2.6566,2.443,0.004369,2.443,0.5552,sample_HT0380000-integrate_subtracted.dat,ok
6.44,0.01458,7.457e-05,0.01458,2.68588,2.402,0.009721,2.402,0.5477,sample_HT0390000-integrate_subtracted.dat,ok
12.04,0.05518,0.0001831,0.05518,2.19369,2.87,0.02693,2.865,0.5813,sample_HT0400000-integrate_subtracted.dat,ok
7.09,0.02254,8.185e-05,0.02254,2.18324,2.223,0.01242,2.223,0.7183,sample_HT0410000-integrate_subtracted.dat,ok
5.11,0.009126,5.672e-05,0.009126,2.06514,1.962,0.009265,1.962,0.8749,sample_HT0420000-integrate_subtracted.dat,ok
,,,,,,,,,sample_HT0430000-integrate_subtracted.dat,autorg_failed
,,,,,,,,,sample_HT0440000-integrate_subtracted.dat,autorg_failed
,,,,,,,,,sample_HT0450000-integrate_subtracted.dat,autorg_failed
14.45,0.003712,0.0003129,0.003712,2.51978,4.328,0.7517,4.304,0.5508,sample_HT0460000-integrate_subtracted.dat,ok
14.59,0.001367,0.0001461,0.001367,3.28688,0.5757,2.044,0.5543,0.6308,sample_HT0470000-integrate_subtracted.dat,ok
,,,,,,,,,sample_HT0480000-integrate_subtracted.dat,autorg_failed
6.36,0.003839,7.749e-05,0.003839,3.1546,1.332,0.09276,1.33,0.604,sample_HT0490000-integrate_subtracted.dat,ok
4.67,0.001415,4.599e-05,0.001415,1.87355,0.2771,0.2613,0.2751,0.5731,sample_HT0500000-integrate_subtracted.dat,ok
,,,,,,,,,sample_HT0510000-integrate_subtracted.dat,autorg_failed
20.77,0.003271,0.0002693,0.003271,4.48237,4.534,1.324,4.484,0.6559,sample_HT0520000-integrate_subtracted.dat,ok
3.82,0.001567,4.052e-05,0.001567,1.74763,0.8268,0.09378,0.8266,0.5826,sample_HT0530000-integrate_subtracted.dat,ok
,,,,,,,,,sample_HT0540000-integrate_subtracted.dat,autorg_failed
5.64,0.006829,4.67e-05,0.006829,1.0016,2.256,0.0128,2.255,0.1271,sample_HT0550000-integrate_subtracted.dat,ok
5.04,0.002081,8.578e-05,0.002081,1.00453,0.9623,0.2288,0.9624,0.5891,sample_HT0560000-integrate_subtracted.dat,ok
3.19,0.0008973,2.764e-05,0.0008973,1.00503,1.092,0.04686,1.092,0.5839,sample_HT0570000-integrate_subtracted.dat,ok
,,,,,,,,,sample_HT0580000-integrate_subtracted.dat,autorg_failed
5.66,0.003617,3.441e-05,0.003617,2.33194,0.9943,0.05415,0.9943,0.6697,sample_HT0590000-integrate_subtracted.dat,ok
,,,,,,,,,sample_HT0600000-integrate_subtracted.dat,autorg_failed
2.1,0.01592,6.926e-05,0.01625,1.05273,1.806,0.01003,5.67,0.3077,sample_HT0610000-integrate_subtracted.dat,ok
8.73,0.01023,6.969e-05,0.01023,3.8542,2.927,0.02331,2.924,0.2479,sample_HT0620000-integrate_subtracted.dat,ok
7.77,0.005182,4.693e-05,0.005182,3.33249,2.593,0.02534,2.591,0.233,sample_HT0630000-integrate_subtracted.dat,ok
6.18,0.01721,0.0001038,0.01721,1.96192,2.135,0.01245,2.134,0.6868,sample_HT0640000-integrate_subtracted.dat,ok
6.09,0.06859,9.877e-05,0.06859,2.01555,1.999,0.003626,1.999,0.8763,sample_HT0650000-integrate_subtracted.dat,ok
5.53,0.03063,6.037e-05,0.03063,1.95852,1.94,0.004587,1.94,0.7776,sample_HT0660000-integrate_subtracted.dat,ok
5.26,0.0134,7.337e-05,0.0134,1.89573,1.889,0.009895,1.889,0.8757,sample_HT0670000-integrate_subtracted.dat,ok
5.03,0.00565,6.586e-05,0.00565,1.7452,1.754,0.02334,1.754,0.6057,sample_HT0680000-integrate_subtracted.dat,ok
3.78,0.002271,4.864e-05,0.002271,1.79008,1.552,0.02546,1.552,0.5879,sample_HT0690000-integrate_subtracted.dat,ok
4.22,0.0013,5.185e-05,0.0013,1.54881,1.613,0.07718,1.613,0.5453,sample_HT0700000-integrate_subtracted.dat,ok
16.48,0.1845,0.0002826,0.1845,4.86248,4.937,0.01013,4.937,0.7938,sample_H_0p630000-integrate_subtracted.dat,ok
23.61,0.8239,0.0008943,0.824,4.07816,1.131,0.09742,0.6347,0.6228,sample_H_100000-integrate_subtracted.dat,ok
22.15,0.3314,0.0003689,0.3314,4.46479,4.301,0.01767,4.32,0.6728,sample_H_1p250000-integrate_subtracted.dat,ok
12.74,1.471,0.0005517,1.471,3.36363,4.187,0.001193,4.186,0.6231,sample_H_200000-integrate_subtracted.dat,ok
19.79,0.3901,0.0007158,0.3901,4.614,4.305,0.02281,4.32,0.714,sample_H_2p50000-integrate_subtracted.dat,ok
21.93,0.5924,0.000845,0.5925,4.46213,3.151,0.03289,3.217,0.6516,sample_H_3p750000-integrate_subtracted.dat,ok
14.18,0.7199,0.000198,0.7199,4.36279,4.693,0.001056,4.692,0.6319,sample_H_50000-integrate_subtracted.dat,ok
22.63,0.5613,0.0004308,0.5613,4.2795,3.295,0.01768,3.356,0.6425,sample_H_6p250000-integrate_subtracted.dat,ok
23.03,0.6757,0.0006286,0.6757,4.35156,2.542,0.03074,2.65,0.6331,sample_H_7p50000-integrate_subtracted.dat,ok
45.15,149.0,8.868,149.0,7.63507,13.49,0.6413,13.35,0.7011,sample_Ha0000-integrate_subtracted.dat,ok
50.84,350.2,13.35,350.2,9.10128,13.04,0.6503,12.89,0.692,sample_HaATPV10000-integrate_subtracted.dat,ok
,,,,,,,,,sample_HaATPV20000-integrate_subtracted.dat,autorg_failed
,,,,,,,,,sample_HaATPV30000-integrate_subtracted.dat,autorg_failed
64.24,424.2,41.56,424.1,10.7761,16.56,1.888,16.36,0.6872,sample_HaATP_10000-integrate_subtracted.dat,ok
47.74,194.2,8.558,194.2,12.8787,13.52,0.6167,13.41,0.7034,sample_HaATP_20000-integrate_subtracted.dat,ok
,,,,,,,,,sample_HaATP_30000-integrate_subtracted.dat,autorg_failed
27.64,62.45,1.452,62.44,10.4348,9.62,0.134,9.564,0.805,sample_Ha_20000-integrate_subtracted.dat,ok
54.41,955.9,27.34,955.8,9.26121,13.46,0.5359,13.33,0.6919,sample_Ha_ATPv_hi0000-integrate_subtracted.dat,ok
,,,,,,,,,sample_Ha_Prob0000-integrate_subtracted.dat,autorg_failed
50.68,962.8,15.11,962.7,9.96313,13.05,0.2461,12.91,0.6817,sample_Ha_hi0000-integrate_subtracted.dat,ok
12.6,46.57,0.1243,46.57,2.56854,2.982,0.01902,2.977,0.6764,sample_Haem100uM_2p020000-integrate_subtracted.dat,ok
12.14,63.25,0.1469,63.25,2.54921,2.934,0.01987,2.93,0.636,sample_Haem100uM_3p030000-integrate_subtracted.dat,ok
13.55,101.8,0.2203,101.8,2.4471,2.809,0.02077,2.804,0.6235,sample_Haem100uM_3p50000-integrate_subtracted.dat,ok
9.71,126.4,0.1602,126.4,2.28645,2.543,0.0071,2.541,0.6396,sample_Haem100uM_4p2870000-integrate_subtracted.dat,ok
5.94,133.1,0.0832,133.1,2.24201,2.134,0.001053,2.134,0.6074,sample_Haem100uM_5p5960000-integrate_subtracted.dat,ok
5.92,169.5,0.09839,169.5,2.21208,2.117,0.0008744,2.117,0.6089,sample_Haem100uM_7p470000-integrate_subtracted.dat,ok
8.45,50.55,0.09032,50.55,2.70408,2.707,0.005561,2.707,0.6129,sample_Haem200uM_2p020000-integrate_subtracted.dat,ok
15.06,78.48,0.2473,78.48,2.65975,3.204,0.03352,3.197,0.6443,sample_Haem200uM_3p030000-integrate_subtracted.dat,ok
13.21,110.7,0.2081,110.7,2.70921,3.092,0.0164,3.087,0.6267,sample_Haem200uM_3p50000-integrate_subtracted.dat,ok
10.94,140.4,0.2452,140.4,2.79448,2.938,0.009493,2.935,0.6719,sample_Haem200uM_4p2870000-integrate_subtracted.dat,ok
14.27,186.3,0.3638,186.3,2.53553,3.016,0.01866,3.011,0.6723,sample_Haem200uM_5p5950000-integrate_subtracted.dat,ok
15.34,209.3,0.4025,209.3,2.61054,3.043,0.0213,3.037,0.6801,sample_Haem200uM_7p470000-integrate_subtracted.dat,ok
15.03,178.0,0.3611,178.0,2.75163,3.209,0.02259,3.202,0.6386,sample_Haem400uM_4p2870000-integrate_subtracted.dat,ok
13.17,203.5,0.3165,203.5,2.72851,3.063,0.01229,3.059,0.6766,sample_Haem400uM_5p5950000-integrate_subtracted.dat,ok
6.43,223.6,0.1271,223.6,2.5493,2.323,0.0009767,2.323,0.6054,sample_Haem400uM_7p470000-integrate_subtracted.dat,ok
7.07,3.087,0.05486,3.087,2.43923,2.253,0.0683,2.252,0.5818,sample_Haem_100uM0000-integrate_subtracted.dat,ok
7.36,4.786,0.07534,4.786,2.60889,2.457,0.05043,2.456,0.6401,sample_Haem_150uM0000-integrate_subtracted.dat,ok
6.51,7.582,0.06185,7.582,2.36757,2.356,0.02202,2.355,0.6449,sample_Haem_200uM0000-integrate_subtracted.dat,ok
6.73,9.499,0.06437,9.499,2.45546,2.403,0.01673,2.403,0.7086,sample_Haem_250uM0000-integrate_subtracted.dat,ok
10.41,17.71,0.08504,17.71,2.69134,2.995,0.02365,2.992,0.6734,sample_Haem_400uM0000-integrate_subtracted.dat,ok
9.91,86.11,0.1185,86.11,2.06472,2.332,0.008765,2.33,0.6285,sample_Haem_50uM0000-integrate_subtracted.dat,ok
,,,,,,,,,sample_Hb0000-integrate_subtracted.dat,autorg_failed
,,,,,,,,,sample_HbATP_10000-integrate_subtracted.dat,autorg_failed
,,,,,,,,,sample_HbATPv0000-integrate_subtracted.dat,autorg_failed
37.57,316.7,5.112,316.7,11.0847,12.2,0.1364,12.13,0.8521,sample_HbATPv20000-integrate_subtracted.dat,ok
3.53,4.737,0.04372,4.737,1.04737,1.088,0.0197,1.088,0.82,sample_Hep_dp8_0p50000-integrate_subtracted.dat,ok
4.17,0.1492,0.0004122,0.1492,1.4509,1.428,0.004669,1.428,0.9557,sample_High_Au0000-integrate_subtracted.dat,ok
32.18,444.8,2.012,444.7,8.27342,9.16,0.04184,9.097,0.7674,sample_His_SUMO_EnB10000-integrate_subtracted.dat,ok
24.97,150.7,1.202,150.7,7.31887,7.542,0.07252,7.493,0.8061,sample_His_SUMO_EnB1_00020000-integrate_subtracted.dat,ok
19.98,60.91,0.6313,60.91,6.89285,6.692,0.05431,6.674,0.8714,sample_His_SUMO_EnB1_00030000-integrate_subtracted.dat,ok
18.29,26.12,0.4049,26.12,6.52603,6.122,0.06755,6.109,0.8764,sample_His_SUMO_EnB1_00040000-integrate_subtracted.dat,ok
14.94,9.153,0.2655,9.153,6.54232,5.408,0.07821,5.405,0.8798,sample_His_SUMO_EnB1_00050000-integrate_subtracted.dat,ok
6.35,4.615,0.06207,4.615,1.20873,1.353,0.08395,1.353,0.6493,sample_HsfA1a_DBD_1pt350000-integrate_subtracted.dat,ok
3.18,9.449,0.03139,9.449,1.29803,1.248,0.004017,1.248,0.6684,sample_HsfA1a_DBD_2pt70000-integrate_subtracted.dat,ok
3.39,19.87,0.04177,19.87,1.3569,1.306,0.002811,1.306,0.7431,sample_HsfA1a_DBD_5pt40000-integrate_subtracted.dat,ok
7.12,0.06994,0.0001624,0.06994,1.29525,2.219,0.007198,2.216,0.2628,sample_Hst10000-integrate_subtracted.dat,ok
4.13,1.791,0.03892,1.791,1.02165,1.239,0.05313,1.239,0.5503,sample_Hst1_0p140000-integrate_subtracted.dat,ok
,,,,,,,,,sample_Hst1_0p170000-integrate_subtracted.dat,autorg_failed
64.35,63.61,12.63,63.6,12.5579,23.45,2.072,23.38,0.6598,sample_Hst1_0p1750000-integrate_subtracted.dat,ok
,,,,,,,,,sample_Hst1_0p17_20000-integrate_subtracted.dat,autorg_failed
2.87,2.925,0.09419,2.925,1.03303,0.9408,0.05241,0.9406,0.5393,sample_Hst1_0p17_30000-integrate_subtracted.dat,ok
8.71,34.1,0.308,34.1,3.16606,3.069,0.02052,3.068,0.7873,sample_Hst1_0p17_RNA0000-integrate_subtracted.dat,ok
4.72,2.832,0.04915,2.832,1.17863,1.3,0.05156,1.3,0.5219,sample_Hst1_0p280000-integrate_subtracted.dat,ok
4.92,6.468,0.08091,6.468,1.5762,2.024,0.01588,2.024,0.2676,sample_Hst1_0p340000-integrate_subtracted.dat,ok
3.16,4.467,0.09567,4.467,1.11905,1.153,0.02956,1.153,0.4909,sample_Hst1_0p34_20000-integrate_subtracted.dat,ok
52.94,46.37,9.61,46.37,8.95202,19.04,2.51,19.05,0.6418,sample_Hst1_0p34_30000-integrate_subtracted.dat,ok
10.37,86.99,0.5087,86.99,3.39786,3.39,0.01836,3.388,0.8253,sample_Hst1_0p34_RNA0000-integrate_subtracted.dat,ok
4.01,4.99,0.05579,4.99,1.02567,1.398,0.02233,1.397,0.4931,sample_Hst1_0p350000-integrate_subtracted.dat,ok
4.55,5.521,0.04949,5.521,1.35887,1.472,0.01941,1.471,0.5079,sample_Hst1_0p560000-integrate_subtracted.dat,ok
7.85,7.142,0.104,7.142,1.34513,1.463,0.1166,1.463,0.553,sample_Hst1_0p680000-integrate_subtracted.dat,ok
4.11,7.919,0.1416,7.919,1.32539,1.462,0.0347,1.461,0.5353,sample_Hst1_0p68_20000-integrate_subtracted.dat,ok
6.3,9.284,0.2343,9.283,1.49655,2.061,0.08544,2.06,0.5644,sample_Hst1_0p68_30000-integrate_subtracted.dat,ok
8.71,32.6,0.2935,32.6,3.16705,3.169,0.02103,3.168,0.4974,sample_Hst1_0p68_RNA0000-integrate_subtracted.dat,ok
4.77,8.543,0.09179,8.543,1.29024,1.661,0.01979,1.661,0.4538,sample_Hst1_0p70000-integrate_subtracted.dat,ok
4.54,10.47,0.05085,10.47,1.48742,1.525,0.01029,1.525,0.6928,sample_Hst1_1p120000-integrate_subtracted.dat,ok
8.19,27.21,0.1372,27.21,2.43264,2.491,0.01694,2.489,0.7125,sample_Hst1_1p370000-integrate_subtracted.dat,ok
31.99,219.9,3.261,220.0,5.82637,14.02,0.04994,14.11,0.4341,sample_Hst1_1p37_20000-integrate_subtracted.dat,ok
32.48,213.6,4.226,213.6,5.40805,14.42,0.06325,14.51,0.2725,sample_Hst1_1p37_30000-integrate_subtracted.dat,ok
3.21,6.735,0.1069,6.735,1.00321,1.345,0.01485,1.345,0.1965,sample_Hst1_1p37_RNA0000-integrate_subtracted.dat,ok
4.88,15.46,0.1091,15.46,1.4953,1.85,0.01204,1.849,0.2576,sample_Hst1_1p40000-integrate_subtracted.dat,ok
9.37,46.39,0.1974,46.39,2.63726,2.85,0.01435,2.848,0.6511,sample_Hst1_2p250000-integrate_subtracted.dat,ok
7.79,52.93,0.1434,52.93,2.5109,2.499,0.007348,2.498,0.816,sample_Hst1_2p750000-integrate_subtracted.dat,ok
4.81,30.65,0.1797,30.65,1.68729,1.687,0.01078,1.687,0.6639,sample_Hst1_2p75_20000-integrate_subtracted.dat,ok
5.19,29.99,0.2502,29.99,1.69979,1.735,0.01852,1.735,0.6982,sample_Hst1_2p75_30000-integrate_subtracted.dat,ok
5.25,24.29,0.198,24.29,1.79206,1.809,0.01487,1.808,0.6558,sample_Hst1_2p75_RNA0000-integrate_subtracted.dat,ok
9.7,32.52,0.2766,32.52,1.63226,2.407,0.05022,2.403,0.5281,sample_Hst1_2p80000-integrate_subtracted.dat,ok
9.19,50.89,0.1458,50.89,1.91949,2.178,0.01541,2.176,0.641,sample_Hst1_4p50000-integrate_subtracted.dat,ok
7.17,70.26,0.1486,70.26,2.08614,2.164,0.006877,2.163,0.73,sample_Hst1_5p50000-integrate_subtracted.dat,ok
5.54,66.0,0.2405,66.0,1.84627,1.84,0.008144,1.84,0.7963,sample_Hst1_5p5_20000-integrate_subtracted.dat,ok
6.24,68.21,0.2887,68.21,1.87793,1.972,0.0115,1.972,0.7106,sample_Hst1_5p5_30000-integrate_subtracted.dat,ok
6.03,59.78,0.271,59.77,1.96339,2.028,0.009823,2.028,0.5619,sample_Hst1_5p5_RNA0000-integrate_subtracted.dat,ok
7.72,64.74,0.1834,64.74,1.81432,2.135,0.01263,2.134,0.5573,sample_Hst1_5p60000-integrate_subtracted.dat,ok
5.66,4.18,0.06094,4.18,1.21524,1.407,0.06723,1.407,0.6298,sample_Hst1_Glycerol_0p3120000-integrate_subtracted.dat,ok
7.15,7.435,0.07457,7.435,1.32559,1.736,0.05726,1.734,0.5525,sample_Hst1_Glycerol_0p6250000-integrate_subtracted.dat,ok
6.52,94.37,0.1643,94.37,1.9287,2.034,0.005047,2.033,0.6658,sample_Hst1_Glycerol_10p00000-integrate_subtracted.dat,ok
8.58,14.73,0.09692,14.73,1.55,2.087,0.04096,2.084,0.584,sample_Hst1_Glycerol_1p250000-integrate_subtracted.dat,ok
9.02,29.3,0.1271,29.3,1.70566,2.441,0.02251,2.438,0.6044,sample_Hst1_Glycerol_2p50000-integrate_subtracted.dat,ok
5.89,68.12,0.09466,68.12,2.33507,2.156,0.002303,2.155,0.4701,sample_Hst1_Glycerol_5p00000-integrate_subtracted.dat,ok
,,,,,,,,,sample_Hst1_HS_0p060000-integrate_subtracted.dat,autorg_failed
6.66,0.002357,8.055e-05,0.002357,1.4669,1.62,0.1626,1.619,0.56,sample_Hst1_HS_0p210000-integrate_subtracted.dat,ok
6.48,0.002742,0.000113,0.002742,1.29613,1.509,0.2397,1.509,0.5598,sample_Hst1_HS_0p330000-integrate_subtracted.dat,ok
4.5,0.003797,6.252e-05,0.003797,1.56654,1.552,0.02994,1.552,0.806,sample_Hst1_HS_0p530000-integrate_subtracted.dat,ok
4.69,0.004851,4.133e-05,0.004851,1.67163,1.601,0.01556,1.6,0.6535,sample_Hst1_HS_0p700000-integrate_subtracted.dat,ok
8.44,0.01453,0.0001398,0.01453,1.86861,3.04,0.02692,3.036,0.3396,sample_Hst1_HS_1p180000-integrate_subtracted.dat,ok
58.9,0.06979,0.01117,0.06979,13.0777,20.83,1.29,20.78,0.622,sample_Hst1_HS_1p440000-integrate_subtracted.dat,ok
4.69,0.00826,7.235e-05,0.00826,1.75058,1.725,0.01367,1.724,0.5484,sample_Hst1_HS_1p590000-integrate_subtracted.dat,ok
10.58,0.01606,0.0001687,0.01606,1.89308,4.372,0.02225,4.369,0.2704,sample_Hst1_HS_1p71precp0000-integrate_subtracted.dat,ok
9.29,0.07381,0.0002261,0.07381,2.7109,2.805,0.01276,2.802,0.7258,sample_Hst1_HS_4p770000-integrate_subtracted.dat,ok
10.42,0.07321,0.0002402,0.07321,2.73169,2.903,0.01438,2.9,0.7125,sample_Hst1_HS_4p890000-integrate_subtracted.dat,ok
,,,,,,,,,sample_Hst1_HS_glyc0000-integrate_subtracted.dat,autorg_failed
35.85,0.002387,0.001642,0.002387,8.66109,16.74,12.26,16.68,0.5947,sample_Hst1_LS_0p070000-integrate_subtracted.dat,ok
5.03,0.001455,5.756e-05,0.001455,2.24858,1.743,0.07028,1.743,0.6782,sample_Hst1_LS_0p120000-integrate_subtracted.dat,ok
2.88,0.001091,3.798e-05,0.001091,1.21263,1.035,0.04875,1.034,0.54,sample_Hst1_LS_0p160000-integrate_subtracted.dat,ok
,,,,,,,,,sample_Hst1_LS_0p210000-integrate_subtracted.dat,autorg_failed
,,,,,,,,,sample_Hst1_LS_0p280000-integrate_subtracted.dat,autorg_failed
3.54,0.002026,3.065e-05,0.002026,1.4296,1.319,0.02042,1.319,0.6557,sample_Hst1_LS_0p300000-integrate_subtracted.dat,ok
,,,,,,,,,sample_Hst1_LS_0p420000-integrate_subtracted.dat,autorg_failed
,,,,,,,,,sample_Hst1_LS_0p580000-integrate_subtracted.dat,autorg_failed
5.25,0.004178,3.624e-05,0.004178,1.6799,1.706,0.01702,1.705,0.7268,sample_Hst1_LS_0p600000-integrate_subtracted.dat,ok
8.59,0.01437,0.000121,0.01437,1.46256,3.993,0.01388,3.995,0.1242,sample_Hst1_LS_0p68_precp0000-integrate_subtracted.dat,ok
3.86,0.002575,3.112e-05,0.002575,1.28587,1.332,0.02062,1.332,0.7823,sample_Hst1_LS_0p860000-integrate_subtracted.dat,ok
6.19,0.01378,8.995e-05,0.01378,1.93789,2.526,0.01005,2.525,0.1798,sample_Hst1_LS_1p540000-integrate_subtracted.dat,ok
4.99,0.006459,5.885e-05,0.006459,1.36873,1.423,0.02386,1.423,0.8116,sample_Hst1_LS_1p580000-integrate_subtracted.dat,ok
,,,,,,,,,sample_Hst1_LS_1p990000-integrate_subtracted.dat,autorg_failed
7.48,0.02851,0.0001373,0.02851,1.6125,3.024,0.008454,3.022,0.1897,sample_Hst1_LS_2p460000-integrate_subtracted.dat,ok
3.88,0.01503,4.602e-05,0.01503,1.37464,1.372,0.004687,1.371,0.8103,sample_Hst1_LS_3p110000-integrate_subtracted.dat,ok
7.16,0.04347,0.0001606,0.04347,1.31345,1.355,0.02606,1.355,0.5553,sample_Hst1_LS_4p520000-integrate_subtracted.dat,ok
,,,,,,,,,sample_Hst1_LS_glyc0000-integrate_subtracted.dat,autorg_failed
,,,,,,,,,sample_Hst1_LS_old_buffer0000-integrate_subtracted.dat,autorg_failed
5.39,4.878,0.06,4.878,1.47848,1.642,0.03773,1.641,0.5733,sample_Hst1_U2_0p280000-integrate_subtracted.dat,ok
5.73,6.183,0.05196,6.183,1.35601,1.519,0.03303,1.518,0.5867,sample_Hst1_U2_0p560000-integrate_subtracted.dat,ok
7.36,11.09,0.08122,11.09,1.58489,1.775,0.03815,1.774,0.6249,sample_Hst1_U2_1p120000-integrate_subtracted.dat,ok
7.3,28.17,0.1299,28.17,2.12497,2.183,0.01412,2.182,0.722,sample_Hst1_U2_2p250000-integrate_subtracted.dat,ok
7.01,39.07,0.08514,39.07,1.8961,1.997,0.00703,1.996,0.7095,sample_Hst1_U2_4p50000-integrate_subtracted.dat,ok
6.68,77.92,0.1377,77.92,2.0545,2.064,0.005752,2.063,0.7896,sample_Hst1_U2_9p00000-integrate_subtracted.dat,ok
5.19,3.863,0.05828,3.863,1.42202,1.586,0.04725,1.585,0.5688,sample_Hst1_U4_0p4370000-integrate_subtracted.dat,ok
8.94,6.631,0.08792,6.631,1.4869,1.608,0.1257,1.608,0.5787,sample_Hst1_U4_0p8750000-integrate_subtracted.dat,ok
5.35,13.32,0.06359,13.32,1.77756,1.756,0.01048,1.756,0.6715,sample_Hst1_U4_1p750000-integrate_subtracted.dat,ok
6.6,26.96,0.09178,26.96,1.97041,1.987,0.008932,1.986,0.7218,sample_Hst1_U4_3p50000-integrate_subtracted.dat,ok
6.68,48.38,0.09513,48.38,1.9868,2.024,0.006141,2.024,0.7406,sample_Hst1_U4_7p00000-integrate_subtracted.dat,ok
7.99,2.335,0.09124,2.335,1.65118,1.415,0.3337,1.417,0.5685,sample_Hst1_U8_0p280000-integrate_subtracted.dat,ok
8.62,4.281,0.08216,4.281,1.55573,1.68,0.1506,1.68,0.6008,sample_Hst1_U8_0p560000-integrate_subtracted.dat,ok
5.17,6.842,0.05017,6.842,1.73763,1.737,0.01647,1.736,0.5777,sample_Hst1_U8_1p120000-integrate_subtracted.dat,ok
5.72,14.93,0.09619,14.93,2.19905,1.99,0.01328,1.99,0.7933,sample_Hst1_U8_2p250000-integrate_subtracted.dat,ok
8.68,23.8,0.08105,23.8,1.88641,2.075,0.01738,2.074,0.664,sample_Hst1_U8_4p50000-integrate_subtracted.dat,ok
5.38,0.03146,0.0001073,0.03146,1.66849,1.783,0.007021,1.782,0.6522,sample_Hst30000-integrate_subtracted.dat,ok
49.32,0.008293,0.003024,0.008291,10.6542,19.04,12.17,18.92,0.616,sample_Hst3_HS_0p140000-integrate_subtracted.dat,ok
,,,,,,,,,sample_Hst3_HS_0p230000-integrate_subtracted.dat,autorg_failed
3.63,0.00136,3.612e-05,0.00136,1.33189,1.306,0.03526,1.306,0.6749,sample_Hst3_HS_0p320000-integrate_subtracted.dat,ok
4.62,0.001833,5.122e-05,0.001833,1.2673,1.343,0.06739,1.343,0.631,sample_Hst3_HS_0p440000-integrate_subtracted.dat,ok
3.98,0.002387,4.294e-05,0.002387,1.45901,1.395,0.03108,1.395,0.6852,sample_Hst3_HS_0p700000-integrate_subtracted.dat,ok
4.85,0.003285,4.047e-05,0.003285,1.42499,1.445,0.03195,1.444,0.7457,sample_Hst3_HS_0p840000-integrate_subtracted.dat,ok
4.2,0.006334,6.054e-05,0.006334,1.43333,1.434,0.01692,1.434,0.7951,sample_Hst3_HS_1p450000-integrate_subtracted.dat,ok
4.11,0.006573,3.881e-05,0.006573,1.42951,1.427,0.0112,1.427,0.8243,sample_Hst3_HS_1p750000-integrate_subtracted.dat,ok
5.52,0.02967,9.041e-05,0.02967,1.64077,1.873,0.007045,1.872,0.447,sample_Hst3_HS_1ul0000-integrate_subtracted.dat,ok
,,,,,,,,,sample_Hst3_HS_2ul0000-integrate_subtracted.dat,autorg_failed
4.38,0.01257,4.176e-05,0.01257,1.47194,1.475,0.0059,1.475,0.8065,sample_Hst3_HS_3p010000-integrate_subtracted.dat,ok
4.53,0.01585,7.257e-05,0.01585,1.49914,1.503,0.008235,1.503,0.809,sample_Hst3_HS_3p520000-integrate_subtracted.dat,ok
5.09,0.02634,8.463e-05,0.02634,1.4468,1.735,0.00653,1.735,0.3952,sample_Hst3_HS_4ul0000-integrate_subtracted.dat,ok
9.27,0.05882,0.0001913,0.05882,1.73709,2.047,0.02393,2.044,0.6297,sample_Hst3_HS_5p570000-integrate_subtracted.dat,ok
4.87,0.03415,9.31e-05,0.03415,1.58708,1.609,0.005479,1.609,0.802,sample_Hst3_HS_6p710000-integrate_subtracted.dat,ok
4.99,0.02573,9.461e-05,0.02573,1.56199,1.785,0.005782,1.784,0.3825,sample_Hst3_HS_8ul0000-integrate_subtracted.dat,ok
6.76,0.03867,9.75e-05,0.03867,1.16866,1.351,0.01663,1.35,0.6059,sample_Hst3_HS_pure0000-integrate_subtracted.dat,ok
,,,,,,,,,sample_Hst3_LS_0p2050000-integrate_subtracted.dat,autorg_failed
2.36,0.0007689,2.653e-05,0.0007689,1.0319,0.8996,0.03738,0.8996,0.7011,sample_Hst3_LS_0p410000-integrate_subtracted.dat,ok
3.8,0.00263,3.177e-05,0.00263,1.2252,1.271,0.02112,1.271,0.7753,sample_Hst3_LS_0p8250000-integrate_subtracted.dat,ok
6.39,0.03469,0.0001838,0.03658,2.06093,4.06,0.00899,6.253,0.2557,sample_Hst3_LS_1p650000-integrate_subtracted.dat,ok
5.19,0.04574,9.315e-05,0.04574,1.44064,1.879,0.003886,1.878,0.3681,sample_Hst3_LS_1ul0000-integrate_subtracted.dat,ok
4.37,0.03435,7.68e-05,0.03435,1.29,1.522,0.003939,1.522,0.502,sample_Hst3_LS_2ul0000-integrate_subtracted.dat,ok
5.2,0.01688,8.654e-05,0.01688,1.43605,1.509,0.01478,1.508,0.7552,sample_Hst3_LS_3p30000-integrate_subtracted.dat,ok
5.04,0.0395,9.416e-05,0.0395,1.31941,1.832,0.004345,1.831,0.2908,sample_Hst3_LS_4ul0000-integrate_subtracted.dat,ok
3.58,0.02919,5.868e-05,0.02919,1.25689,1.268,0.002687,1.268,0.5804,sample_Hst3_LS_6p60000-integrate_subtracted.dat,ok
4.3,0.06208,0.0002242,0.0457,1.40401,2.53,0.006606,13.19,0.2802,sample_Hst3_LS_8ul0000-integrate_subtracted.dat,ok
,,,,,,,,,sample_Hst3_LS_pure0000-integrate_subtracted.dat,autorg_failed
,,,,,,,,,sample_Hst3_old_buffer0000-integrate_subtracted.dat,autorg_failed
6.46,23.36,0.09366,23.36,2.46241,2.366,0.007864,2.366,0.906,sample_IDO1_0pt350000-integrate_subtracted.dat,ok
12.22,27.4,0.2047,27.4,3.88111,3.704,0.03321,3.695,0.6762,sample_IDO1_0pt50000-integrate_subtracted.dat,ok
14.21,56.9,0.3343,56.89,3.9905,4.132,0.03771,4.116,0.6553,sample_IDO1_10000-integrate_subtracted.dat,ok
7.65,74.05,0.11,74.05,2.54948,2.554,0.004125,2.554,0.9002,sample_IDO1_1pt50000-integrate_subtracted.dat,ok
23.92,126.7,0.956,126.6,4.0132,5.074,0.107,5.015,0.6788,sample_IDO1_20000-integrate_subtracted.dat,ok
8.16,154.4,0.1827,154.4,2.59257,2.571,0.004356,2.57,0.7977,sample_IDO1_30000-integrate_subtracted.dat,ok
24.9,284.0,1.275,284.0,4.77832,5.37,0.06148,5.313,0.6863,sample_IDO1_40000-integrate_subtracted.dat,ok
10.06,324.7,0.3772,324.7,2.61221,2.673,0.00686,2.671,0.7412,sample_IDO1_6pt50000-integrate_subtracted.dat,ok
26.81,630.5,2.964,630.4,4.46309,5.822,0.07161,5.759,0.6876,sample_IDO1_80000-integrate_subtracted.dat,ok
,,,,,,,,,sample_IDO1_buf0000-integrate_subtracted.dat,autorg_failed
26.38,234.6,2.115,234.6,4.90836,6.19,0.1185,6.115,0.6305,sample_IDP0000-integrate_subtracted.dat,ok
14.69,620.9,0.5303,620.9,3.97297,4.062,0.006479,4.061,0.8126,sample_IHF_10000-integrate_subtracted.dat,ok
14.44,330.6,0.3402,330.6,4.10737,4.24,0.006434,4.238,0.8732,sample_IHF_1_00020000-integrate_subtracted.dat,ok
14.67,181.4,0.2478,181.4,4.17484,4.314,0.008941,4.311,0.9074,sample_IHF_1_00030000-integrate_subtracted.dat,ok
12.52,95.41,0.1882,95.41,4.27451,4.278,0.008402,4.277,0.891,sample_IHF_1_00040000-integrate_subtracted.dat,ok
15.44,974.3,0.8644,974.3,3.89749,3.92,0.006487,3.921,0.7752,sample_IHF_20000-integrate_subtracted.dat,ok
14.96,521.6,0.4648,521.6,4.11053,4.158,0.006371,4.157,0.8232,sample_IHF_2_00020000-integrate_subtracted.dat,ok
14.44,272.4,0.2891,272.4,4.18876,4.28,0.006914,4.278,0.9033,sample_IHF_2_00030000-integrate_subtracted.dat,ok
14.68,145.7,0.3243,145.7,4.22965,4.337,0.01328,4.334,0.8391,sample_IHF_2_00040000-integrate_subtracted.dat,ok
57.7,86.59,14.25,86.62,16.0232,24.9,0.6958,25.13,0.8294,sample_IR05_00000-integrate_subtracted.dat,ok
,,,,,,,,,sample_IR05_1200000-integrate_subtracted.dat,autorg_failed
,,,,,,,,,sample_IR05_120_10000-integrate_subtracted.dat,autorg_failed
,,,,,,,,,sample_IR05_120_20000-integrate_subtracted.dat,autorg_failed
,,,,,,,,,sample_IR05_150000-integrate_subtracted.dat,autorg_failed
,,,,,,,,,sample_IR05_300000-integrate_subtracted.dat,autorg_failed
,,,,,,,,,sample_IR05_600000-integrate_subtracted.dat,autorg_failed
,,,,,,,,,sample_IR06_1200000-integrate_subtracted.dat,autorg_failed
61.95,1659.0,22.16,1659.0,12.7077,20.44,0.142,20.43,0.8266,sample_IR06_150000-integrate_subtracted.dat,ok
63.41,1965.0,25.54,1965.0,13.0064,22.48,0.124,22.53,0.6389,sample_IR06_1800000-integrate_subtracted.dat,ok
63.49,4318.0,33.98,4318.0,11.5442,22.0,0.07049,22.03,0.8148,sample_IR06_180_10000-integrate_subtracted.dat,ok
,,,,,,,,,sample_IR06_180_20000-integrate_subtracted.dat,autorg_failed
73.68,1293.0,38.34,1293.0,12.3922,19.34,0.5505,19.49,0.7649,sample_IR06_300000-integrate_subtracted.dat,ok
65.08,1735.0,37.72,1735.0,12.794,22.6,0.2279,22.64,0.8456,sample_IR06_600000-integrate_subtracted.dat,ok
,,,,,,,,,sample_IR07_1200000-integrate_subtracted.dat,autorg_failed
,,,,,,,,,sample_IR07_150000-integrate_subtracted.dat,autorg_failed
52.98,2861.0,13.94,2861.0,11.4406,19.08,0.03739,19.16,0.6233,sample_IR07_2400000-integrate_subtracted.dat,ok
47.08,2452.0,6.544,2452.0,11.5212,18.08,0.01792,18.18,0.6149,sample_IR07_240_10000-integrate_subtracted.dat,ok
,,,,,,,,,sample_IR07_600000-integrate_subtracted.dat,autorg_failed
,,,,,,,,,sample_IR08_1200000-integrate_subtracted.dat,autorg_failed
,,,,,,,,,sample_IR08_1800000-integrate_subtracted.dat,autorg_failed
,,,,,,,,,sample_IR08_180_10000-integrate_subtracted.dat,autorg_failed
,,,,,,,,,sample_IR08_180_20000-integrate_subtracted.dat,autorg_failed
,,,,,,,,,sample_IR08_600000-integrate_subtracted.dat,autorg_failed
42.16,0.009391,0.002491,0.009393,7.55536,17.18,1.826,17.28,0.6496,sample_J010000-integrate_subtracted.dat,ok
3.39,0.004613,4.866e-05,0.004613,1.46609,1.2,0.01465,1.2,0.3745,sample_J020000-integrate_subtracted.dat,ok
43.19,0.0238,0.002005,0.0238,10.3739,13.19,0.841,13.07,0.6022,sample_J030000-integrate_subtracted.dat,ok
,,,,,,,,,sample_J040000-integrate_subtracted.dat,autorg_failed
8.55,0.02392,8.882e-05,0.02392,3.32562,3.804,0.007196,3.802,0.2986,sample_J050000-integrate_subtracted.dat,ok
8.56,0.0237,0.0001276,0.0237,3.39055,3.768,0.009895,3.765,0.2985,sample_J060000-integrate_subtracted.dat,ok
,,,,,,,,,sample_J070000-integrate_subtracted.dat,autorg_failed
,,,,,,,,,sample_J080000-integrate_subtracted.dat,autorg_failed
23.24,0.01005,0.0005296,0.01004,7.21161,7.478,0.4041,7.403,0.6118,sample_J090000-integrate_subtracted.dat,ok
,,,,,,,,,sample_J100000-integrate_subtracted.dat,autorg_failed
10.95,0.00977,0.0001585,0.00977,2.13977,3.658,0.07582,3.646,0.4566,sample_J110000-integrate_subtracted.dat,ok
9.83,0.004337,0.0001679,0.004337,2.24942,3.557,0.1373,3.545,0.547,sample_J120000-integrate_subtracted.dat,ok
,,,,,,,,,sample_J130000-integrate_subtracted.dat,autorg_failed
14.83,0.023,0.0003603,0.023,3.61672,4.861,0.08783,4.831,0.5992,sample_J140000-integrate_subtracted.dat,ok
10.06,0.01391,0.0001333,0.01391,1.97917,3.297,0.04152,3.289,0.6128,sample_J150000-integrate_subtracted.dat,ok
7.01,0.006502,0.0001082,0.006502,3.2986,2.484,0.03296,2.483,0.7447,sample_J160000-integrate_subtracted.dat,ok
7.13,0.02175,0.0001361,0.02175,2.02209,2.147,0.01854,2.145,0.6347,sample_J170000-integrate_subtracted.dat,ok
9.56,0.01456,0.0001786,0.01456,2.33998,2.597,0.0597,2.593,0.6694,sample_J180000-integrate_subtracted.dat,ok
,,,,,,,,,sample_JEN10000-integrate_subtracted.dat,autorg_failed
,,,,,,,,,sample_JEN100000-integrate_subtracted.dat,autorg_failed
6.69,0.01285,7.403e-05,0.01285,2.3925,2.409,0.01168,2.41,0.755,sample_JEN110000-integrate_subtracted.dat,ok
12.34,0.006647,0.0001587,0.006647,3.01009,3.35,0.1473,3.347,0.7148,sample_JEN120000-integrate_subtracted.dat,ok
16.03,0.003198,0.0001746,0.003198,7.42935,5.452,0.1554,5.447,0.8188,sample_JEN130000-integrate_subtracted.dat,ok
,,,,,,,,,sample_JEN140000-integrate_subtracted.dat,autorg_failed
16.05,0.0145,0.0001662,0.0145,5.0961,4.19,0.1189,4.156,0.3768,sample_JEN150000-integrate_subtracted.dat,ok
,,,,,,,,,sample_JEN160000-integrate_subtracted.dat,autorg_failed
,,,,,,,,,sample_JEN170000-integrate_subtracted.dat,autorg_failed
,,,,,,,,,sample_JEN180000-integrate_subtracted.dat,autorg_failed
63.41,0.4332,0.007734,0.4332,18.2425,20.2,0.2258,20.14,0.8674,sample_JEN190000-integrate_subtracted.dat,ok
36.17,0.02268,0.00118,0.02267,15.4434,12.83,0.38,12.77,0.8457,sample_JEN20000-integrate_subtracted.dat,ok
53.06,0.03901,0.003322,0.03902,8.8337,21.83,0.4846,21.91,0.7863,sample_JEN200000-integrate_subtracted.dat,ok
20.74,0.01071,0.000183,0.01071,3.45371,8.984,0.03106,9.008,0.3392,sample_JEN210000-integrate_subtracted.dat,ok
,,,,,,,,,sample_JEN220000-integrate_subtracted.dat,autorg_failed
,,,,,,,,,sample_JEN230000-integrate_subtracted.dat,autorg_failed
56.03,0.3205,0.006477,0.3205,16.0755,17.23,0.2564,17.24,0.9502,sample_JEN240000-integrate_subtracted.dat,ok
6.13,0.01372,6.104e-05,0.01372,2.9048,2.593,0.005987,2.594,0.5423,sample_JEN250000-integrate_subtracted.dat,ok
42.48,0.06151,0.001567,0.06151,7.07327,17.44,0.1319,17.46,0.6346,sample_JEN260000-integrate_subtracted.dat,ok
6.26,0.004252,6.25e-05,0.004252,1.05855,3.426,0.01885,3.428,0.1191,sample_JEN270000-integrate_subtracted.dat,ok
,,,,,,,,,sample_JEN280000-integrate_subtracted.dat,autorg_failed
,,,,,,,,,sample_JEN290000-integrate_subtracted.dat,autorg_failed
,,,,,,,,,sample_JEN30000-integrate_subtracted.dat,autorg_failed
6.13,0.01299,8.341e-05,0.01299,2.72327,2.587,0.008002,2.587,0.4556,sample_JEN300000-integrate_subtracted.dat,ok
,,,,,,,,,sample_JEN310000-integrate_subtracted.dat,autorg_failed
,,,,,,,,,sample_JEN320000-integrate_subtracted.dat,autorg_failed
,,,,,,,,,sample_JEN330000-integrate_subtracted.dat,autorg_failed
,,,,,,,,,sample_JEN340000-integrate_subtracted.dat,autorg_failed
47.69,0.176,0.003054,0.1759,15.6199,15.69,0.1992,15.56,0.7599,sample_JEN40000-integrate_subtracted.dat,ok
25.97,0.008195,0.0004609,0.008195,9.34972,9.163,0.261,9.147,0.823,sample_JEN50000-integrate_subtracted.dat,ok
,,,,,,,,,sample_JEN60000-integrate_subtracted.dat,autorg_failed
4.71,0.001547,5.813e-05,0.001547,1.78197,2.131,0.05592,2.131,0.5343,sample_JEN70000-integrate_subtracted.dat,ok
24.89,0.0141,0.0009372,0.0141,4.30158,4.982,1.352,4.938,0.5877,sample_K10000-integrate_subtracted.dat,ok
3.16,0.007614,3.668e-05,0.007614,1.00351,1.016,0.008096,1.016,0.8733,sample_K20000-integrate_subtracted.dat,ok
3.71,0.002283,6.169e-05,0.002283,1.67167,0.8493,0.1006,0.8495,0.5471,sample_K40000-integrate_subtracted.dat,ok
16.37,0.001106,0.0002522,0.001107,6.48621,7.637,3.075,7.231,0.5917,sample_K50000-integrate_subtracted.dat,ok
,,,,,,,,,sample_K5_a10000-integrate_subtracted.dat,autorg_failed
52.23,0.04708,0.005403,0.04708,11.7068,19.35,0.7631,19.33,0.9035,sample_K5_a20000-integrate_subtracted.dat,ok
,,,,,,,,,sample_K5_a80000-integrate_subtracted.dat,autorg_failed
17.17,0.007829,0.0001737,0.00783,3.12582,7.361,0.04413,7.386,0.5833,sample_K5_b20000-integrate_subtracted.dat,ok
,,,,,,,,,sample_K5_b40000-integrate_subtracted.dat,autorg_failed
,,,,,,,,,sample_K5_b50000-integrate_subtracted.dat,autorg_failed
,,,,,,,,,sample_K5_c20000-integrate_subtracted.dat,autorg_failed
8.05,0.001323,0.0001009,0.001323,2.36804,1.719,0.6147,1.703,0.5938,sample_K60000-integrate_subtracted.dat,ok
3.72,1.363,0.02181,1.363,1.76457,1.117,0.04888,1.115,0.267,sample_KA10000-integrate_subtracted.dat,ok
53.39,0.5987,0.002455,0.5987,11.3329,16.63,0.04747,16.61,0.6374,sample_KA100000-integrate_subtracted.dat,ok
,,,,,,,,,sample_KA110000-integrate_subtracted.dat,autorg_failed
,,,,,,,,,sample_KA120000-integrate_subtracted.dat,autorg_failed
,,,,,,,,,sample_KA130000-integrate_subtracted.dat,autorg_failed
,,,,,,,,,sample_KA140000-integrate_subtracted.dat,autorg_failed
77.87,0.9694,0.02346,0.9693,19.6045,21.51,0.5269,21.4,0.8329,sample_KA150000-integrate_subtracted.dat,ok
78.09,1.498,0.01672,1.498,19.3356,22.8,0.2323,22.72,0.8802,sample_KA160000-integrate_subtracted.dat,ok
74.21,1.091,0.01182,1.091,18.8395,20.96,0.2481,20.87,0.8487,sample_KA170000-integrate_subtracted.dat,ok
51.62,0.7516,0.004952,0.7516,15.5419,15.87,0.09748,15.86,0.9681,sample_KA180000-integrate_subtracted.dat,ok
,,,,,,,,,sample_KA190000-integrate_subtracted.dat,autorg_failed
5.46,0.01024,5.549e-05,0.01024,2.08143,1.98,0.009911,1.98,0.8773,sample_KA19_20000-integrate_subtracted.dat,ok
11.55,5.516,0.07069,5.516,2.11502,5.708,0.02988,5.713,0.1478,sample_KA20000-integrate_subtracted.dat,ok
,,,,,,,,,sample_KA200000-integrate_subtracted.dat,autorg_failed
5.23,0.005856,6.712e-05,0.005856,2.11016,1.958,0.01934,1.958,0.8479,sample_KA20_20000-integrate_subtracted.dat,ok
,,,,,,,,,sample_KA210000-integrate_subtracted.dat,autorg_failed
,,,,,,,,,sample_KA21_20000-integrate_subtracted.dat,autorg_failed
,,,,,,,,,sample_KA21_30000-integrate_subtracted.dat,autorg_failed
,,,,,,,,,sample_KA220000-integrate_subtracted.dat,autorg_failed
,,,,,,,,,sample_KA22_20000-integrate_subtracted.dat,autorg_failed
,,,,,,,,,sample_KA230000-integrate_subtracted.dat,autorg_failed
,,,,,,,,,sample_KA240000-integrate_subtracted.dat,autorg_failed
,,,,,,,,,sample_KA24_00020000-integrate_subtracted.dat,autorg_failed
,,,,,,,,,sample_KA250000-integrate_subtracted.dat,autorg_failed
,,,,,,,,,sample_KA260000-integrate_subtracted.dat,autorg_failed
,,,,,,,,,sample_KA270000-integrate_subtracted.dat,autorg_failed
,,,,,,,,,sample_KA280000-integrate_subtracted.dat,autorg_failed
,,,,,,,,,sample_KA290000-integrate_subtracted.dat,autorg_failed
5.12,1.67,0.02384,1.67,2.34158,1.621,0.03001,1.619,0.1556,sample_KA30000-integrate_subtracted.dat,ok
,,,,,,,,,sample_KA300000-integrate_subtracted.dat,autorg_failed
,,,,,,,,,sample_KA310000-integrate_subtracted.dat,autorg_failed
56.66,0.6855,0.008713,0.6855,18.5751,18.3,0.1639,18.27,0.8598,sample_KA320000-integrate_subtracted.dat,ok
,,,,,,,,,sample_KA330000-integrate_subtracted.dat,autorg_failed
,,,,,,,,,sample_KA340000-integrate_subtracted.dat,autorg_failed
,,,,,,,,,sample_KA350000-integrate_subtracted.dat,autorg_failed
,,,,,,,,,sample_KA360000-integrate_subtracted.dat,autorg_failed
,,,,,,,,,sample_KA370000-integrate_subtracted.dat,autorg_failed
,,,,,,,,,sample_KA380000-integrate_subtracted.dat,autorg_failed
,,,,,,,,,sample_KA390000-integrate_subtracted.dat,autorg_failed
58.29,20.6,1.969,20.6,14.0806,18.57,1.236,18.56,0.7329,sample_KA40000-integrate_subtracted.dat,ok
,,,,,,,,,sample_KA400000-integrate_subtracted.dat,autorg_failed
,,,,,,,,,sample_KA410000-integrate_subtracted.dat,autorg_failed
,,,,,,,,,sample_KA420000-integrate_subtracted.dat,autorg_failed
46.81,0.2878,0.003614,0.2878,12.5636,16.74,0.1092,16.75,0.6396,sample_KA42_30000-integrate_subtracted.dat,ok
,,,,,,,,,sample_KA430000-integrate_subtracted.dat,autorg_failed
50.21,0.3363,0.003101,0.3363,12.0643,17.37,0.08217,17.38,0.6751,sample_KA43_30000-integrate_subtracted.dat,ok
,,,,,,,,,sample_KA440000-integrate_subtracted.dat,autorg_failed
45.19,0.2674,0.003251,0.2674,11.6351,16.58,0.09169,16.59,0.607,sample_KA44_30000-integrate_subtracted.dat,ok
,,,,,,,,,sample_KA450000-integrate_subtracted.dat,autorg_failed
50.07,0.3602,0.003667,0.3602,11.0898,17.87,0.0881,17.87,0.6061,sample_KA45_30000-integrate_subtracted.dat,ok
,,,,,,,,,sample_KA460000-integrate_subtracted.dat,autorg_failed
56.17,0.3736,0.004057,0.3736,12.2166,18.45,0.1002,18.45,0.6232,sample_KA46_30000-integrate_subtracted.dat,ok
,,,,,,,,,sample_KA470000-integrate_subtracted.dat,autorg_failed
,,,,,,,,,sample_KA480000-integrate_subtracted.dat,autorg_failed
,,,,,,,,,sample_KA490000-integrate_subtracted.dat,autorg_failed
17.08,6.111,0.1339,6.111,4.26079,6.05,0.1393,6.015,0.4298,sample_KA50000-integrate_subtracted.dat,ok
,,,,,,,,,sample_KA500000-integrate_subtracted.dat,autorg_failed
,,,,,,,,,sample_KA510000-integrate_subtracted.dat,autorg_failed
58.15,0.3996,0.00864,0.3996,16.1632,18.97,0.268,18.94,0.8861,sample_KA520000-integrate_subtracted.dat,ok
,,,,,,,,,sample_KA530000-integrate_subtracted.dat,autorg_failed
,,,,,,,,,sample_KA540000-integrate_subtracted.dat,autorg_failed
,,,,,,,,,sample_KA550000-integrate_subtracted.dat,autorg_failed
,,,,,,,,,sample_KA560000-integrate_subtracted.dat,autorg_failed
,,,,,,,,,sample_KA570000-integrate_subtracted.dat,autorg_failed
,,,,,,,,,sample_KA580000-integrate_subtracted.dat,autorg_failed
,,,,,,,,,sample_KA590000-integrate_subtracted.dat,autorg_failed
22.16,5.598,0.142,5.598,4.46671,7.376,0.2043,7.294,0.5828,sample_KA60000-integrate_subtracted.dat,ok
,,,,,,,,,sample_KA600000-integrate_subtracted.dat,autorg_failed
53.77,0.1743,0.004413,0.1743,14.6173,18.2,0.2511,18.16,0.8911,sample_KA610000-integrate_subtracted.dat,ok
,,,,,,,,,sample_KA620000-integrate_subtracted.dat,autorg_failed
49.78,0.09715,0.002916,0.09715,16.2055,18.65,0.204,18.66,0.8851,sample_KA630000-integrate_subtracted.dat,ok
16.96,0.02446,0.0002861,0.02446,2.82342,8.285,0.0301,8.305,0.2003,sample_KA640000-integrate_subtracted.dat,ok
,,,,,,,,,sample_KA650000-integrate_subtracted.dat,autorg_failed
,,,,,,,,,sample_KA660000-integrate_subtracted.dat,autorg_failed
57.26,0.7715,0.009954,0.7715,13.4257,17.96,0.1591,17.94,0.6313,sample_KA670000-integrate_subtracted.dat,ok
,,,,,,,,,sample_KA680000-integrate_subtracted.dat,autorg_failed
45.38,0.5949,0.00189,0.5948,12.91,16.81,0.02447,16.8,0.5961,sample_KA70000-integrate_subtracted.dat,ok
,,,,,,,,,sample_KA700000-integrate_subtracted.dat,autorg_failed
52.73,0.4208,0.004399,0.4208,13.3105,16.14,0.1408,16.06,0.8368,sample_KA710000-integrate_subtracted.dat,ok
,,,,,,,,,sample_KA720000-integrate_subtracted.dat,autorg_failed
,,,,,,,,,sample_KA730000-integrate_subtracted.dat,autorg_failed
41.66,0.199,0.002295,0.199,14.1381,14.02,0.1028,13.98,0.8548,sample_KA740000-integrate_subtracted.dat,ok
82.43,0.275,0.02276,0.275,16.2263,22.96,1.543,22.82,0.6826,sample_KA750000-integrate_subtracted.dat,ok
6.15,0.02166,0.0001627,0.02196,2.67994,5.312,0.009318,10.21,0.2482,sample_KA760000-integrate_subtracted.dat,ok
55.46,0.2119,0.005564,0.2119,18.6335,18.7,0.2979,18.64,0.863,sample_KA770000-integrate_subtracted.dat,ok
38.11,0.1063,0.001893,0.1062,13.0157,12.67,0.1762,12.59,0.8261,sample_KA780000-integrate_subtracted.dat,ok
47.16,0.6453,0.001674,0.6453,12.3415,16.91,0.02316,16.89,0.6033,sample_KA80000-integrate_subtracted.dat,ok
,,,,,,,,,sample_KA90000-integrate_subtracted.dat,autorg_failed
,,,,,,,,,sample_KA_I10000-integrate_subtracted.dat,autorg_failed
5.42,0.01042,6.644e-05,0.01042,2.06608,1.986,0.01198,1.986,0.7968,sample_KA_L10000-integrate_subtracted.dat,ok
5.4,0.01467,7.161e-05,0.01467,2.09809,1.995,0.008684,1.995,0.8446,sample_KA_L20000-integrate_subtracted.dat,ok
5.95,0.001836,8.581e-05,0.001836,1.87137,1.895,0.1338,1.894,0.5704,sample_KA_L30000-integrate_subtracted.dat,ok
,,,,,,,,,sample_KB10000-integrate_subtracted.dat,autorg_failed
,,,,,,,,,sample_KB100000-integrate_subtracted.dat,autorg_failed
,,,,,,,,,sample_KB110000-integrate_subtracted.dat,autorg_failed
,,,,,,,,,sample_KB120000-integrate_subtracted.dat,autorg_failed
,,,,,,,,,sample_KB130000-integrate_subtracted.dat,autorg_failed
,,,,,,,,,sample_KB140000-integrate_subtracted.dat,autorg_failed
,,,,,,,,,sample_KB150000-integrate_subtracted.dat,autorg_failed
,,,,,,,,,sample_KB160000-integrate_subtracted.dat,autorg_failed
,,,,,,,,,sample_KB170000-integrate_subtracted.dat,autorg_failed
,,,,,,,,,sample_KB180000-integrate_subtracted.dat,autorg_failed
,,,,,,,,,sample_KB190000-integrate_subtracted.dat,autorg_failed
,,,,,,,,,sample_KB20000-integrate_subtracted.dat,autorg_failed
,,,,,,,,,sample_KB200000-integrate_subtracted.dat,autorg_failed
,,,,,,,,,sample_KB210000-integrate_subtracted.dat,autorg_failed
,,,,,,,,,sample_KB220000-integrate_subtracted.dat,autorg_failed
,,,,,,,,,sample_KB230000-integrate_subtracted.dat,autorg_failed
,,,,,,,,,sample_KB240000-integrate_subtracted.dat,autorg_failed
,,,,,,,,,sample_KB250000-integrate_subtracted.dat,autorg_failed
,,,,,,,,,sample_KB260000-integrate_subtracted.dat,autorg_failed
,,,,,,,,,sample_KB270000-integrate_subtracted.dat,autorg_failed
,,,,,,,,,sample_KB280000-integrate_subtracted.dat,autorg_failed
,,,,,,,,,sample_KB290000-integrate_subtracted.dat,autorg_failed
,,,,,,,,,sample_KB30000-integrate_subtracted.dat,autorg_failed
63.52,0.7443,0.005557,0.7443,15.2386,21.27,0.1049,21.21,0.6019,sample_KB300000-integrate_subtracted.dat,ok
65.6,0.7965,0.005592,0.7965,14.1673,21.04,0.09756,21.0,0.6685,sample_KB310000-integrate_subtracted.dat,ok
,,,,,,,,,sample_KB40000-integrate_subtracted.dat,autorg_failed
,,,,,,,,,sample_KB50000-integrate_subtracted.dat,autorg_failed
,,,,,,,,,sample_KB60000-integrate_subtracted.dat,autorg_failed
,,,,,,,,,sample_KB70000-integrate_subtracted.dat,autorg_failed
,,,,,,,,,sample_KB80000-integrate_subtracted.dat,autorg_failed
,,,,,,,,,sample_KB90000-integrate_subtracted.dat,autorg_failed
,,,,,,,,,sample_KCL_100_10_s0000-integrate_subtracted.dat,autorg_failed
,,,,,,,,,sample_KCL_150_5_s0000-integrate_subtracted.dat,autorg_failed
,,,,,,,,,sample_KCL_190_1_s0000-integrate_subtracted.dat,autorg_failed
,,,,,,,,,sample_KCL_200_0_s0000-integrate_subtracted.dat,autorg_failed
56.54,0.03457,0.00416,0.03457,15.6562,19.04,1.517,18.97,0.8579,sample_KS14_0_156mgml0000-integrate_subtracted.dat,ok
38.14,0.03701,0.001672,0.03701,12.1123,13.61,0.3408,13.57,0.7646,sample_KS14_0_3125mgml0000-integrate_subtracted.dat,ok
36.04,0.05549,0.001196,0.05548,13.3659,12.5,0.1977,12.45,0.8895,sample_KS14_0_625mgml0000-integrate_subtracted.dat,ok
38.38,0.08951,0.001308,0.0895,12.5169,12.13,0.1552,12.06,0.8176,sample_KS14_1_25mgml0000-integrate_subtracted.dat,ok
33.67,0.1515,0.001593,0.1515,11.615,10.89,0.1026,10.82,0.7602,sample_KS14_2_5mgml0000-integrate_subtracted.dat,ok
48.5,0.2668,0.003512,0.2667,10.743,12.21,0.2576,12.12,0.693,sample_KS14_5mgml0000-integrate_subtracted.dat,ok
6.05,22.02,0.09677,22.02,2.49178,2.252,0.008239,2.252,0.7681,sample_Kit0p6250000-integrate_subtracted.dat,ok
5.57,39.99,0.15,39.99,2.33946,2.171,0.005339,2.171,0.886,sample_Kit1p250000-integrate_subtracted.dat,ok
7.61,83.67,0.2251,83.67,2.39464,2.369,0.007827,2.369,0.846,sample_Kit2p50000-integrate_subtracted.dat,ok
7.97,168.9,0.2397,168.9,2.35015,2.39,0.004846,2.39,0.654,sample_Kit50000-integrate_subtracted.dat,ok
5.06,65.02,0.05455,65.02,1.56713,1.646,0.002307,1.645,0.3636,sample_KitLig1p250000-integrate_subtracted.dat,ok
6.25,105.4,0.08663,105.4,1.83761,1.882,0.003075,1.882,0.5221,sample_KitLig2p50000-integrate_subtracted.dat,ok
8.26,180.5,0.1172,180.5,2.02226,2.025,0.003705,2.025,0.4987,sample_KitLig50000-integrate_subtracted.dat,ok
25.83,0.1024,0.001437,0.1024,5.45333,10.39,0.05922,10.39,0.3616,sample_L00000-integrate_subtracted.dat,ok
5.43,0.09016,5.693e-05,0.09016,1.8559,1.965,0.001056,1.965,0.6014,sample_L0NaCl0000-integrate_subtracted.dat,ok
,,,,,,,,,sample_L10000-integrate_subtracted.dat,autorg_failed
,,,,,,,,,sample_L100000-integrate_subtracted.dat,autorg_failed
5.35,0.03625,8.214e-05,0.03625,1.86132,1.868,0.003892,1.868,0.6929,sample_L110000-integrate_subtracted.dat,ok
6.35,0.02066,5.697e-05,0.02066,1.96858,2.005,0.007884,2.005,0.9368,sample_L120000-integrate_subtracted.dat,ok
5.17,0.009751,6.027e-05,0.009751,2.06913,1.994,0.00987,1.994,0.8821,sample_L130000-integrate_subtracted.dat,ok
5.22,0.004425,5.346e-05,0.004425,2.04342,2.026,0.02151,2.026,0.8645,sample_L140000-integrate_subtracted.dat,ok
62.81,0.02589,0.02077,0.02589,10.4573,19.72,19.85,19.73,0.6734,sample_L150000-integrate_subtracted.dat,ok
5.29,0.02865,5.919e-05,0.02865,1.72218,1.801,0.004746,1.801,0.7792,sample_L160000-integrate_subtracted.dat,ok
5.95,0.01363,5.901e-05,0.01363,1.83174,1.869,0.01135,1.869,0.9124,sample_L170000-integrate_subtracted.dat,ok
6.23,0.00595,5.977e-05,0.00595,1.83163,1.893,0.03032,1.893,0.8617,sample_L180000-integrate_subtracted.dat,ok
5.47,0.002406,5.496e-05,0.002406,2.21035,1.949,0.04122,1.949,0.8389,sample_L190000-integrate_subtracted.dat,ok
19.34,157.3,0.6595,157.3,4.64548,5.299,0.03879,5.27,0.7013,sample_L19IL2_10000-integrate_subtracted.dat,ok
21.46,188.7,1.28,188.7,4.72825,5.672,0.07124,5.628,0.6568,sample_L19IL2_P24050380000-integrate_subtracted.dat,ok
,,,,,,,,,sample_L19TNF_D190000-integrate_subtracted.dat,autorg_failed
14.8,229.8,0.7921,229.8,4.65498,4.664,0.01975,4.659,0.8808,sample_L19TNF_E21E0000-integrate_subtracted.dat,ok
12.28,167.9,0.5011,167.9,4.4261,4.299,0.01036,4.298,0.9077,sample_L19TNF_E21E_00020000-integrate_subtracted.dat,ok
28.78,0.003131,0.002553,0.003257,5.31191,28.74,49.01,22.3,0.5775,sample_L1Au0000-integrate_subtracted.dat,ok
,,,,,,,,,sample_L1AuNaCl0000-integrate_subtracted.dat,autorg_failed
,,,,,,,,,sample_L1LAA0000-integrate_subtracted.dat,autorg_failed
8.93,0.09166,0.0001279,0.09166,1.48321,0.832,0.02401,0.85,0.6166,sample_L1NaCl0000-integrate_subtracted.dat,ok
3.0,0.01945,5.923e-05,0.01945,1.0024,0.9785,0.004559,0.9786,0.7077,sample_L20000-integrate_subtracted.dat,ok
,,,,,,,,,sample_L200000-integrate_subtracted.dat,autorg_failed
4.13,0.02828,8.419e-05,0.02828,1.72279,1.533,0.00416,1.533,0.6117,sample_L210000-integrate_subtracted.dat,ok
6.25,0.01267,9.1e-05,0.01267,1.93624,2.092,0.01569,2.091,0.7678,sample_L220000-integrate_subtracted.dat,ok
22.08,0.03006,0.0006323,0.03006,8.24306,7.511,0.09953,7.476,0.8208,sample_L230000-integrate_subtracted.dat,ok
12.95,0.07866,0.0004837,0.07866,4.10517,4.102,0.02303,4.095,0.6607,sample_L260000-integrate_subtracted.dat,ok
16.32,0.05916,0.0006556,0.05916,5.10664,5.297,0.0462,5.285,0.8197,sample_L270000-integrate_subtracted.dat,ok
25.16,0.1256,0.001425,0.1256,8.97482,8.735,0.07487,8.702,0.8852,sample_L280000-integrate_subtracted.dat,ok
35.55,0.1692,0.004212,0.1692,9.54072,12.12,0.1867,12.06,0.8438,sample_L290000-integrate_subtracted.dat,ok
30.19,0.09533,0.003334,0.09534,5.06341,12.49,0.1458,12.52,0.3787,sample_L2Au0000-integrate_subtracted.dat,ok
,,,,,,,,,sample_L2AuNaCl0000-integrate_subtracted.dat,autorg_failed
30.45,0.002941,0.001128,0.00294,6.90695,14.92,6.107,14.86,0.5532,sample_L2LAA0000-integrate_subtracted.dat,ok
9.71,0.09441,0.0001262,0.09441,1.61654,0.8845,0.02306,0.9014,0.6722,sample_L2NaCl0000-integrate_subtracted.dat,ok
48.06,0.003892,0.004474,0.003893,8.18638,14.35,97.75,14.15,0.5362,sample_L30000-integrate_subtracted.dat,ok
31.57,0.1071,0.003249,0.1071,12.0273,10.92,0.1894,10.87,0.8359,sample_L300000-integrate_subtracted.dat,ok
3.22,0.05479,5.863e-05,0.05479,1.26053,1.346,0.0008688,1.347,0.594,sample_L3Au0000-integrate_subtracted.dat,ok
,,,,,,,,,sample_L3AuNaCl0000-integrate_subtracted.dat,autorg_failed
,,,,,,,,,sample_L3LAA0000-integrate_subtracted.dat,autorg_failed
4.51,0.09287,5.805e-05,0.09287,1.55554,1.703,0.0008813,1.703,0.6257,sample_L3NaCl0000-integrate_subtracted.dat,ok
7.95,0.007184,0.0001158,0.007184,2.19994,0.6115,0.2451,0.6006,0.659,sample_L40000-integrate_subtracted.dat,ok
4.77,0.03589,0.0001223,0.03589,2.07895,0.8019,0.01513,0.7943,0.3004,sample_L4Au0000-integrate_subtracted.dat,ok
,,,,,,,,,sample_L4AuNaCl0000-integrate_subtracted.dat,autorg_failed
33.63,0.005351,0.001494,0.005348,5.86741,12.76,2.441,12.57,0.4801,sample_L4LAA0000-integrate_subtracted.dat,ok
4.47,0.09404,5.127e-05,0.09404,1.52585,1.682,0.000684,1.682,0.6418,sample_L4NaCl0000-integrate_subtracted.dat,ok
28.41,0.001309,0.0009166,0.001334,6.43753,22.41,57.17,18.93,0.6284,sample_L50000-integrate_subtracted.dat,ok
,,,,,,,,,sample_L5Au0000-integrate_subtracted.dat,autorg_failed
,,,,,,,,,sample_L5AuNaCl0000-integrate_subtracted.dat,autorg_failed
,,,,,,,,,sample_L5LAA0000-integrate_subtracted.dat,autorg_failed
4.51,0.1007,5.422e-05,0.1007,1.51694,1.698,0.0006585,1.699,0.635,sample_L5NaCl0000-integrate_subtracted.dat,ok
3.64,0.00411,4.656e-05,0.00411,1.04738,1.028,0.02844,1.028,0.5738,sample_L60000-integrate_subtracted.dat,ok
5.23,0.01371,5.949e-05,0.01371,1.99157,1.934,0.007333,1.934,0.8764,sample_L70000-integrate_subtracted.dat,ok
5.62,0.006833,6.266e-05,0.006833,2.20019,2.061,0.01603,2.061,0.7595,sample_L80000-integrate_subtracted.dat,ok
6.06,0.002847,7.444e-05,0.002847,1.95427,2.067,0.06184,2.067,0.739,sample_L90000-integrate_subtracted.dat,ok
14.92,423.6,0.6673,423.6,2.77126,3.188,0.01755,3.18,0.6426,sample_LB2_B0000-integrate_subtracted.dat,ok
12.52,214.3,0.6072,214.3,2.68437,2.986,0.01917,2.981,0.7009,sample_LB2_C0000-integrate_subtracted.dat,ok
9.5,203.4,0.2931,203.4,2.54867,2.687,0.007482,2.684,0.7481,sample_LB_A0000-integrate_subtracted.dat,ok
8.9,87.3,0.2117,87.3,2.41987,2.439,0.01161,2.438,0.8397,sample_LB_B0000-integrate_subtracted.dat,ok
7.14,30.11,0.1396,30.11,2.37971,2.347,0.01409,2.347,0.8761,sample_LB_C0000-integrate_subtracted.dat,ok
20.52,458.1,1.096,458.1,5.88693,5.884,0.02248,5.878,0.6804,sample_LFerMamC0000-integrate_subtracted.dat,ok
52.53,1437.0,19.51,1436.0,8.74634,14.74,0.2292,14.54,0.6118,sample_LFerMamCFe0000-integrate_subtracted.dat,ok
,,,,,,,,,sample_LFerWT0000-integrate_subtracted.dat,autorg_failed
52.58,1407.0,17.73,1406.0,9.41207,13.57,0.2515,13.39,0.6341,sample_LFerWTFe0000-integrate_subtracted.dat,ok
,,,,,,,,,sample_LLB2030225_Sup0000-integrate_subtracted.dat,autorg_failed
,,,,,,,,,sample_LLB230125Sup0000-integrate_subtracted.dat,autorg_failed
14.6,168.5,0.5293,168.5,5.67576,5.446,0.007938,5.443,0.4798,sample_LLT10000-integrate_subtracted.dat,ok
59.6,223.0,14.64,223.0,13.9739,15.73,1.27,15.65,0.6732,sample_LLT20000-integrate_subtracted.dat,ok
50.78,99.07,6.366,99.06,10.6356,13.48,1.168,13.4,0.6648,sample_LLT30000-integrate_subtracted.dat,ok
48.39,50.89,3.747,50.88,9.60346,14.08,0.8503,13.97,0.6746,sample_LLT40000-integrate_subtracted.dat,ok
,,,,,,,,,sample_LLT50000-integrate_subtracted.dat,autorg_failed
4.77,1.613,0.0429,1.613,1.01175,1.526,0.07425,1.525,0.5467,sample_LL_37_0090000-integrate_subtracted.dat,ok
6.23,2.269,0.04678,2.269,1.59068,1.852,0.07946,1.851,0.5335,sample_LL_37_010000-integrate_subtracted.dat,ok
8.38,2.288,0.08315,2.288,1.67761,1.919,0.2668,1.918,0.5422,sample_LL_37_0180000-integrate_subtracted.dat,ok
7.2,3.749,0.05412,3.749,1.97386,2.085,0.06225,2.085,0.6226,sample_LL_37_020000-integrate_subtracted.dat,ok
7.49,4.873,0.06497,4.873,2.05919,2.332,0.05066,2.331,0.5655,sample_LL_37_0370000-integrate_subtracted.dat,ok
11.52,6.608,0.08952,6.608,2.2654,2.535,0.1385,2.532,0.621,sample_LL_37_040000-integrate_subtracted.dat,ok
10.99,9.916,0.1131,9.916,2.05944,3.159,0.07191,3.152,0.5632,sample_LL_37_0750000-integrate_subtracted.dat,ok
14.53,12.09,0.1615,12.09,2.47073,4.043,0.1046,4.027,0.5795,sample_LL_37_090000-integrate_subtracted.dat,ok
11.68,22.4,0.1822,22.4,2.27624,3.447,0.04346,3.439,0.5933,sample_LL_37_10000-integrate_subtracted.dat,ok
5.62,113.3,0.1228,113.3,2.09771,2.038,0.001729,2.038,0.584,sample_LL_37_120000-integrate_subtracted.dat,ok
13.17,351.0,0.2852,351.0,6.53465,4.514,0.002087,4.511,0.4952,sample_LL_37_130000-integrate_subtracted.dat,ok
15.35,19.61,0.179,19.61,2.60905,4.583,0.07179,4.563,0.4699,sample_LL_37_180000-integrate_subtracted.dat,ok
6.25,37.63,0.06904,37.63,2.27224,2.293,0.002952,2.293,0.5218,sample_LL_37_30000-integrate_subtracted.dat,ok
71.0,152.4,14.53,152.3,15.0295,21.74,1.524,21.62,0.6718,sample_LL_37_3_00020000-integrate_subtracted.dat,ok
5.92,68.65,0.07856,68.65,2.15389,2.14,0.001975,2.14,0.5754,sample_LL_37_60000-integrate_subtracted.dat,ok
8.7,99.28,0.1295,99.28,4.31665,3.168,0.002204,3.168,0.5335,sample_LL_37_650000-integrate_subtracted.dat,ok
16.72,344.2,0.6599,344.2,5.57489,5.46,0.01079,5.469,0.9097,sample_LN200000-integrate_subtracted.dat,ok
,,,,,,,,,sample_LN210000-integrate_subtracted.dat,autorg_failed
16.63,466.3,0.5728,466.3,5.5588,5.452,0.00672,5.461,0.9273,sample_LN21bis0000-integrate_subtracted.dat,ok
16.5,464.8,0.6475,464.8,5.60016,5.463,0.008717,5.472,0.9098,sample_LN220000-integrate_subtracted.dat,ok
,,,,,,,,,sample_LN240000-integrate_subtracted.dat,autorg_failed
14.08,472.2,0.4014,472.2,5.57712,5.431,0.00292,5.441,0.9062,sample_LN250000-integrate_subtracted.dat,ok
,,,,,,,,,sample_LN2_100Fe0000-integrate_subtracted.dat,autorg_failed
,,,,,,,,,sample_LN2_21Fesub_3h0000-integrate_subtracted.dat,autorg_failed
,,,,,,,,,sample_LN2_21Fesub_5gg0000-integrate_subtracted.dat,autorg_failed
,,,,,,,,,sample_LN2_25Fe0000-integrate_subtracted.dat,autorg_failed
,,,,,,,,,sample_LN2_400Fe0000-integrate_subtracted.dat,autorg_failed
,,,,,,,,,sample_LN2_50Fe_sub0000-integrate_subtracted.dat,autorg_failed
38.12,0.5055,0.005429,0.5055,7.55707,8.463,0.1942,8.375,0.6807,sample_LN2_new0000-integrate_subtracted.dat,ok
24.89,0.002083,0.0002917,0.002083,8.02707,9.668,0.4758,9.685,0.8063,sample_LN2_old_500Fe_sub0000-integrate_subtracted.dat,ok
16.36,0.6132,0.001241,0.6132,5.55258,5.436,0.009208,5.448,0.9286,sample_LN2_old_blank0000-integrate_subtracted.dat,ok
,,,,,,,,,sample_LN2_sat_Fe0000-integrate_subtracted.dat,autorg_failed
,,,,,,,,,sample_LN2pH100000-integrate_subtracted.dat,autorg_failed
,,,,,,,,,sample_LN2pH20000-integrate_subtracted.dat,autorg_failed
,,,,,,,,,sample_LN2pH30000-integrate_subtracted.dat,autorg_failed
,,,,,,,,,sample_LN2pH40000-integrate_subtracted.dat,autorg_failed
37.85,0.002531,0.0004887,0.002531,8.6812,12.31,1.642,12.3,0.8829,sample_LN2pH60000-integrate_subtracted.dat,ok
,,,,,,,,,sample_LNP1_1_D2O0000-integrate_subtracted.dat,autorg_failed
,,,,,,,,,sample_LNP1_1_H2O0000-integrate_subtracted.dat,autorg_failed
,,,,,,,,,sample_LNP1_2_D2O0000-integrate_subtracted.dat,autorg_failed
,,,,,,,,,sample_LNP1_3_D2O0000-integrate_subtracted.dat,autorg_failed
,,,,,,,,,sample_LNP1_3_H2O0000-integrate_subtracted.dat,autorg_failed
,,,,,,,,,sample_LNP1_4_680000-integrate_subtracted.dat,autorg_failed
2.28,0.0161,7.362e-05,0.0,1.07311,1.227,0.008987,0.0,0.2743,sample_LNP1_4_D2O0000-integrate_subtracted.dat,ok
15.79,0.1354,0.0004169,0.1354,2.62929,6.993,0.004274,7.02,0.3419,sample_LNP1_4_H2O0000-integrate_subtracted.dat,ok
97.35,1.091,0.02102,1.09,18.9743,25.81,0.5133,25.43,0.6865,sample_LNP1_d0000-integrate_subtracted.dat,ok
44.9,1.51,0.002196,1.51,17.2623,14.84,0.01497,14.88,0.6681,sample_LNP1_oc0000-integrate_subtracted.dat,ok
78.11,10.36,0.05009,10.36,20.9814,22.05,0.1093,21.98,0.8423,sample_LNP27SUC_00000-integrate_subtracted.dat,ok
,,,,,,,,,sample_LNP27SUC_1000000-integrate_subtracted.dat,autorg_failed
,,,,,,,,,sample_LNP27SUC_250000-integrate_subtracted.dat,autorg_failed
,,,,,,,,,sample_LNP27SUC_680000-integrate_subtracted.dat,autorg_failed
,,,,,,,,,sample_LNP27SUC_900000-integrate_subtracted.dat,autorg_failed
38.54,1.405,0.004544,1.405,7.16987,14.67,0.01748,14.69,0.6064,sample_LNP2_1_D2O0000-integrate_subtracted.dat,ok
,,,,,,,,,sample_LNP2_1_H2O0000-integrate_subtracted.dat,autorg_failed
34.88,1.07,0.00277,1.07,6.69252,14.18,0.01072,14.23,0.5752,sample_LNP2_2_D2O0000-integrate_subtracted.dat,ok
,,,,,,,,,sample_LNP2_2_H2O0000-integrate_subtracted.dat,autorg_failed
36.09,1.246,0.003067,1.246,6.51632,14.86,0.008488,14.92,0.5546,sample_LNP2_3_D2O0000-integrate_subtracted.dat,ok
,,,,,,,,,sample_LNP2_3_H2O0000-integrate_subtracted.dat,autorg_failed
11.38,0.158,0.0005557,0.158,2.27697,7.633,0.005293,7.633,0.2633,sample_LNP2_4_D2O0000-integrate_subtracted.dat,ok
53.33,1.243,0.01553,1.244,11.6287,10.04,0.3022,10.39,0.7812,sample_LNP2_4_H2O0000-integrate_subtracted.dat,ok
45.37,0.6996,0.001653,0.6996,19.3733,14.98,0.02984,15.01,0.6775,sample_LNP2_d0000-integrate_subtracted.dat,ok
46.06,1.502,0.002133,1.502,19.6675,15.14,0.01508,15.17,0.6629,sample_LNP2_oc0000-integrate_subtracted.dat,ok
93.05,0.8084,0.01721,0.8082,15.8238,22.09,0.7153,21.73,0.6772,sample_LNP3_d0000-integrate_subtracted.dat,ok
56.21,1.292,0.004021,1.292,16.7129,14.02,0.07007,14.06,0.7551,sample_LNP3_oc0000-integrate_subtracted.dat,ok
,,,,,,,,,sample_LNP_1_1_110000-integrate_subtracted.dat,autorg_failed
,,,,,,,,,sample_LNP_1_1_680000-integrate_subtracted.dat,autorg_failed
,,,,,,,,,sample_LNP_1_2_110000-integrate_subtracted.dat,autorg_failed
,,,,,,,,,sample_LNP_1_3_110000-integrate_subtracted.dat,autorg_failed
,,,,,,,,,sample_LNP_1_3_680000-integrate_subtracted.dat,autorg_failed
4.09,0.007581,3.767e-05,0.007581,1.81395,0.2401,0.06554,0.2364,0.3267,sample_LNP_1_6_00000-integrate_subtracted.dat,ok
6.98,0.02334,0.0001187,0.02439,1.80475,5.107,0.01177,19.31,0.2781,sample_LNP_1_6_1000000-integrate_subtracted.dat,ok
4.28,0.006582,5.107e-05,0.006582,1.97965,1.257,0.02651,1.255,0.2659,sample_LNP_1_6_110000-integrate_subtracted.dat,ok
,,,,,,,,,sample_LNP_1_6_250000-integrate_subtracted.dat,autorg_failed
4.08,0.02297,8.184e-05,0.02378,2.04097,3.679,0.004198,9.003,0.2395,sample_LNP_1_6_680000-integrate_subtracted.dat,ok
11.64,0.07786,0.0002249,0.08347,2.49549,8.121,0.005652,15.68,0.3344,sample_LNP_1_6_900000-integrate_subtracted.dat,ok
4.58,0.01072,8.493e-05,0.01134,2.15381,3.976,0.009214,16.82,0.2981,sample_LNP_1_6d_00000-integrate_subtracted.dat,ok
11.09,0.03802,0.0002428,0.0351,2.70882,8.848,0.01499,6.677,0.298,sample_LNP_1_6d_1000000-integrate_subtracted.dat,ok
12.67,0.08677,0.0003031,0.09064,2.59624,8.96,0.008536,14.91,0.3434,sample_LNP_1_6d_110000-integrate_subtracted.dat,ok
8.81,0.02444,0.0001973,0.02632,2.21664,5.862,0.01235,9.604,0.2673,sample_LNP_1_6d_250000-integrate_subtracted.dat,ok
5.9,0.01046,0.0001293,0.01076,2.7936,4.654,0.02189,20.34,0.3406,sample_LNP_1_6d_680000-integrate_subtracted.dat,ok
11.94,0.03437,0.000322,0.03429,2.7711,8.253,0.02005,14.94,0.2483,sample_LNP_1_6d_900000-integrate_subtracted.dat,ok
3.59,0.0163,6.614e-05,0.01565,1.42134,2.295,0.006476,17.53,0.305,sample_LNP_1_7_00000-integrate_subtracted.dat,ok
7.74,0.07776,0.0001629,0.07728,1.76317,5.786,0.002524,12.72,0.3094,sample_LNP_1_7_1000000-integrate_subtracted.dat,ok
5.34,0.06212,0.0001112,0.06339,1.70294,4.42,0.002132,8.69,0.2993,sample_LNP_1_7_110000-integrate_subtracted.dat,ok
6.83,0.07057,0.0001199,0.06896,1.65105,4.994,0.002133,17.93,0.2936,sample_LNP_1_7_250000-integrate_subtracted.dat,ok
3.25,0.01363,5.62e-05,0.01321,1.56135,2.35,0.005073,38.8,0.2908,sample_LNP_1_7_680000-integrate_subtracted.dat,ok
2.91,0.02545,6.955e-05,0.02364,1.45639,2.749,0.001668,2.778,0.2571,sample_LNP_1_7_900000-integrate_subtracted.dat,ok
74.71,2.708,0.01436,2.708,19.2058,21.83,0.1124,21.69,0.7798,sample_LNP_1_7d_00000-integrate_subtracted.dat,ok
3.87,0.00936,2.883e-05,0.00936,1.79486,1.076,0.007505,1.076,0.4868,sample_LNP_1_7d_1000000-integrate_subtracted.dat,ok
76.55,3.069,0.01345,3.068,20.5439,22.52,0.09446,22.38,0.8257,sample_LNP_1_7d_110000-integrate_subtracted.dat,ok
3.38,0.01211,2.719e-05,0.01211,1.61405,1.396,0.00248,1.396,0.4442,sample_LNP_1_7d_250000-integrate_subtracted.dat,ok
3.32,0.01111,2.968e-05,0.01111,1.34049,1.327,0.00332,1.327,0.6068,sample_LNP_1_7d_680000-integrate_subtracted.dat,ok
3.68,0.01007,3.613e-05,0.01007,1.56925,1.193,0.005842,1.193,0.5399,sample_LNP_1_7d_900000-integrate_subtracted.dat,ok
,,,,,,,,,sample_LNP_2_1_110000-integrate_subtracted.dat,autorg_failed
,,,,,,,,,sample_LNP_2_1_680000-integrate_subtracted.dat,autorg_failed
,,,,,,,,,sample_LNP_2_2_110000-integrate_subtracted.dat,autorg_failed
,,,,,,,,,sample_LNP_2_2_680000-integrate_subtracted.dat,autorg_failed
,,,,,,,,,sample_LNP_2_3_110000-integrate_subtracted.dat,autorg_failed
,,,,,,,,,sample_LNP_2_3_680000-integrate_subtracted.dat,autorg_failed
52.92,1.267,0.02003,1.267,11.661,9.995,0.4088,10.34,0.7814,sample_LNP_2_4_110000-integrate_subtracted.dat,ok
52.5,1.026,0.01277,1.026,12.4455,7.347,0.4472,8.216,0.7245,sample_LNP_2_4_680000-integrate_subtracted.dat,ok
3.91,0.006109,3.244e-05,0.006109,1.64747,1.02,0.01434,1.02,0.3904,sample_LNP_2_6_00000-integrate_subtracted.dat,ok
,,,,,,,,,sample_LNP_2_6_1000000-integrate_subtracted.dat,autorg_failed
3.8,0.007963,3.203e-05,0.007963,1.53577,1.029,0.009642,1.029,0.4804,sample_LNP_2_6_110000-integrate_subtracted.dat,ok
3.19,0.008813,3.045e-05,0.008813,1.34985,1.278,0.003662,1.278,0.5292,sample_LNP_2_6_250000-integrate_subtracted.dat,ok
5.14,0.09592,0.0001345,0.09289,1.06331,3.898,0.001223,8.938,0.3047,sample_LNP_2_6_680000-integrate_subtracted.dat,ok
5.16,0.1201,0.0001466,0.1174,1.00694,3.887,0.001135,8.453,0.3333,sample_LNP_2_6_900000-integrate_subtracted.dat,ok
2.61,0.007574,3.002e-05,0.007574,1.30042,1.137,0.003345,1.137,0.4017,sample_LNP_2_6d_00000-integrate_subtracted.dat,ok
3.59,0.03311,9.273e-05,0.03207,1.05633,2.765,0.003204,11.65,0.3021,sample_LNP_2_6d_1000000-integrate_subtracted.dat,ok
3.97,0.006089,3.628e-05,0.006089,1.67994,0.373,0.04669,0.3748,0.3069,sample_LNP_2_6d_110000-integrate_subtracted.dat,ok
3.5,0.007912,3.352e-05,0.007912,1.27509,1.183,0.006792,1.183,0.5441,sample_LNP_2_6d_250000-integrate_subtracted.dat,ok
3.59,0.02814,9.226e-05,0.02715,1.36934,2.752,0.003829,11.39,0.3029,sample_LNP_2_6d_680000-integrate_subtracted.dat,ok
3.56,0.03246,6.753e-05,0.03121,1.19446,2.748,0.002511,11.6,0.3021,sample_LNP_2_6d_900000-integrate_subtracted.dat,ok
52.28,2.76,0.005172,2.76,15.3812,15.77,0.02926,15.78,0.8819,sample_LNP_2_7_00000-integrate_subtracted.dat,ok
,,,,,,,,,sample_LNP_2_7_1000000-integrate_subtracted.dat,autorg_failed
65.58,4.365,0.01179,4.365,17.5996,18.34,0.05305,18.28,0.8329,sample_LNP_2_7_110000-integrate_subtracted.dat,ok
70.0,5.618,0.01572,5.617,19.4392,20.5,0.05371,20.44,0.6497,sample_LNP_2_7_250000-integrate_subtracted.dat,ok
,,,,,,,,,sample_LNP_2_7_680000-integrate_subtracted.dat,autorg_failed
,,,,,,,,,sample_LNP_2_7_900000-integrate_subtracted.dat,autorg_failed
64.18,2.219,0.009088,2.22,12.3162,7.01,0.3023,8.005,0.7042,sample_LNP_2_7d_00000-integrate_subtracted.dat,ok
,,,,,,,,,sample_LNP_2_7d_1000000-integrate_subtracted.dat,autorg_failed
68.36,3.12,0.01386,3.121,14.5087,10.3,0.2438,10.75,0.6879,sample_LNP_2_7d_110000-integrate_subtracted.dat,ok
66.7,4.945,0.01244,4.946,16.3219,16.25,0.06543,16.38,0.7513,sample_LNP_2_7d_250000-integrate_subtracted.dat,ok
,,,,,,,,,sample_LNP_2_7d_680000-integrate_subtracted.dat,autorg_failed
,,,,,,,,,sample_LNP_2_7d_900000-integrate_subtracted.dat,autorg_failed
30.4,0.4094,0.001523,0.4094,7.19378,11.48,0.01764,11.48,0.5877,sample_LP1HCl0p01HG0000-integrate_subtracted.dat,ok
,,,,,,,,,sample_LP1HCl0p1HG0000-integrate_subtracted.dat,autorg_failed
,,,,,,,,,sample_LP1HClNaOH0000-integrate_subtracted.dat,autorg_failed
30.66,0.3387,0.001291,0.3387,9.81086,11.31,0.01841,11.3,0.5884,sample_LP1_HCl0_010000-integrate_subtracted.dat,ok
,,,,,,,,,sample_LP1_HCl0_10000-integrate_subtracted.dat,autorg_failed
,,,,,,,,,sample_LP1_HCl_NaOH0000-integrate_subtracted.dat,autorg_failed
,,,,,,,,,sample_LP1_NaCl_HG0000-integrate_subtracted.dat,autorg_failed
,,,,,,,,,sample_LP1_NaCl_HG_3W0000-integrate_subtracted.dat,autorg_failed
,,,,,,,,,sample_LP1_PBS0000-integrate_subtracted.dat,autorg_failed
,,,,,,,,,sample_LP1_PBS_3W0000-integrate_subtracted.dat,autorg_failed
,,,,,,,,,sample_LP1_PBS_HG_3W0000-integrate_subtracted.dat,autorg_failed
7.21,0.0008122,3.323e-05,0.0008122,2.23828,1.206,0.346,1.2,0.5572,sample_LVDVLEa0000-integrate_subtracted.dat,ok
,,,,,,,,,sample_LVDVLEb0000-integrate_subtracted.dat,autorg_failed
59.02,104.3,6.979,104.3,15.4437,22.59,0.5344,22.63,0.7608,sample_LV_0p250000-integrate_subtracted.dat,ok
4.92,6.487,0.09687,6.487,1.27811,1.761,0.03139,1.76,0.4315,sample_LV_0p50000-integrate_subtracted.dat,ok
6.13,12.94,0.1262,12.94,1.74467,2.173,0.02712,2.172,0.6029,sample_LV_10000-integrate_subtracted.dat,ok
6.31,24.25,0.1436,24.25,1.77661,2.048,0.01631,2.048,0.6359,sample_LV_20000-integrate_subtracted.dat,ok
5.94,50.36,0.1463,50.36,1.77182,1.908,0.008264,1.908,0.6735,sample_LV_40000-integrate_subtracted.dat,ok
10.61,110.1,0.4188,110.1,1.78323,0.2854,0.1689,0.3219,0.6281,sample_LV_80000-integrate_subtracted.dat,ok
15.85,431.6,0.4116,431.6,5.46852,5.318,0.004983,5.327,0.8496,sample_LWT00000-integrate_subtracted.dat,ok
13.18,545.0,0.8118,545.0,5.38639,5.226,0.005058,5.236,0.9853,sample_LWT10000-integrate_subtracted.dat,ok
,,,,,,,,,sample_LWT20000-integrate_subtracted.dat,autorg_failed
13.51,385.6,0.696,385.6,5.52371,5.287,0.005303,5.297,0.9849,sample_LWT30000-integrate_subtracted.dat,ok
13.3,355.9,0.6405,355.9,5.43548,5.187,0.004918,5.195,0.873,sample_LWT40000-integrate_subtracted.dat,ok
,,,,,,,,,sample_LWT50000-integrate_subtracted.dat,autorg_failed
,,,,,,,,,sample_LWTpH40000-integrate_subtracted.dat,autorg_failed
32.98,0.3929,0.002806,0.3928,5.69699,7.693,0.1113,7.586,0.6041,sample_LWTpH60000-integrate_subtracted.dat,ok
4.73,13.59,0.03901,13.59,1.44345,1.586,0.006526,1.586,0.362,sample_LYS_0p1250000-integrate_subtracted.dat,ok
5.21,32.51,0.04509,32.51,1.55389,1.64,0.003178,1.64,0.5998,sample_LYS_0p250000-integrate_subtracted.dat,ok
4.54,80.28,0.04621,80.28,1.60992,1.593,0.000996,1.594,0.6011,sample_LYS_0p50000-integrate_subtracted.dat,ok
4.59,0.06443,6.866e-05,0.06443,1.68223,1.638,0.001465,1.638,0.5965,sample_LYS_10000-integrate_subtracted.dat,ok
4.22,22.35,0.2195,22.35,1.70239,1.658,0.01591,1.658,0.768,sample_LYS_1pt30000-integrate_subtracted.dat,ok
4.21,54.41,0.2505,54.41,1.66803,1.614,0.006815,1.614,0.8163,sample_LYS_30000-integrate_subtracted.dat,ok
4.55,181.3,0.05819,181.3,1.65488,1.617,0.0004963,1.618,0.6027,sample_LYS_stock0000-integrate_subtracted.dat,ok
,,,,,,,,,sample_LYZ1000000-integrate_subtracted.dat,autorg_failed
,,,,,,,,,sample_LYZ100Gly100000-integrate_subtracted.dat,autorg_failed
8.36,0.812,0.000581,0.812,1.44457,1.361,0.006476,1.363,0.6636,sample_LYZ100NaCl1000000-integrate_subtracted.dat,ok
5.77,1.12,0.0003565,1.12,1.58776,1.673,0.0009034,1.673,0.6593,sample_LYZ100NaCl100Gly100000-integrate_subtracted.dat,ok
3.17,0.1588,8.927e-05,0.1588,1.36162,1.305,0.0004561,1.305,0.5991,sample_LYZ200000-integrate_subtracted.dat,ok
3.14,0.1417,6.529e-05,0.1417,1.15237,1.283,0.0003998,1.283,0.5607,sample_LYZ20Gly100000-integrate_subtracted.dat,ok
,,,,,,,,,sample_LYZ500000-integrate_subtracted.dat,autorg_failed
,,,,,,,,,sample_LYZ50Gly100000-integrate_subtracted.dat,autorg_failed
,,,,,,,,,sample_LYZ800000-integrate_subtracted.dat,autorg_failed
,,,,,,,,,sample_LYZ80Gly100000-integrate_subtracted.dat,autorg_failed
4.79,0.6701,0.0001916,0.6701,1.4284,1.433,0.000636,1.433,0.6392,sample_LYZ80NaCl1000000-integrate_subtracted.dat,ok
6.48,0.9461,0.0004341,0.9461,1.58037,1.663,0.001993,1.662,0.6804,sample_LYZ80NaCl100Gly100000-integrate_subtracted.dat,ok
,,,,,,,,,sample_LdJ_10000-integrate_subtracted.dat,autorg_failed
27.31,0.03225,0.0006597,0.03225,10.0165,9.592,0.1302,9.551,0.8687,sample_LdJ_20000-integrate_subtracted.dat,ok
,,,,,,,,,sample_LdJ_30000-integrate_subtracted.dat,autorg_failed
,,,,,,,,,sample_LdJ_40000-integrate_subtracted.dat,autorg_failed
,,,,,,,,,sample_LdJ_50000-integrate_subtracted.dat,autorg_failed
26.71,0.01818,0.0005471,0.01818,9.79613,9.244,0.1659,9.204,0.8417,sample_LdJ_60000-integrate_subtracted.dat,ok
,,,,,,,,,sample_LdJ_70000-integrate_subtracted.dat,autorg_failed
,,,,,,,,,sample_LdJ_80000-integrate_subtracted.dat,autorg_failed
,,,,,,,,,sample_Lionel_10000-integrate_subtracted.dat,autorg_failed
,,,,,,,,,sample_Lionel_20000-integrate_subtracted.dat,autorg_failed
66.05,0.9112,0.005506,0.9111,16.6724,19.09,0.1068,19.02,0.8403,sample_Lionel_30000-integrate_subtracted.dat,ok
75.72,2.871,0.0109,2.871,19.0425,22.97,0.05609,22.95,0.6816,sample_Lionel_40000-integrate_subtracted.dat,ok
,,,,,,,,,sample_Lionel_50000-integrate_subtracted.dat,autorg_failed
,,,,,,,,,sample_Lionel_60000-integrate_subtracted.dat,autorg_failed
,,,,,,,,,sample_Lionel_70000-integrate_subtracted.dat,autorg_failed
74.75,2.329,0.01573,2.329,19.5589,22.46,0.119,22.44,0.8013,sample_Lionel_80000-integrate_subtracted.dat,ok
47.98,425.0,13.31,425.0,8.9257,11.75,0.4884,11.63,0.6723,sample_Lip_0pt750000-integrate_subtracted.dat,ok
59.49,6499.0,119.8,6498.0,10.0136,12.44,0.4364,12.31,0.6775,sample_Lip_100000-integrate_subtracted.dat,ok
49.91,817.4,17.76,817.3,9.36183,10.9,0.4336,10.82,0.6778,sample_Lip_1pt250000-integrate_subtracted.dat,ok
52.62,1680.0,26.24,1680.0,9.86006,11.97,0.3183,11.84,0.6893,sample_Lip_2pt50000-integrate_subtracted.dat,ok
52.5,3258.0,33.31,3258.0,9.92701,12.07,0.2027,11.94,0.6752,sample_Lip_50000-integrate_subtracted.dat,ok
,,,,,,,,,sample_Lipasi_0p480000-integrate_subtracted.dat,autorg_failed
36.82,79.4,3.305,79.39,6.6854,13.61,0.2496,13.55,0.5348,sample_Lipasi_0p950000-integrate_subtracted.dat,ok
9.34,38.62,0.1715,38.62,4.00938,3.53,0.008083,3.529,0.4011,sample_Lipasi_1p90000-integrate_subtracted.dat,ok
30.34,272.7,3.223,272.7,5.04433,11.77,0.06619,11.72,0.4233,sample_Lipasi_3p80000-integrate_subtracted.dat,ok
,,,,,,,,,sample_Lipex_ekstrudert0000-integrate_subtracted.dat,autorg_failed
47.36,0.00506,0.0009048,0.00506,18.2466,17.96,1.294,18.01,0.7625,sample_Lips_d_1_10000-integrate_subtracted.dat,ok
4.96,0.008881,6.734e-05,0.00842,1.66703,4.125,0.007759,5.392,0.3131,sample_Lips_highAu_d_1_10000-integrate_subtracted.dat,ok
82.67,0.06571,0.008679,0.06571,19.0636,27.93,2.031,27.89,0.9017,sample_Lips_highAu_d_1_100000-integrate_subtracted.dat,ok
6.74,0.02179,7.766e-05,0.02199,1.80228,5.206,0.005006,15.88,0.2734,sample_Lips_highAu_oc0000-integrate_subtracted.dat,ok
,,,,,,,,,sample_Lips_lowAu_d_1_10000-integrate_subtracted.dat,autorg_failed
41.49,0.003395,0.000819,0.003395,13.9411,16.13,2.423,16.14,0.7229,sample_Lips_lowAu_d_1_100000-integrate_subtracted.dat,ok
,,,,,,,,,sample_Lips_lowAu_oc0000-integrate_subtracted.dat,autorg_failed
41.16,0.003514,0.0007907,0.003514,13.6123,16.79,1.92,16.82,0.6272,sample_Lips_oc0000-integrate_subtracted.dat,ok
,,,,,,,,,sample_Lwt_1000Fe0000-integrate_subtracted.dat,autorg_failed
64.4,1.73,0.05643,1.73,10.7227,19.54,0.3605,19.39,0.6159,sample_Lwt_100Fe0000-integrate_subtracted.dat,ok
,,,,,,,,,sample_Lwt_500Fe0000-integrate_subtracted.dat,autorg_failed
24.43,0.47,0.001586,0.4699,5.96514,6.618,0.03598,6.568,0.6467,sample_Lwt_50Fe_sub0000-integrate_subtracted.dat,ok
21.81,0.4065,0.001093,0.4065,5.61502,5.649,0.02761,5.645,0.7798,sample_Lwt_new0000-integrate_subtracted.dat,ok
,,,,,,,,,sample_Lwt_new_20000-integrate_subtracted.dat,autorg_failed
,,,,,,,,,sample_Lwt_new_2_00020000-integrate_subtracted.dat,autorg_failed
4.08,8.296,0.07589,8.296,1.55341,1.509,0.01407,1.509,0.8191,sample_Lys_100_0p60000-integrate_subtracted.dat,ok
3.94,145.1,0.1407,145.1,1.50194,1.47,0.001354,1.47,0.6331,sample_Lys_100_100000-integrate_subtracted.dat,ok
3.96,16.49,0.06672,16.49,1.581,1.503,0.005812,1.503,0.8271,sample_Lys_100_1p20000-integrate_subtracted.dat,ok
4.4,34.16,0.07542,34.16,1.54266,1.53,0.004039,1.53,0.8707,sample_Lys_100_2p50000-integrate_subtracted.dat,ok
5.05,72.44,0.1705,72.44,1.50618,1.518,0.005413,1.518,0.9223,sample_Lys_100_50000-integrate_subtracted.dat,ok
4.7,11.41,0.08553,11.41,1.38087,1.554,0.01658,1.554,0.5121,sample_Lys_20_0p60000-integrate_subtracted.dat,ok
4.27,156.0,0.2089,156.0,1.44885,1.467,0.001828,1.467,0.6592,sample_Lys_20_100000-integrate_subtracted.dat,ok
3.93,17.54,0.1073,17.54,1.48232,1.473,0.008061,1.473,0.8271,sample_Lys_20_1p20000-integrate_subtracted.dat,ok
4.6,37.9,0.1232,37.9,1.53857,1.546,0.00579,1.546,0.8478,sample_Lys_20_2p50000-integrate_subtracted.dat,ok
5.12,76.56,0.1253,76.56,1.50701,1.526,0.004358,1.526,0.8482,sample_Lys_20_50000-integrate_subtracted.dat,ok
4.62,9.932,0.0647,9.932,1.45138,1.53,0.01625,1.529,0.5653,sample_Lys_40_0p60000-integrate_subtracted.dat,ok
3.94,152.0,0.1775,152.0,1.50254,1.471,0.001482,1.471,0.6686,sample_Lys_40_100000-integrate_subtracted.dat,ok
4.52,18.55,0.08983,18.55,1.5452,1.55,0.008955,1.55,0.6902,sample_Lys_40_1p20000-integrate_subtracted.dat,ok
4.33,36.47,0.09088,36.47,1.53593,1.527,0.004012,1.527,0.8799,sample_Lys_40_2p50000-integrate_subtracted.dat,ok
4.83,74.29,0.1168,74.29,1.49656,1.518,0.002856,1.518,0.9469,sample_Lys_40_50000-integrate_subtracted.dat,ok
3.81,9.01,0.07558,9.01,1.5239,1.455,0.01201,1.455,0.6501,sample_Lys_60_0p60000-integrate_subtracted.dat,ok
4.28,147.3,0.14,147.3,1.50023,1.474,0.001293,1.474,0.6772,sample_Lys_60_100000-integrate_subtracted.dat,ok
4.4,18.01,0.06665,18.01,1.54203,1.532,0.006811,1.532,0.8154,sample_Lys_60_1p20000-integrate_subtracted.dat,ok
4.75,36.44,0.087,36.44,1.53251,1.547,0.004814,1.547,0.8621,sample_Lys_60_2p50000-integrate_subtracted.dat,ok
4.92,71.87,0.1145,71.87,1.50363,1.518,0.003857,1.518,0.8894,sample_Lys_60_50000-integrate_subtracted.dat,ok
3.85,8.765,0.0587,8.765,1.52579,1.472,0.008873,1.472,0.7721,sample_Lys_80_0p60000-integrate_subtracted.dat,ok
4.11,147.1,0.09822,147.1,1.5087,1.471,0.001095,1.471,0.6362,sample_Lys_80_100000-integrate_subtracted.dat,ok
3.96,17.59,0.06327,17.59,1.57,1.499,0.004816,1.5,0.8047,sample_Lys_80_1p20000-integrate_subtracted.dat,ok
4.09,34.56,0.08472,34.56,1.55745,1.513,0.00346,1.513,0.884,sample_Lys_80_2p50000-integrate_subtracted.dat,ok
4.83,71.33,0.1585,71.33,1.5101,1.521,0.00484,1.521,0.9332,sample_Lys_80_50000-integrate_subtracted.dat,ok
23.72,855.7,2.84,855.5,6.76756,7.118,0.02671,7.059,0.6887,sample_Lyz0000-integrate_subtracted.dat,ok
64.18,-6861.0,104.8,0.0,10.9934,28.78,0.02676,0.0,0.6495,sample_Lyz_40C0000-integrate_subtracted.dat,ok
26.61,319.2,1.789,319.2,5.30859,5.986,0.07974,5.924,0.6911,sample_Lyz_50C0000-integrate_subtracted.dat,ok
8.16,0.0142,7.435e-05,0.0142,2.96692,2.8,0.01252,2.8,0.8452,sample_M10000-integrate_subtracted.dat,ok
5.47,2.226,0.04435,2.226,1.15766,1.324,0.08548,1.324,0.527,sample_M1_0p2120000-integrate_subtracted.dat,ok
8.38,3.729,0.108,3.729,1.39533,1.562,0.2448,1.563,0.5757,sample_M1_0p4250000-integrate_subtracted.dat,ok
4.47,6.696,0.04408,6.696,1.45049,1.546,0.01279,1.546,0.5594,sample_M1_0p950000-integrate_subtracted.dat,ok
5.82,0.01116,5.821e-05,0.01116,2.06204,2.032,0.01115,2.031,0.8407,sample_M20000-integrate_subtracted.dat,ok
7.83,0.01486,8.77e-05,0.01486,3.06601,2.739,0.01198,2.739,0.6193,sample_M30000-integrate_subtracted.dat,ok
9.5,0.01774,0.000139,0.01774,3.23119,3.043,0.02329,3.042,0.7619,sample_M40000-integrate_subtracted.dat,ok
5.0,1.803,0.03912,1.803,1.00851,1.259,0.08945,1.258,0.5559,sample_M4_0p160000-integrate_subtracted.dat,ok
4.12,2.71,0.0327,2.71,1.06906,1.234,0.02937,1.234,0.5736,sample_M4_0p330000-integrate_subtracted.dat,ok
6.84,4.658,0.06868,4.658,1.30398,1.517,0.06562,1.516,0.6118,sample_M4_0p670000-integrate_subtracted.dat,ok
5.44,7.461,0.03825,7.461,1.2913,1.524,0.01855,1.524,0.5542,sample_M4_1p30000-integrate_subtracted.dat,ok
6.94,14.02,0.07325,14.02,1.40953,1.559,0.02438,1.559,0.6372,sample_M4_2p70000-integrate_subtracted.dat,ok
5.19,39.78,0.08307,39.78,1.6228,1.661,0.004755,1.661,0.7515,sample_M4_5p40000-integrate_subtracted.dat,ok
9.11,0.01644,0.0002138,0.01644,3.01425,2.976,0.04226,2.974,0.6418,sample_M50000-integrate_subtracted.dat,ok
3.02,1.652,0.03288,1.652,1.18428,1.109,0.02643,1.109,0.5432,sample_M5_0p350000-integrate_subtracted.dat,ok
6.54,3.035,0.07933,3.035,1.29875,1.334,0.1744,1.334,0.5756,sample_M5_0p70000-integrate_subtracted.dat,ok
5.43,32.82,0.05544,32.82,1.50886,1.588,0.004584,1.588,0.6654,sample_M5_11p20000-integrate_subtracted.dat,ok
4.57,5.194,0.05498,5.194,1.3649,1.427,0.02749,1.427,0.5815,sample_M5_1p40000-integrate_subtracted.dat,ok
5.01,11.14,0.0608,11.14,1.59687,1.633,0.01175,1.633,0.6678,sample_M5_2p80000-integrate_subtracted.dat,ok
4.6,20.78,0.07806,20.78,1.64014,1.595,0.006377,1.595,0.7567,sample_M5_5p60000-integrate_subtracted.dat,ok
9.71,0.01918,0.0001225,0.01918,3.13158,3.101,0.02045,3.099,0.7557,sample_M60000-integrate_subtracted.dat,ok
2.46,0.8491,0.07012,0.8491,1.07263,3.441,0.1761,3.419,0.1902,sample_MDA10000-integrate_subtracted.dat,ok
,,,,,,,,,sample_MET16_0pt60000-integrate_subtracted.dat,autorg_failed
,,,,,,,,,sample_MET16_1pt50000-integrate_subtracted.dat,autorg_failed
,,,,,,,,,sample_MF40000-integrate_subtracted.dat,autorg_failed
,,,,,,,,,sample_MF50000-integrate_subtracted.dat,autorg_failed
31.36,-1.571,1.999,0.0,7.17127,20.34,7.26,0.0,0.5161,sample_MIP_10000-integrate_subtracted.dat,ok
,,,,,,,,,sample_MK_10960000-integrate_subtracted.dat,autorg_failed
,,,,,,,,,sample_MK_10970000-integrate_subtracted.dat,autorg_failed
,,,,,,,,,sample_MK_10980000-integrate_subtracted.dat,autorg_failed
,,,,,,,,,sample_MK_10990000-integrate_subtracted.dat,autorg_failed
55.67,149200000.0,16390.0,149200000.0,10.6826,18.37,0.0008843,18.39,0.6083,sample_MK_11360000-integrate_subtracted.dat,ok
44.01,0.5419,0.007198,0.5419,11.0779,14.92,0.1183,14.89,0.8333,sample_MM10000-integrate_subtracted.dat,ok
,,,,,,,,,sample_MM120000-integrate_subtracted.dat,autorg_failed
7.57,0.1124,0.0003034,0.1054,1.54934,4.709,0.005626,6.601,0.2945,sample_MM12_00020000-integrate_subtracted.dat,ok
,,,,,,,,,sample_MM12_00040000-integrate_subtracted.dat,autorg_failed
5.59,0.05103,0.000235,0.04878,1.25289,4.336,0.006017,5.97,0.2957,sample_MM1_00020000-integrate_subtracted.dat,ok
47.91,0.2091,0.007614,0.2091,11.3768,16.12,0.2987,16.1,0.8978,sample_MM1_00030000-integrate_subtracted.dat,ok
53.24,0.1931,0.006953,0.1931,11.7587,16.46,0.3518,16.44,0.916,sample_MM1_00040000-integrate_subtracted.dat,ok
26.79,0.04388,0.0006085,0.04385,5.59415,8.775,0.1138,8.572,0.3302,sample_MM2_00030000-integrate_subtracted.dat,ok
48.39,0.4051,0.009724,0.4051,10.766,15.58,0.2344,15.54,0.9595,sample_MM370000-integrate_subtracted.dat,ok
,,,,,,,,,sample_MM7_00020000-integrate_subtracted.dat,autorg_failed
,,,,,,,,,sample_MM7_00030000-integrate_subtracted.dat,autorg_failed
,,,,,,,,,sample_MM7_00040000-integrate_subtracted.dat,autorg_failed
12.98,0.01736,0.0003579,0.01736,5.08392,4.385,0.08912,4.39,0.7387,sample_MSP1D1_DMPC0000-integrate_subtracted.dat,ok
34.78,1044.0,3.667,1044.0,5.79017,7.111,0.07205,7.039,0.6625,sample_MUT49_ECSIT_2p10000-integrate_subtracted.dat,ok
14.32,1711.0,0.6172,1711.0,5.40438,5.126,0.001203,5.127,0.6115,sample_MUT49_ECSIT_4p20000-integrate_subtracted.dat,ok
2.63,0.7397,0.02647,0.7397,1.00938,0.7194,0.07987,0.7193,0.5513,sample_M_0p250000-integrate_subtracted.dat,ok
5.47,0.8297,0.06213,0.8297,1.63235,0.8319,0.3121,0.8323,0.5673,sample_M_0p50000-integrate_subtracted.dat,ok
2.86,2.314,0.02543,2.314,1.06872,1.047,0.01487,1.047,0.5435,sample_M_10000-integrate_subtracted.dat,ok
6.06,4.291,0.05428,4.291,1.22128,1.288,0.06743,1.288,0.6076,sample_M_20000-integrate_subtracted.dat,ok
4.69,11.5,0.05376,11.5,1.31829,1.299,0.01407,1.299,0.5832,sample_M_40000-integrate_subtracted.dat,ok
8.33,25.21,0.07389,25.21,1.38737,1.514,0.03146,1.505,0.571,sample_M_80000-integrate_subtracted.dat,ok
59.16,0.01841,0.002626,0.01841,17.2546,24.92,1.047,25.0,0.654,sample_Manuell_ekstrudert0000-integrate_subtracted.dat,ok
6.46,38.03,0.09937,38.03,1.94545,1.995,0.007598,1.995,0.7128,sample_MarcA10000-integrate_subtracted.dat,ok
5.79,17.82,0.06548,17.82,1.85231,1.835,0.01001,1.835,0.8196,sample_MarcA20000-integrate_subtracted.dat,ok
4.76,8.938,0.0608,8.938,1.67046,1.628,0.01155,1.628,0.7061,sample_MarcA30000-integrate_subtracted.dat,ok
4.81,4.956,0.06492,4.956,1.60201,1.631,0.02791,1.631,0.604,sample_MarcA40000-integrate_subtracted.dat,ok
4.24,2.176,0.06705,2.176,1.48816,1.558,0.05106,1.558,0.5622,sample_MarcA50000-integrate_subtracted.dat,ok
5.31,8.886,0.05271,8.886,1.68525,1.807,0.01182,1.807,0.4832,sample_MarcB10000-integrate_subtracted.dat,ok
5.6,4.629,0.04635,4.629,1.5768,1.827,0.03024,1.827,0.5029,sample_MarcB20000-integrate_subtracted.dat,ok
6.19,2.605,0.06411,2.605,1.4876,1.921,0.09545,1.92,0.5622,sample_MarcB30000-integrate_subtracted.dat,ok
6.42,1.385,0.07116,1.385,1.35749,2.132,0.194,2.13,0.5614,sample_MarcB40000-integrate_subtracted.dat,ok
2.86,0.9208,0.02714,0.9208,1.0138,0.9422,0.04604,0.9421,0.5443,sample_MarcB50000-integrate_subtracted.dat,ok
3.89,4.898,0.03878,4.898,1.08813,1.298,0.01525,1.298,0.5547,sample_Mel_0p230000-integrate_subtracted.dat,ok
58.22,47.54,13.61,47.54,9.91029,19.52,3.131,19.54,0.6876,sample_Mel_0p40000-integrate_subtracted.dat,ok
4.78,9.655,0.03861,9.655,1.35561,1.449,0.01198,1.448,0.5595,sample_Mel_0p460000-integrate_subtracted.dat,ok
,,,,,,,,,sample_Mel_0p4_20000-integrate_subtracted.dat,autorg_failed
52.04,46.62,11.3,46.62,12.2373,19.38,2.784,19.41,0.6974,sample_Mel_0p4_30000-integrate_subtracted.dat,ok
,,,,,,,,,sample_Mel_0p80000-integrate_subtracted.dat,autorg_failed
,,,,,,,,,sample_Mel_0p8_20000-integrate_subtracted.dat,autorg_failed
40.52,28.77,4.572,28.78,10.354,14.95,1.122,15.0,0.6794,sample_Mel_0p8_30000-integrate_subtracted.dat,ok
5.83,21.32,0.04335,21.32,1.56497,1.65,0.007603,1.65,0.5908,sample_Mel_0p930000-integrate_subtracted.dat,ok
4.34,34.96,0.1974,34.96,1.47839,1.528,0.008831,1.528,0.7278,sample_Mel_12p80000-integrate_subtracted.dat,ok
5.43,36.49,0.2293,36.49,1.47175,1.51,0.01627,1.51,0.7336,sample_Mel_12p8_30000-integrate_subtracted.dat,ok
5.43,35.93,0.1895,35.93,1.48782,1.511,0.01829,1.511,0.7275,sample_Mel_12p_280000-integrate_subtracted.dat,ok
5.41,5.448,0.1879,5.448,1.59831,1.926,0.08017,1.926,0.4681,sample_Mel_1p60000-integrate_subtracted.dat,ok
71.81,90.5,46.12,90.5,11.9436,22.5,23.75,22.5,0.7221,sample_Mel_1p6_20000-integrate_subtracted.dat,ok
,,,,,,,,,sample_Mel_1p6_30000-integrate_subtracted.dat,autorg_failed
8.41,45.17,0.08464,45.17,1.68199,1.954,0.0114,1.952,0.5936,sample_Mel_1p870000-integrate_subtracted.dat,ok
6.48,9.694,0.2449,9.694,1.3974,1.66,0.1175,1.659,0.5957,sample_Mel_3p20000-integrate_subtracted.dat,ok
58.32,71.55,14.94,71.55,11.109,19.56,3.115,19.55,0.6613,sample_Mel_3p2_20000-integrate_subtracted.dat,ok
5.18,9.714,0.2404,9.714,1.48547,1.526,0.06347,1.526,0.537,sample_Mel_3p2_30000-integrate_subtracted.dat,ok
8.78,85.22,0.1698,85.22,1.73972,2.054,0.01304,2.052,0.5978,sample_Mel_3p350000-integrate_subtracted.dat,ok
4.13,19.07,0.1894,19.07,1.53124,1.573,0.01885,1.573,0.6426,sample_Mel_6p40000-integrate_subtracted.dat,ok
4.55,19.82,0.1718,19.82,1.59752,1.597,0.01641,1.597,0.6566,sample_Mel_6p4_20000-integrate_subtracted.dat,ok
6.21,20.57,0.2251,20.57,1.54788,1.71,0.04001,1.709,0.6508,sample_Mel_6p4_30000-integrate_subtracted.dat,ok
4.35,186.6,0.09189,186.6,1.83321,1.704,0.0005236,1.704,0.5068,sample_Mel_7p50000-integrate_subtracted.dat,ok
50.79,4.697,4.267,4.699,9.8877,10.67,25.78,10.1,0.6011,sample_Mel_U2_0p750000-integrate_subtracted.dat,ok
8.53,26.64,0.09087,26.64,1.42181,1.515,0.03027,1.515,0.6332,sample_Mel_U2_12p00000-integrate_subtracted.dat,ok
17.94,5.454,0.3534,5.454,7.61208,2.763,1.204,2.705,0.6239,sample_Mel_U2_1p50000-integrate_subtracted.dat,ok
6.96,51.63,0.09539,51.63,1.46859,1.416,0.01247,1.416,0.5775,sample_Mel_U2_24p00000-integrate_subtracted.dat,ok
6.03,9.471,0.06714,9.47,1.00227,1.269,0.03831,1.268,0.5495,sample_Mel_U2_3p00000-integrate_subtracted.dat,ok
6.83,14.7,0.06784,14.7,1.28227,1.42,0.03238,1.42,0.5289,sample_Mel_U2_6p00000-integrate_subtracted.dat,ok
,,,,,,,,,sample_Mel_U4_0p2150000-integrate_subtracted.dat,autorg_failed
2.5,1.562,0.02331,1.562,1.00045,0.796,0.02082,0.796,0.413,sample_Mel_U4_0p860000-integrate_subtracted.dat,ok
7.23,3.107,0.07405,3.107,1.24823,1.109,0.2201,1.11,0.557,sample_Mel_U4_1p720000-integrate_subtracted.dat,ok
5.79,5.172,0.06732,5.172,1.28845,1.405,0.04959,1.404,0.526,sample_Mel_U4_3p450000-integrate_subtracted.dat,ok
8.01,9.687,0.109,9.687,1.36427,1.468,0.09879,1.468,0.6237,sample_Mel_U4_6p90000-integrate_subtracted.dat,ok
4.24,0.86,0.0624,0.86,1.00733,0.7365,0.2582,0.7365,0.5899,sample_Mel_U8_0p310000-integrate_subtracted.dat,ok
,,,,,,,,,sample_Mel_U8_0p630000-integrate_subtracted.dat,autorg_failed
2.41,0.8255,0.02607,0.8255,1.20551,0.3615,0.08778,0.3617,0.2625,sample_Mel_U8_1p270000-integrate_subtracted.dat,ok
4.73,5.319,0.0608,5.319,1.43243,1.754,0.0178,1.754,0.3225,sample_Mel_U8_5p10000-integrate_subtracted.dat,ok
34.98,285.2,2.89,285.2,6.77403,8.233,0.1593,8.135,0.6649,sample_Mix_10000-integrate_subtracted.dat,ok
43.48,609.4,11.52,609.3,7.2323,9.543,0.4291,9.419,0.686,sample_Mix_20000-integrate_subtracted.dat,ok
,,,,,,,,,sample_Mix_30000-integrate_subtracted.dat,autorg_failed
40.46,2339.0,17.73,2339.0,7.14455,8.872,0.1362,8.764,0.6691,sample_Mix_40000-integrate_subtracted.dat,ok
6.59,249.2,0.1871,249.2,2.56234,2.422,0.001218,2.422,0.5989,sample_MmaA3_110000-integrate_subtracted.dat,ok
15.25,111.6,0.4357,111.6,3.03952,3.793,0.03552,3.766,0.5578,sample_MmaA3_11_10000-integrate_subtracted.dat,ok
8.7,46.5,0.1793,46.5,2.6975,2.752,0.01386,2.749,0.739,sample_MmaA3_11_20000-integrate_subtracted.dat,ok
6.76,21.52,0.0917,21.52,2.57527,2.342,0.01111,2.341,0.757,sample_MmaA3_11_30000-integrate_subtracted.dat,ok
6.0,11.09,0.09744,11.09,2.54778,2.196,0.01444,2.196,0.731,sample_MmaA3_11_40000-integrate_subtracted.dat,ok
8.61,372.7,0.2348,372.7,3.15818,3.107,0.001303,3.106,0.5972,sample_MmaA3_11_Myr0000-integrate_subtracted.dat,ok
7.07,268.5,0.2404,268.5,2.89009,2.58,0.001418,2.58,0.59,sample_MmaA3_11_Myr_250uM0000-integrate_subtracted.dat,ok
6.86,273.3,0.1917,273.3,2.82681,2.485,0.001139,2.485,0.5968,sample_MmaA3_11_PEG0000-integrate_subtracted.dat,ok
6.77,252.8,0.2119,252.8,2.82031,2.452,0.001423,2.452,0.5992,sample_MmaA3_11_PEG_low0000-integrate_subtracted.dat,ok
6.34,261.2,0.2003,261.2,2.56207,2.347,0.001229,2.347,0.5963,sample_MmaA3_11_SAH0000-integrate_subtracted.dat,ok
8.35,376.5,0.223,376.5,3.06184,3.032,0.001175,3.032,0.5921,sample_MmaA3_11_SAH_Myr0000-integrate_subtracted.dat,ok
6.48,251.2,0.2112,251.2,2.70172,2.378,0.001402,2.378,0.5931,sample_MmaA3_11_SAH_PEG0000-integrate_subtracted.dat,ok
6.12,256.6,0.3136,256.6,2.96789,2.431,0.001501,2.431,0.5546,sample_MmaA3_11_SAM0000-integrate_subtracted.dat,ok
6.58,244.8,0.1481,244.8,2.5768,2.416,0.0008895,2.416,0.5983,sample_MmaA3_11_SAM250uM0000-integrate_subtracted.dat,ok
6.26,256.0,0.1896,256.0,2.55985,2.317,0.001012,2.317,0.5999,sample_MmaA3_11_SFG0000-integrate_subtracted.dat,ok
18.43,416.0,1.152,416.0,3.06847,3.514,0.03569,3.505,0.6881,sample_MmaA3_210000-integrate_subtracted.dat,ok
14.02,136.9,0.3768,136.9,2.5488,3.61,0.02277,3.59,0.5981,sample_MmaA3_21_10000-integrate_subtracted.dat,ok
14.92,60.79,0.2815,60.79,2.52372,3.523,0.04669,3.5,0.5964,sample_MmaA3_21_20000-integrate_subtracted.dat,ok
6.99,26.08,0.1162,26.08,2.40972,2.306,0.01173,2.306,0.8731,sample_MmaA3_21_30000-integrate_subtracted.dat,ok
6.55,13.07,0.08923,13.07,2.29627,2.203,0.01594,2.202,0.8474,sample_MmaA3_21_40000-integrate_subtracted.dat,ok
17.91,523.2,1.057,523.2,2.98248,3.743,0.02623,3.73,0.6115,sample_MmaA3_21_Myr0000-integrate_subtracted.dat,ok
17.78,382.7,1.111,382.7,2.96052,3.636,0.03756,3.625,0.6289,sample_MmaA3_21_Myr_250uM0000-integrate_subtracted.dat,ok
16.95,480.4,0.9401,480.4,2.84289,3.998,0.0214,3.984,0.5413,sample_MmaA3_21_PEG0000-integrate_subtracted.dat,ok
18.94,391.1,0.9284,391.0,3.20321,3.851,0.0301,3.835,0.6228,sample_MmaA3_21_PEG_low0000-integrate_subtracted.dat,ok
18.6,387.6,1.346,387.6,3.12048,4.079,0.03965,4.064,0.6216,sample_MmaA3_21_SAH0000-integrate_subtracted.dat,ok
8.84,474.7,0.3899,474.7,3.33598,3.228,0.001565,3.228,0.5363,sample_MmaA3_21_SAH_Myr0000-integrate_subtracted.dat,ok
6.32,299.8,0.1619,299.8,2.70973,2.336,0.0007041,2.336,0.3881,sample_MmaA3_21_SAH_PEG0000-integrate_subtracted.dat,ok
7.18,329.6,0.2446,329.6,3.37824,2.745,0.001083,2.745,0.5579,sample_MmaA3_21_SAM0000-integrate_subtracted.dat,ok
17.6,383.4,0.8714,383.4,2.92551,3.83,0.03017,3.817,0.6003,sample_MmaA3_21_SAM250uM0000-integrate_subtracted.dat,ok
18.16,365.2,0.9405,365.2,3.30441,3.928,0.02929,3.916,0.6598,sample_MmaA3_21_SFG0000-integrate_subtracted.dat,ok
42.26,114.5,2.914,114.5,7.02943,9.875,0.5006,9.735,0.6729,sample_MtbEnz20000-integrate_subtracted.dat,ok
,,,,,,,,,sample_N0000-integrate_subtracted.dat,autorg_failed
13.66,0.02032,0.0001345,0.02032,3.28104,5.56,0.02573,5.558,0.2646,sample_N000000-integrate_subtracted.dat,ok
2.67,0.01615,7.916e-05,0.01573,1.33601,2.126,0.004291,10.55,0.2553,sample_N010000-integrate_subtracted.dat,ok
,,,,,,,,,sample_N020000-integrate_subtracted.dat,autorg_failed
79.58,0.3671,0.01405,0.3671,19.7058,21.18,0.8226,21.08,0.65,sample_N030000-integrate_subtracted.dat,ok
91.32,0.389,0.02746,0.3889,18.3637,23.62,1.765,23.35,0.68,sample_N040000-integrate_subtracted.dat,ok
3.35,0.03362,7.597e-05,0.03785,1.58731,2.196,0.003553,12.54,0.3367,sample_N050000-integrate_subtracted.dat,ok
,,,,,,,,,sample_N060000-integrate_subtracted.dat,autorg_failed
64.59,0.01898,0.003931,0.01898,13.9763,25.23,2.177,25.28,0.5917,sample_N070000-integrate_subtracted.dat,ok
,,,,,,,,,sample_N080000-integrate_subtracted.dat,autorg_failed
,,,,,,,,,sample_N090000-integrate_subtracted.dat,autorg_failed
7.42,19.85,0.1223,19.85,2.93809,2.711,0.01173,2.711,0.9023,sample_N0p40000-integrate_subtracted.dat,ok
10.6,40.11,0.189,40.11,2.84656,3.013,0.02461,3.009,0.7366,sample_N0p980000-integrate_subtracted.dat,ok
,,,,,,,,,sample_N10000-integrate_subtracted.dat,autorg_failed
,,,,,,,,,sample_N100000-integrate_subtracted.dat,autorg_failed
,,,,,,,,,sample_N100_100000-integrate_subtracted.dat,autorg_failed
,,,,,,,,,sample_N100_110000-integrate_subtracted.dat,autorg_failed
,,,,,,,,,sample_N100_120000-integrate_subtracted.dat,autorg_failed
,,,,,,,,,sample_N100_130000-integrate_subtracted.dat,autorg_failed
,,,,,,,,,sample_N100_140000-integrate_subtracted.dat,autorg_failed
,,,,,,,,,sample_N100_150000-integrate_subtracted.dat,autorg_failed
47.09,0.06707,0.004762,0.06707,7.8329,18.33,0.3915,18.37,0.8969,sample_N100_160000-integrate_subtracted.dat,ok
,,,,,,,,,sample_N100_170000-integrate_subtracted.dat,autorg_failed
,,,,,,,,,sample_N100_180000-integrate_subtracted.dat,autorg_failed
,,,,,,,,,sample_N100_190000-integrate_subtracted.dat,autorg_failed
,,,,,,,,,sample_N100_80000-integrate_subtracted.dat,autorg_failed
,,,,,,,,,sample_N100_90000-integrate_subtracted.dat,autorg_failed
,,,,,,,,,sample_N10_100000-integrate_subtracted.dat,autorg_failed
8.45,0.01626,0.0001428,0.01626,1.40723,4.052,0.01064,4.057,0.149,sample_N10_110000-integrate_subtracted.dat,ok
,,,,,,,,,sample_N10_120000-integrate_subtracted.dat,autorg_failed
,,,,,,,,,sample_N10_140000-integrate_subtracted.dat,autorg_failed
,,,,,,,,,sample_N10_150000-integrate_subtracted.dat,autorg_failed
,,,,,,,,,sample_N10_160000-integrate_subtracted.dat,autorg_failed
,,,,,,,,,sample_N10_170000-integrate_subtracted.dat,autorg_failed
,,,,,,,,,sample_N10_180000-integrate_subtracted.dat,autorg_failed
,,,,,,,,,sample_N10_190000-integrate_subtracted.dat,autorg_failed
,,,,,,,,,sample_N10_200000-integrate_subtracted.dat,autorg_failed
,,,,,,,,,sample_N10_70000-integrate_subtracted.dat,autorg_failed
,,,,,,,,,sample_N10_80000-integrate_subtracted.dat,autorg_failed
,,,,,,,,,sample_N10_90000-integrate_subtracted.dat,autorg_failed
9.33,0.0194,0.0001935,0.0194,1.62312,3.874,0.02142,3.871,0.3041,sample_N110000-integrate_subtracted.dat,ok
18.69,673.1,1.261,673.1,3.64215,4.05,0.02138,4.03,0.6759,sample_N117A_A0000-integrate_subtracted.dat,ok
14.64,385.8,0.5971,385.8,3.37558,3.493,0.01207,3.484,0.6858,sample_N117A_B0000-integrate_subtracted.dat,ok
11.91,213.3,0.5606,213.3,3.2638,3.408,0.01333,3.402,0.7197,sample_N117A_C0000-integrate_subtracted.dat,ok
9.71,121.7,0.3314,121.7,2.98765,3.011,0.01077,3.009,0.8078,sample_N117A_D0000-integrate_subtracted.dat,ok
8.97,46.68,0.1912,46.68,2.90538,2.893,0.01404,2.891,0.8533,sample_N117A_E0000-integrate_subtracted.dat,ok
6.86,10.81,0.09286,10.81,2.68692,2.494,0.0153,2.494,0.8857,sample_N117A_F0000-integrate_subtracted.dat,ok
15.23,0.02936,0.0002803,0.02936,2.5355,6.506,0.02132,6.518,0.3942,sample_N120000-integrate_subtracted.dat,ok
60.66,0.1453,0.01467,0.1453,12.4437,19.49,0.9193,19.46,0.9322,sample_N130000-integrate_subtracted.dat,ok
44.78,0.03731,0.003168,0.03731,10.2705,14.85,0.6715,14.84,0.8756,sample_N140000-integrate_subtracted.dat,ok
,,,,,,,,,sample_N150000-integrate_subtracted.dat,autorg_failed
13.49,0.03105,0.0004316,0.03105,2.24645,5.889,0.03249,5.893,0.3018,sample_N160000-integrate_subtracted.dat,ok
34.28,0.08135,0.002757,0.08135,7.76652,12.73,0.1713,12.72,0.8616,sample_N170000-integrate_subtracted.dat,ok
41.81,0.01056,0.00223,0.01056,9.02023,10.64,3.371,10.66,0.6717,sample_N180000-integrate_subtracted.dat,ok
,,,,,,,,,sample_N190000-integrate_subtracted.dat,autorg_failed
,,,,,,,,,sample_N1_100000-integrate_subtracted.dat,autorg_failed
,,,,,,,,,sample_N1_110000-integrate_subtracted.dat,autorg_failed
,,,,,,,,,sample_N1_120000-integrate_subtracted.dat,autorg_failed
,,,,,,,,,sample_N1_130000-integrate_subtracted.dat,autorg_failed
34.74,0.07312,0.001907,0.07313,5.77208,14.56,0.1089,14.6,0.7387,sample_N1_140000-integrate_subtracted.dat,ok
27.03,0.01713,0.0005942,0.01713,5.40577,10.91,0.1412,10.92,0.7872,sample_N1_150000-integrate_subtracted.dat,ok
40.19,0.01769,0.002042,0.01769,6.69093,15.95,0.5262,15.97,0.8531,sample_N1_160000-integrate_subtracted.dat,ok
,,,,,,,,,sample_N1_170000-integrate_subtracted.dat,autorg_failed
,,,,,,,,,sample_N1_180000-integrate_subtracted.dat,autorg_failed
26.95,0.01249,0.0004783,0.01249,4.79043,11.1,0.1331,11.13,0.695,sample_N1_190000-integrate_subtracted.dat,ok
,,,,,,,,,sample_N1_200000-integrate_subtracted.dat,autorg_failed
,,,,,,,,,sample_N1_210000-integrate_subtracted.dat,autorg_failed
,,,,,,,,,sample_N1_90000-integrate_subtracted.dat,autorg_failed
10.59,82.42,0.2693,82.42,2.90964,3.089,0.01606,3.085,0.6873,sample_N1p90000-integrate_subtracted.dat,ok
3.47,0.03492,5.323e-05,0.03492,1.1982,1.222,0.002396,1.222,0.7587,sample_N20000-integrate_subtracted.dat,ok
,,,,,,,,,sample_N200000-integrate_subtracted.dat,autorg_failed
7.81,0.02111,0.0001779,0.02111,1.32321,3.257,0.01085,3.256,0.1817,sample_N210000-integrate_subtracted.dat,ok
2.29,0.005685,0.0001449,0.005122,1.14822,1.754,0.02643,18.21,0.3422,sample_N220000-integrate_subtracted.dat,ok
2.59,0.006558,0.0001859,0.006045,1.00407,2.558,0.01836,9.362,0.3232,sample_N230000-integrate_subtracted.dat,ok
,,,,,,,,,sample_N240000-integrate_subtracted.dat,autorg_failed
35.47,0.02632,0.001809,0.02632,11.1585,13.12,0.4406,13.1,0.879,sample_N250000-integrate_subtracted.dat,ok
,,,,,,,,,sample_N290000-integrate_subtracted.dat,autorg_failed
3.21,0.02169,3.876e-05,0.02169,1.21012,1.226,0.002271,1.226,0.6972,sample_N30000-integrate_subtracted.dat,ok
7.62,162.7,0.1027,162.7,2.8449,2.753,0.001226,2.753,0.6071,sample_N3p50000-integrate_subtracted.dat,ok
4.47,0.01816,6.069e-05,0.01816,1.22492,1.261,0.009381,1.261,0.5853,sample_N40000-integrate_subtracted.dat,ok
5.0,0.01415,5.104e-05,0.01415,1.25419,1.327,0.0126,1.327,0.6369,sample_N50000-integrate_subtracted.dat,ok
3.94,0.0113,6.257e-05,0.0113,1.30149,1.348,0.01116,1.348,0.5917,sample_N60000-integrate_subtracted.dat,ok
7.53,329.4,0.3113,329.4,2.98281,2.734,0.001657,2.734,0.608,sample_N70000-integrate_subtracted.dat,ok
71.08,0.1871,0.01386,0.187,13.2401,20.0,1.349,19.86,0.6505,sample_N80000-integrate_subtracted.dat,ok
35.23,0.0129,0.001174,0.0129,9.12639,13.67,0.4793,13.67,0.6513,sample_N90000-integrate_subtracted.dat,ok
,,,,,,,,,sample_NC550000-integrate_subtracted.dat,autorg_failed
3.3,0.007801,7.869e-05,0.006807,1.37532,2.359,0.0131,14.06,0.2376,sample_NC55_DODMA200000-integrate_subtracted.dat,ok
11.12,0.06857,0.000153,0.06857,4.00854,3.947,0.008093,3.945,0.59,sample_NC55_DODMA20_POLYA0000-integrate_subtracted.dat,ok
3.69,0.008782,5.239e-05,0.008371,1.72319,2.917,0.008137,7.945,0.2409,sample_NC55_DODMA330000-integrate_subtracted.dat,ok
6.62,0.02096,5.84e-05,0.02096,3.28517,2.244,0.006216,2.242,0.4022,sample_NC55_DODMA33_POLYA0000-integrate_subtracted.dat,ok
,,,,,,,,,sample_NC55_DODMA430000-integrate_subtracted.dat,autorg_failed
,,,,,,,,,sample_NC55_DODMA43_POLYA0000-integrate_subtracted.dat,autorg_failed
,,,,,,,,,sample_NC55_DODMA500000-integrate_subtracted.dat,autorg_failed
7.28,0.02458,7.267e-05,0.02458,2.55376,2.606,0.00656,2.606,0.5903,sample_NC55_DODMA50_POLYA0000-integrate_subtracted.dat,ok
,,,,,,,,,sample_NDTT0000-integrate_subtracted.dat,autorg_failed
,,,,,,,,,sample_NDTT_00020000-integrate_subtracted.dat,autorg_failed
27.08,51.46,1.133,51.45,9.49914,9.108,0.1645,9.031,0.7495,sample_NDs_TARA76_10000-integrate_subtracted.dat,ok
21.32,46.83,0.7292,46.83,8.19511,7.574,0.08219,7.554,0.8552,sample_NDs_TARA76_60000-integrate_subtracted.dat,ok
35.69,33.12,3.006,33.12,8.98504,9.277,1.681,9.241,0.6206,sample_NDs_empty0000-integrate_subtracted.dat,ok
6.92,0.04875,0.0001546,0.04875,2.19622,2.169,0.008292,2.168,0.6878,sample_NM10000-integrate_subtracted.dat,ok
50.12,0.3494,0.01578,0.3494,11.3837,14.72,0.6481,14.6,0.6834,sample_NM20000-integrate_subtracted.dat,ok
,,,,,,,,,sample_NM30000-integrate_subtracted.dat,autorg_failed
,,,,,,,,,sample_NM40000-integrate_subtracted.dat,autorg_failed
,,,,,,,,,sample_NM50000-integrate_subtracted.dat,autorg_failed
,,,,,,,,,sample_NM60000-integrate_subtracted.dat,autorg_failed
,,,,,,,,,sample_NM70000-integrate_subtracted.dat,autorg_failed
11.5,0.04168,0.00018,0.04168,3.64508,3.707,0.01919,3.702,0.6654,sample_NM80000-integrate_subtracted.dat,ok
43.33,0.5382,0.03108,0.5382,11.0719,16.18,0.356,16.2,0.848,sample_NS440000-integrate_subtracted.dat,ok
,,,,,,,,,sample_N_00020000-integrate_subtracted.dat,autorg_failed
,,,,,,,,,sample_N_70000-integrate_subtracted.dat,autorg_failed
,,,,,,,,,sample_N_80000-integrate_subtracted.dat,autorg_failed
4.7,109.4,0.1635,109.4,1.51565,1.544,0.002816,1.544,0.8308,sample_N_A0000-integrate_subtracted.dat,ok
4.79,81.71,0.1283,81.71,1.53278,1.559,0.003041,1.559,0.8517,sample_N_B0000-integrate_subtracted.dat,ok
4.89,55.96,0.09899,55.96,1.53912,1.586,0.003729,1.586,0.8294,sample_N_C0000-integrate_subtracted.dat,ok
5.03,24.69,0.08896,24.69,1.57219,1.615,0.008337,1.615,0.8135,sample_N_D0000-integrate_subtracted.dat,ok
4.52,8.591,0.05945,8.59,1.61225,1.581,0.0131,1.581,0.7968,sample_N_E0000-integrate_subtracted.dat,ok
4.5,4.117,0.1015,4.117,1.53538,1.533,0.05407,1.533,0.5816,sample_N_F0000-integrate_subtracted.dat,ok
,,,,,,,,,sample_Nacl2000000-integrate_subtracted.dat,autorg_failed
,,,,,,,,,sample_Nacl5000000-integrate_subtracted.dat,autorg_failed
6.62,13.22,0.412,13.22,1.10201,1.813,0.1359,1.811,0.5,sample_NoBH2_10000-integrate_subtracted.dat,ok
4.87,7.49,0.3704,7.49,1.06091,1.401,0.1558,1.398,0.5783,sample_NoBH2_20000-integrate_subtracted.dat,ok
,,,,,,,,,sample_NoBH2_30000-integrate_subtracted.dat,autorg_failed
,,,,,,,,,sample_NoBH2_40000-integrate_subtracted.dat,autorg_failed
7.28,37.55,0.3988,37.55,2.28636,2.302,0.03126,2.301,0.7976,sample_NoMol_10000-integrate_subtracted.dat,ok
14.23,86.55,0.9663,86.55,5.69097,2.533,0.1686,2.485,0.484,sample_NoMol_20000-integrate_subtracted.dat,ok
33.96,79.31,5.986,79.31,8.21993,4.792,1.748,4.734,0.5733,sample_NoMol_30000-integrate_subtracted.dat,ok
69.72,1500.0,16.9,1499.0,13.297,16.58,0.2633,16.44,0.5203,sample_NsrFPK_KHA_ATP0000-integrate_subtracted.dat,ok
7.56,1.101,0.03633,1.101,1.58582,1.984,0.1641,1.981,0.5197,sample_NsrFPK_WT0000-integrate_subtracted.dat,ok
76.94,1695.0,48.19,1695.0,15.3882,18.49,0.7499,18.31,0.6705,sample_NsrFPK_WT20000-integrate_subtracted.dat,ok
3.57,0.01148,4.552e-05,0.01148,1.04881,1.086,0.008048,1.086,0.7358,sample_O20000-integrate_subtracted.dat,ok
3.55,0.005614,4.227e-05,0.005614,1.00094,1.036,0.01635,1.036,0.6951,sample_O30000-integrate_subtracted.dat,ok
,,,,,,,,,sample_O39L0000-integrate_subtracted.dat,autorg_failed
10.78,0.01523,0.0001489,0.01523,2.34435,5.154,0.01996,5.171,0.3002,sample_O39L_00020000-integrate_subtracted.dat,ok
3.87,0.004074,7.261e-05,0.004074,1.00693,0.9342,0.06353,0.9342,0.5973,sample_O40000-integrate_subtracted.dat,ok
,,,,,,,,,sample_O40L0000-integrate_subtracted.dat,autorg_failed
,,,,,,,,,sample_O40L_00020000-integrate_subtracted.dat,autorg_failed
10.81,0.002885,0.0001555,0.002885,5.40611,1.306,0.5185,1.292,0.613,sample_O50000-integrate_subtracted.dat,ok
2.42,0.002085,3.304e-05,0.002085,1.0544,1.048,0.01742,1.048,0.5463,sample_O60000-integrate_subtracted.dat,ok
14.97,2.554,0.2751,2.554,5.33899,5.47,0.5712,5.463,0.5274,sample_OG_wat1w10000-integrate_subtracted.dat,ok
42.9,-5.663,1.732,0.0,10.947,22.21,1.415,0.0,0.5148,sample_OG_wat1w30000-integrate_subtracted.dat,ok
45.98,4.612,2.387,4.612,13.3399,22.01,4.455,22.07,0.5614,sample_OG_wat1w50000-integrate_subtracted.dat,ok
,,,,,,,,,sample_OG_wat1w60000-integrate_subtracted.dat,autorg_failed
,,,,,,,,,sample_OG_wat1w70000-integrate_subtracted.dat,autorg_failed
,,,,,,,,,sample_OG_wat1w80000-integrate_subtracted.dat,autorg_failed
,,,,,,,,,sample_OG_wat2w10000-integrate_subtracted.dat,autorg_failed
2.57,1.09,0.02829,1.09,1.16576,0.5412,0.08668,0.5411,0.5226,sample_OG_wat2w20000-integrate_subtracted.dat,ok
5.42,1.612,0.0666,1.612,1.00204,1.259,0.2034,1.258,0.5967,sample_OG_wat2w30000-integrate_subtracted.dat,ok
5.07,1.816,0.05112,1.816,1.00572,1.405,0.09771,1.405,0.5708,sample_OG_wat2w50000-integrate_subtracted.dat,ok
6.4,2.299,0.07606,2.299,1.12946,1.601,0.1532,1.601,0.6119,sample_OG_wat2w60000-integrate_subtracted.dat,ok
5.96,2.577,0.07584,2.577,1.05228,1.754,0.1085,1.754,0.5534,sample_OG_wat2w70000-integrate_subtracted.dat,ok
11.91,9.623,0.1564,9.623,2.30318,2.212,0.1862,2.213,0.6543,sample_OG_wat2w80000-integrate_subtracted.dat,ok
5.16,4.078,0.05627,4.078,1.85275,2.002,0.0291,2.002,0.5701,sample_OG_wat3w10000-integrate_subtracted.dat,ok
5.22,6.359,0.06767,6.359,1.9703,2.086,0.01994,2.086,0.5842,sample_OG_wat3w20000-integrate_subtracted.dat,ok
11.63,8.298,0.1393,8.298,2.11661,1.912,0.1985,1.914,0.617,sample_OG_wat3w30000-integrate_subtracted.dat,ok
9.9,16.37,0.1226,16.37,2.48053,2.538,0.04786,2.538,0.657,sample_OG_wat3w40000-integrate_subtracted.dat,ok
10.1,26.33,0.1203,26.33,2.66916,2.75,0.02408,2.749,0.7236,sample_OG_wat3w50000-integrate_subtracted.dat,ok
9.76,36.67,0.13,36.67,2.78274,2.853,0.01723,2.852,0.6504,sample_OG_wat3w60000-integrate_subtracted.dat,ok
9.41,49.01,0.124,49.01,2.88749,2.932,0.01152,2.932,0.6264,sample_OG_wat3w70000-integrate_subtracted.dat,ok
10.72,62.13,0.1701,62.13,2.9676,3.036,0.015,3.035,0.7411,sample_OG_wat3w80000-integrate_subtracted.dat,ok
11.53,74.67,0.1559,74.67,3.06219,3.125,0.01336,3.124,0.7297,sample_OG_wat4w10000-integrate_subtracted.dat,ok
18.29,90.08,0.3995,90.08,3.14311,3.288,0.0722,3.287,0.6856,sample_OG_wat4w20000-integrate_subtracted.dat,ok
15.81,104.7,0.2676,104.7,3.2006,3.41,0.03064,3.408,0.6779,sample_OG_wat4w30000-integrate_subtracted.dat,ok
16.08,120.0,0.3267,120.0,3.24195,3.465,0.0335,3.462,0.6802,sample_OG_wat4w40000-integrate_subtracted.dat,ok
18.89,136.9,0.482,136.9,3.35357,3.576,0.05611,3.572,0.6791,sample_OG_wat4w50000-integrate_subtracted.dat,ok
16.22,152.3,0.3633,152.3,3.32293,3.62,0.02476,3.616,0.6795,sample_OG_wat4w60000-integrate_subtracted.dat,ok
18.54,204.0,0.5054,204.0,3.61739,3.872,0.03645,3.866,0.6683,sample_OG_wat4w70000-integrate_subtracted.dat,ok
20.88,268.1,0.5771,268.1,3.74144,4.011,0.03566,4.005,0.6674,sample_OG_wat4w80000-integrate_subtracted.dat,ok
21.69,375.7,0.7448,375.7,3.94699,4.276,0.03367,4.267,0.6252,sample_OG_wat5w10000-integrate_subtracted.dat,ok
19.7,505.2,0.6953,505.2,4.01011,4.329,0.0209,4.32,0.6675,sample_OG_wat5w20000-integrate_subtracted.dat,ok
19.53,610.8,0.8022,610.8,3.96878,4.358,0.01761,4.349,0.6683,sample_OG_wat5w30000-integrate_subtracted.dat,ok
21.32,681.7,1.137,681.7,3.90352,4.307,0.03238,4.297,0.6581,sample_OG_wat5w40000-integrate_subtracted.dat,ok
20.96,720.2,0.9706,720.2,3.77989,4.168,0.02531,4.159,0.6729,sample_OG_wat5w50000-integrate_subtracted.dat,ok
18.27,732.5,0.9675,732.5,3.66127,3.958,0.01954,3.95,0.6698,sample_OG_wat5w60000-integrate_subtracted.dat,ok
20.06,731.6,1.019,731.6,3.50473,3.807,0.02464,3.799,0.6727,sample_OG_wat5w70000-integrate_subtracted.dat,ok
16.63,713.3,0.7537,713.3,3.02996,3.568,0.0131,3.563,0.6767,sample_OG_wat5w80000-integrate_subtracted.dat,ok
12.66,586.7,0.4334,586.7,2.57631,2.891,0.007508,2.889,0.5555,sample_OG_wat6w10000-integrate_subtracted.dat,ok
14.46,540.9,0.6435,540.8,2.40508,2.758,0.01645,2.755,0.5321,sample_OG_wat6w20000-integrate_subtracted.dat,ok
12.74,502.5,0.4458,502.5,2.30754,2.635,0.00866,2.633,0.6166,sample_OG_wat6w30000-integrate_subtracted.dat,ok
13.1,461.9,0.7815,461.9,2.24397,2.518,0.02103,2.516,0.5816,sample_OG_wat6w40000-integrate_subtracted.dat,ok
11.11,423.2,0.5439,423.2,2.1684,2.309,0.01059,2.308,0.55,sample_OG_wat6w50000-integrate_subtracted.dat,ok
12.45,384.0,0.3394,384.0,2.08889,2.308,0.01115,2.306,0.532,sample_OG_wat6w60000-integrate_subtracted.dat,ok
12.27,349.8,0.4158,349.8,2.0431,2.245,0.01521,2.243,0.4994,sample_OG_wat6w70000-integrate_subtracted.dat,ok
11.89,313.8,0.3606,313.8,1.98027,2.092,0.01303,2.091,0.4457,sample_OG_wat6w80000-integrate_subtracted.dat,ok
19.61,409.2,0.782,409.2,3.33849,3.865,0.02847,3.853,0.6574,sample_OaPAC_WT0000-integrate_subtracted.dat,ok
9.87,630.7,0.4023,630.7,4.15667,3.56,0.001451,3.561,0.6085,sample_OaPAC_mut0000-integrate_subtracted.dat,ok
25.49,0.4142,0.001439,0.4142,8.0946,9.614,0.01652,9.643,0.3698,sample_P10000-integrate_subtracted.dat,ok
,,,,,,,,,sample_P110000-integrate_subtracted.dat,autorg_failed
,,,,,,,,,sample_P120000-integrate_subtracted.dat,autorg_failed
41.57,827.4,5.301,827.2,6.92094,10.62,0.1249,10.46,0.6042,sample_P14D_1B0000-integrate_subtracted.dat,ok
33.6,569.0,4.317,568.9,5.59363,8.515,0.118,8.414,0.6161,sample_P14D_2B0000-integrate_subtracted.dat,ok
45.77,243.3,3.015,243.3,8.57735,11.37,0.2526,11.24,0.627,sample_P14NAD_1B0000-integrate_subtracted.dat,ok
40.69,211.0,1.577,210.9,6.77413,10.39,0.1349,10.22,0.6019,sample_P14NAD_1B_00020000-integrate_subtracted.dat,ok
20.23,155.5,0.5652,155.5,5.73056,6.281,0.02668,6.268,0.7252,sample_P14NAD_1B_00030000-integrate_subtracted.dat,ok
18.08,139.5,0.4855,139.5,5.56439,5.827,0.02249,5.818,0.8123,sample_P14NAD_1B_00050000-integrate_subtracted.dat,ok
20.73,133.0,0.4135,133.0,6.18626,6.471,0.02299,6.458,0.7938,sample_P14_1B0000-integrate_subtracted.dat,ok
25.1,244.6,0.5807,244.6,6.56664,7.11,0.02611,7.08,0.6239,sample_P14_2B0000-integrate_subtracted.dat,ok
42.43,667.2,2.776,667.2,7.06368,8.267,0.112,8.188,0.6862,sample_P14_3B0000-integrate_subtracted.dat,ok
,,,,,,,,,sample_P15_Hgly_0p1090000-integrate_subtracted.dat,autorg_failed
,,,,,,,,,sample_P15_Hgly_0p2180000-integrate_subtracted.dat,autorg_failed
27.34,77.81,1.811,77.8,9.45102,9.38,0.1468,9.34,0.8755,sample_P15_Hgly_0p4350000-integrate_subtracted.dat,ok
29.18,162.1,2.979,162.0,11.0162,9.825,0.1287,9.781,0.8787,sample_P15_Hgly_0p870000-integrate_subtracted.dat,ok
18.5,8.943,0.4609,8.942,7.11371,6.621,0.2096,6.612,0.8834,sample_P15_Lgly_0p0950000-integrate_subtracted.dat,ok
19.79,19.94,0.3817,19.94,7.60806,7.065,0.08782,7.052,0.8639,sample_P15_Lgly_0p190000-integrate_subtracted.dat,ok
24.32,50.53,0.9986,50.52,9.34857,8.248,0.1206,8.205,0.8468,sample_P15_Lgly_0p380000-integrate_subtracted.dat,ok
23.12,85.76,1.239,85.75,8.33383,7.972,0.07284,7.945,0.8872,sample_P15_Lgly_0p760000-integrate_subtracted.dat,ok
23.39,0.00119,0.0007006,0.001191,5.01539,11.72,3.4,11.93,0.5714,sample_P160000-integrate_subtracted.dat,ok
11.66,0.02836,0.0002756,0.02836,3.21522,3.253,0.05293,3.25,0.6654,sample_P170000-integrate_subtracted.dat,ok
30.85,0.02822,0.001842,0.02821,5.13634,8.416,0.9248,8.298,0.5901,sample_P180000-integrate_subtracted.dat,ok
47.67,0.09615,0.006717,0.09614,10.1021,14.58,0.8656,14.51,0.8924,sample_P190000-integrate_subtracted.dat,ok
,,,,,,,,,sample_P1A3_NAD_0P50000-integrate_subtracted.dat,autorg_failed
11.33,127.4,0.572,127.4,3.90727,3.823,0.01925,3.826,0.9747,sample_P1A3_NAD_0P60000-integrate_subtracted.dat,ok
,,,,,,,,,sample_P1A3_NAD_0P750000-integrate_subtracted.dat,autorg_failed
,,,,,,,,,sample_P1A3_NAD_10000-integrate_subtracted.dat,autorg_failed
3.93,0.02748,8.653e-05,0.02748,1.02309,0.985,0.008049,0.9853,0.7237,sample_P20000-integrate_subtracted.dat,ok
,,,,,,,,,sample_P200000-integrate_subtracted.dat,autorg_failed
34.03,0.009884,0.001096,0.009883,10.5609,11.23,0.9868,11.19,0.7078,sample_P2Repeat0000-integrate_subtracted.dat,ok
,,,,,,,,,sample_P30000-integrate_subtracted.dat,autorg_failed
41.37,0.00832,0.002753,0.008321,8.56481,14.96,5.141,15.01,0.7505,sample_P40000-integrate_subtracted.dat,ok
,,,,,,,,,sample_P50000-integrate_subtracted.dat,autorg_failed
31.76,0.006405,0.001221,0.006405,9.59906,9.965,1.533,9.94,0.5133,sample_P60000-integrate_subtracted.dat,ok
,,,,,,,,,sample_P70000-integrate_subtracted.dat,autorg_failed
40.62,0.01554,0.001727,0.01554,11.0063,15.41,0.6397,15.45,0.7922,sample_P80000-integrate_subtracted.dat,ok
,,,,,,,,,sample_P90000-integrate_subtracted.dat,autorg_failed
,,,,,,,,,sample_PA10000-integrate_subtracted.dat,autorg_failed
,,,,,,,,,sample_PA20000-integrate_subtracted.dat,autorg_failed
,,,,,,,,,sample_PA30000-integrate_subtracted.dat,autorg_failed
,,,,,,,,,sample_PA40000-integrate_subtracted.dat,autorg_failed
,,,,,,,,,sample_PA50000-integrate_subtracted.dat,autorg_failed
2.46,0.01618,5.287e-05,0.01723,1.22808,2.314,0.002339,20.01,0.2317,sample_PA60000-integrate_subtracted.dat,ok
5.57,0.0837,0.0001196,0.08464,1.43613,4.32,0.001222,5.025,0.2976,sample_PA70000-integrate_subtracted.dat,ok
,,,,,,,,,sample_PA80000-integrate_subtracted.dat,autorg_failed
,,,,,,,,,sample_PBS0000-integrate_subtracted.dat,autorg_failed
15.76,0.05959,0.0005079,0.05981,4.76965,11.18,0.02097,12.92,0.232,sample_PC_6_2_20mgml0000-integrate_subtracted.dat,ok
9.79,0.02707,0.0002659,0.02713,4.28891,8.395,0.01926,10.4,0.2817,sample_PC_6k_250mM_pH_62_t_00000-integrate_subtracted.dat,ok
8.4,0.006313,0.000118,0.006313,3.65884,3.42,0.05153,3.388,0.2239,sample_PC_6k_250mM_pH_62_t_1h0000-integrate_subtracted.dat,ok
,,,,,,,,,sample_PC_6k_250mM_pH_62_t_2h0000-integrate_subtracted.dat,autorg_failed
9.67,0.007584,0.0001937,0.007584,4.27191,4.528,0.05403,4.505,0.2265,sample_PC_6k_250mM_pH_62_t_3h0000-integrate_subtracted.dat,ok
9.69,0.01512,0.0002806,0.01486,3.55133,7.313,0.03814,14.06,0.294,sample_PC_6k_250mM_pH_78_t_00000-integrate_subtracted.dat,ok
11.63,0.008065,9.91e-05,0.008065,4.69723,4.692,0.03833,4.674,0.2799,sample_PC_6k_250mM_pH_78_t_1h0000-integrate_subtracted.dat,ok
9.92,0.007287,0.0001396,0.007286,3.60904,4.335,0.05992,4.313,0.238,sample_PC_6k_250mM_pH_78_t_2h0000-integrate_subtracted.dat,ok
11.28,0.007541,0.0001135,0.007541,4.47125,4.5,0.05007,4.48,0.2899,sample_PC_6k_250mM_pH_78_t_3h0000-integrate_subtracted.dat,ok
15.28,0.04,0.0003614,0.03954,3.87796,10.38,0.02412,11.69,0.254,sample_PC_6k_25mM_pH_62_t_00000-integrate_subtracted.dat,ok
9.94,0.02487,0.0003696,0.02309,3.9499,8.211,0.02814,9.034,0.2768,sample_PC_6k_25mM_pH_62_t_1h0000-integrate_subtracted.dat,ok
21.17,0.07608,0.0004917,0.07592,4.66363,13.23,0.03495,13.31,0.2332,sample_PC_6k_25mM_pH_62_t_2h0000-integrate_subtracted.dat,ok
8.49,0.0173,0.0004567,0.01641,4.21216,7.561,0.03419,7.317,0.2593,sample_PC_6k_25mM_pH_62_t_3h0000-integrate_subtracted.dat,ok
9.0,0.01299,0.0001839,0.01196,3.63564,6.544,0.03489,7.731,0.2879,sample_PC_6k_25mM_pH_78_t_00000-integrate_subtracted.dat,ok
,,,,,,,,,sample_PC_6k_25mM_pH_78_t_1h0000-integrate_subtracted.dat,autorg_failed
,,,,,,,,,sample_PC_6k_25mM_pH_78_t_2h0000-integrate_subtracted.dat,autorg_failed
11.57,0.004869,0.0001129,0.004868,4.58266,3.838,0.1191,3.8,0.2891,sample_PC_6k_25mM_pH_78_t_3h0000-integrate_subtracted.dat,ok
11.26,0.006984,0.0001304,0.006984,4.50634,4.522,0.05684,4.5,0.2952,sample_PC_7_8_20mgml0000-integrate_subtracted.dat,ok
8.27,0.008393,7.446e-05,0.008393,3.03357,2.649,0.03314,2.645,0.5409,sample_PDAD0500000-integrate_subtracted.dat,ok
6.41,0.008112,7.324e-05,0.008112,1.07686,2.404,0.02128,2.402,0.3324,sample_PDAD050NaCl1000000-integrate_subtracted.dat,ok
7.47,0.01447,9.936e-05,0.01447,2.69265,2.416,0.02284,2.413,0.5197,sample_PDAD1000000-integrate_subtracted.dat,ok
57.81,1.586,0.0728,1.586,10.5115,12.19,1.225,12.08,0.6842,sample_PDAD100BSA010Na1000000-integrate_subtracted.dat,ok
51.89,2.459,0.04522,2.458,8.64558,11.41,0.3933,11.29,0.659,sample_PDAD100BSA020Na1000000-integrate_subtracted.dat,ok
8.0,2.09,0.0006937,2.09,2.88353,2.892,0.0005278,2.893,0.6115,sample_PDAD100BSA050Na1000000-integrate_subtracted.dat,ok
7.13,2.408,0.0005996,2.408,2.15877,2.477,0.0004041,2.478,0.677,sample_PDAD100BSA100Na1000000-integrate_subtracted.dat,ok
10.9,0.0188,0.0001598,0.0188,3.40884,3.499,0.04022,3.489,0.6066,sample_PDAD100NaCl1000000-integrate_subtracted.dat,ok
5.88,0.0186,7.334e-05,0.0186,1.70055,1.67,0.01353,1.669,0.5404,sample_PDAD2000000-integrate_subtracted.dat,ok
8.01,0.02357,0.0001077,0.02357,2.08784,2.299,0.01917,2.296,0.5477,sample_PDAD200NaCl1000000-integrate_subtracted.dat,ok
2.98,0.02186,3.744e-05,0.02186,1.01112,0.9993,0.002389,0.9991,0.3281,sample_PDAD4000000-integrate_subtracted.dat,ok
10.25,9.692,0.1062,9.692,2.72758,2.854,0.06705,2.853,0.6798,sample_PDI_10000-integrate_subtracted.dat,ok
5.64,2.27,0.03032,2.27,1.01876,1.534,0.05665,1.533,0.5509,sample_PDI_100000-integrate_subtracted.dat,ok
7.57,7.552,0.05726,7.552,2.70177,2.638,0.02476,2.637,0.6566,sample_PDI_110000-integrate_subtracted.dat,ok
16.7,8.809,0.0991,8.809,2.92374,3.256,0.166,3.252,0.6324,sample_PDI_11_00020000-integrate_subtracted.dat,ok
10.4,4.795,0.1059,4.795,2.61655,2.754,0.1505,2.753,0.6492,sample_PDI_120000-integrate_subtracted.dat,ok
12.28,4.657,0.05642,4.657,2.56255,3.016,0.09588,3.012,0.5657,sample_PDI_12_00020000-integrate_subtracted.dat,ok
11.36,2.834,0.1045,2.834,2.47642,2.883,0.3215,2.879,0.5889,sample_PDI_130000-integrate_subtracted.dat,ok
8.15,2.887,0.03714,2.887,2.01697,2.544,0.05563,2.542,0.5415,sample_PDI_13_00020000-integrate_subtracted.dat,ok
9.56,6.771,0.06017,6.771,2.55218,2.693,0.04974,2.692,0.6093,sample_PDI_140000-integrate_subtracted.dat,ok
9.69,4.51,0.07615,4.509,2.09116,2.451,0.1231,2.449,0.5733,sample_PDI_150000-integrate_subtracted.dat,ok
7.07,2.176,0.05432,2.176,2.06285,2.199,0.1026,2.198,0.5711,sample_PDI_160000-integrate_subtracted.dat,ok
14.2,6.903,0.07065,6.903,2.79214,3.005,0.09802,3.003,0.623,sample_PDI_170000-integrate_subtracted.dat,ok
6.3,2.827,0.02916,2.827,1.62147,1.955,0.03997,1.954,0.5424,sample_PDI_17_00020000-integrate_subtracted.dat,ok
9.66,4.078,0.07328,4.078,2.10699,2.282,0.1347,2.281,0.6283,sample_PDI_180000-integrate_subtracted.dat,ok
6.04,1.921,0.02552,1.921,1.09756,1.725,0.05832,1.724,0.5381,sample_PDI_18_00020000-integrate_subtracted.dat,ok
9.18,1.977,0.06407,1.977,1.98405,1.793,0.3551,1.794,0.5615,sample_PDI_190000-integrate_subtracted.dat,ok
16.79,7.007,0.08012,7.007,2.8541,2.951,0.1842,2.951,0.6316,sample_PDI_1_00020000-integrate_subtracted.dat,ok
11.26,5.242,0.1186,5.242,2.8077,2.965,0.1513,2.963,0.6484,sample_PDI_20000-integrate_subtracted.dat,ok
6.9,7.382,0.06878,7.382,2.52946,2.461,0.02666,2.461,0.636,sample_PDI_200000-integrate_subtracted.dat,ok
11.1,4.519,0.1031,4.519,2.22037,2.789,0.1829,2.786,0.5823,sample_PDI_210000-integrate_subtracted.dat,ok
6.5,2.287,0.04888,2.287,1.72192,1.929,0.09314,1.928,0.575,sample_PDI_220000-integrate_subtracted.dat,ok
10.49,3.608,0.04436,3.608,2.31095,2.57,0.09036,2.568,0.5926,sample_PDI_2_00020000-integrate_subtracted.dat,ok
8.41,3.631,0.06927,3.631,2.26033,2.52,0.08061,2.518,0.531,sample_PDI_30000-integrate_subtracted.dat,ok
5.91,2.072,0.02215,2.072,1.68282,1.976,0.02867,1.975,0.4972,sample_PDI_3_00020000-integrate_subtracted.dat,ok
10.11,8.959,0.08377,8.959,2.65913,2.846,0.05196,2.844,0.6731,sample_PDI_40000-integrate_subtracted.dat,ok
7.01,4.132,0.0538,4.132,2.69348,2.663,0.03497,2.662,0.5975,sample_PDI_50000-integrate_subtracted.dat,ok
9.22,2.433,0.09299,2.433,2.73168,2.543,0.18,2.543,0.582,sample_PDI_60000-integrate_subtracted.dat,ok
11.0,3.191,0.1036,3.191,1.83177,1.026,0.483,1.04,0.5959,sample_PDI_70000-integrate_subtracted.dat,ok
14.94,7.387,0.09999,7.387,2.67188,3.24,0.1711,3.233,0.6455,sample_PDI_7_00020000-integrate_subtracted.dat,ok
5.76,1.835,0.04337,1.835,1.62223,1.743,0.08136,1.742,0.5878,sample_PDI_80000-integrate_subtracted.dat,ok
9.85,4.034,0.05582,4.034,2.25217,2.602,0.09606,2.6,0.593,sample_PDI_8_00020000-integrate_subtracted.dat,ok
4.7,3.133,0.03036,3.133,1.70471,1.729,0.01832,1.728,0.5547,sample_PDI_90000-integrate_subtracted.dat,ok
45.26,0.01492,0.002942,0.01492,10.6821,14.35,2.08,14.31,0.6525,sample_PI12_5_Water_5mgml0000-integrate_subtracted.dat,ok
3.24,0.905,0.01719,0.905,1.01233,0.5317,0.09223,0.531,0.4045,sample_PJ7_LLPS_20000-integrate_subtracted.dat,ok
,,,,,,,,,sample_PL10000-integrate_subtracted.dat,autorg_failed
,,,,,,,,,sample_PL1MF0000-integrate_subtracted.dat,autorg_failed
,,,,,,,,,sample_PL1i0000-integrate_subtracted.dat,autorg_failed
,,,,,,,,,sample_PL20000-integrate_subtracted.dat,autorg_failed
6.59,0.02916,0.0001627,0.02718,1.72372,4.765,0.01065,6.087,0.2729,sample_PL2MF0000-integrate_subtracted.dat,ok
,,,,,,,,,sample_PL2i0000-integrate_subtracted.dat,autorg_failed
11.5,0.02169,0.0001194,0.02169,3.38156,3.404,0.02313,3.402,0.6797,sample_PLL_NADH_1_10000-integrate_subtracted.dat,ok
10.07,0.02422,0.0001319,0.02422,3.41691,3.46,0.0218,3.458,0.7103,sample_PLL_NADH_1_20000-integrate_subtracted.dat,ok
10.84,0.02469,0.0001853,0.02469,3.48029,3.407,0.02732,3.406,0.8306,sample_PLL_NADH_1_30000-integrate_subtracted.dat,ok
,,,,,,,,,sample_PLO10000-integrate_subtracted.dat,autorg_failed
,,,,,,,,,sample_PLO1MF0000-integrate_subtracted.dat,autorg_failed
,,,,,,,,,sample_PLO1_00020000-integrate_subtracted.dat,autorg_failed
,,,,,,,,,sample_PLO20000-integrate_subtracted.dat,autorg_failed
5.72,0.03257,0.0001835,0.03086,1.9713,4.575,0.006654,7.631,0.2525,sample_PLO2MF0000-integrate_subtracted.dat,ok
18.74,0.004545,0.0002912,0.004546,5.25582,7.585,0.2411,7.602,0.6604,sample_PLO2_00020000-integrate_subtracted.dat,ok
27.68,2.074,0.007568,2.074,4.81339,5.419,0.05886,5.378,0.6934,sample_PM10000-integrate_subtracted.dat,ok
28.25,2.193,0.00804,2.193,4.8079,5.92,0.05767,5.864,0.678,sample_PM20000-integrate_subtracted.dat,ok
28.42,2.141,0.003588,2.14,4.73244,5.721,0.02802,5.672,0.6816,sample_PM30000-integrate_subtracted.dat,ok
,,,,,,,,,sample_PMF40000-integrate_subtracted.dat,autorg_failed
,,,,,,,,,sample_PMF50000-integrate_subtracted.dat,autorg_failed
,,,,,,,,,sample_PT10000-integrate_subtracted.dat,autorg_failed
,,,,,,,,,sample_PT20000-integrate_subtracted.dat,autorg_failed
,,,,,,,,,sample_PT30000-integrate_subtracted.dat,autorg_failed
,,,,,,,,,sample_PT40000-integrate_subtracted.dat,autorg_failed
,,,,,,,,,sample_PT50000-integrate_subtracted.dat,autorg_failed
,,,,,,,,,sample_PTFH40000-integrate_subtracted.dat,autorg_failed
,,,,,,,,,sample_PTFH50000-integrate_subtracted.dat,autorg_failed
,,,,,,,,,sample_P_10000-integrate_subtracted.dat,autorg_failed
47.07,23.23,0.02607,23.23,18.4348,17.8,0.008478,17.83,0.6045,sample_P_120000-integrate_subtracted.dat,ok
44.02,1.399,0.007007,1.399,7.94769,15.93,0.04515,15.91,0.5694,sample_P_20000-integrate_subtracted.dat,ok
34.48,0.8341,0.003543,0.8341,7.07271,12.57,0.03038,12.54,0.5175,sample_P_40000-integrate_subtracted.dat,ok
35.16,0.8933,0.00408,0.8933,7.03243,12.72,0.03523,12.69,0.5135,sample_P_50000-integrate_subtracted.dat,ok
37.88,0.8897,0.004413,0.8897,8.88244,13.84,0.03721,13.8,0.4792,sample_P_60000-integrate_subtracted.dat,ok
17.9,0.329,0.0006446,0.329,8.95263,6.542,0.004801,6.538,0.435,sample_P_70000-integrate_subtracted.dat,ok
,,,,,,,,,sample_P_80000-integrate_subtracted.dat,autorg_failed
,,,,,,,,,sample_Paula10000-integrate_subtracted.dat,autorg_failed
29.85,0.004492,0.0001175,0.004492,4.97061,11.15,0.05251,11.15,0.33,sample_Paula20000-integrate_subtracted.dat,ok
,,,,,,,,,sample_Paula30000-integrate_subtracted.dat,autorg_failed
,,,,,,,,,sample_Paula40000-integrate_subtracted.dat,autorg_failed
7.38,0.01533,9.71e-05,0.01555,2.35392,5.763,0.00945,13.52,0.2525,sample_Paula50000-integrate_subtracted.dat,ok
,,,,,,,,,sample_Paula60000-integrate_subtracted.dat,autorg_failed
46.37,0.01504,0.001267,0.01505,8.41032,20.1,0.4833,20.2,0.5224,sample_Paula70000-integrate_subtracted.dat,ok
6.18,7.435,0.1189,7.435,1.03046,2.248,0.04602,2.247,0.4634,sample_Pep_0p370000-integrate_subtracted.dat,ok
5.14,9.567,0.09382,9.567,1.24246,1.774,0.02364,1.773,0.4121,sample_Pep_0p750000-integrate_subtracted.dat,ok
19.16,0.01034,0.0003086,0.01034,8.95524,2.35,0.829,2.344,0.6137,sample_Pep_15mgml_6_20000-integrate_subtracted.dat,ok
35.03,0.03351,0.001116,0.0335,6.00232,10.62,0.4166,10.44,0.6651,sample_Pep_15mgml_7_50000-integrate_subtracted.dat,ok
25.15,0.0271,0.0004054,0.0271,5.51594,7.067,0.1542,6.991,0.6162,sample_Pep_15mgml_7_80000-integrate_subtracted.dat,ok
68.0,111.2,12.11,111.2,12.1727,21.55,1.53,21.51,0.7134,sample_Pep_1p50000-integrate_subtracted.dat,ok
5.35,0.001497,3.989e-05,0.001497,1.44726,1.55,0.08512,1.55,0.6365,sample_Pep_250uM_6_20000-integrate_subtracted.dat,ok
,,,,,,,,,sample_Pep_250uM_7_50000-integrate_subtracted.dat,autorg_failed
34.0,0.005273,0.000885,0.005272,8.56953,11.0,2.043,10.91,0.6591,sample_Pep_250uM_7_80000-integrate_subtracted.dat,ok
,,,,,,,,,sample_Pep_25uM_6_20000-integrate_subtracted.dat,autorg_failed
,,,,,,,,,sample_Pep_25uM_7_50000-integrate_subtracted.dat,autorg_failed
,,,,,,,,,sample_Pep_25uM_7_80000-integrate_subtracted.dat,autorg_failed
6.6,23.07,0.1596,23.07,1.52121,1.961,0.02596,1.96,0.5696,sample_Pep_30000-integrate_subtracted.dat,ok
10.25,529.9,0.4898,529.9,3.82723,3.638,0.002188,3.638,0.6115,sample_PfSET7_10000-integrate_subtracted.dat,ok
12.46,262.8,0.3065,262.8,3.83522,3.795,0.006107,3.792,0.6614,sample_PfSET7_20000-integrate_subtracted.dat,ok
11.59,128.8,0.2736,128.8,3.7966,3.742,0.009684,3.74,0.8475,sample_PfSET7_30000-integrate_subtracted.dat,ok
10.83,61.92,0.2574,61.92,3.69687,3.648,0.01498,3.646,0.8635,sample_PfSET7_40000-integrate_subtracted.dat,ok
10.63,31.94,0.2007,31.94,3.7266,3.55,0.02062,3.548,0.9034,sample_PfSET7_50000-integrate_subtracted.dat,ok
21.06,747.3,1.291,747.3,3.94595,4.444,0.02231,4.433,0.6818,sample_PfSET7_TpTip0000-integrate_subtracted.dat,ok
16.68,807.2,0.8994,807.2,4.00729,4.307,0.01007,4.302,0.636,sample_PfSET7_TpTip_H30000-integrate_subtracted.dat,ok
17.08,756.2,1.21,756.2,4.0154,4.391,0.01467,4.384,0.6867,sample_PfSET7_TpTip_SAH0000-integrate_subtracted.dat,ok
10.78,740.9,0.37,740.9,4.10749,3.864,0.001313,3.864,0.6079,sample_PfSET7_TpTip_SAH_H30000-integrate_subtracted.dat,ok
89.74,3520.0,141.9,3519.0,17.1523,22.67,0.9125,22.47,0.674,sample_PfSET7_TpTip_SAM0000-integrate_subtracted.dat,ok
10.78,653.8,0.6255,653.8,4.02427,3.846,0.00244,3.846,0.6091,sample_PfSET7_TpTip_SAM250uM0000-integrate_subtracted.dat,ok
22.58,811.6,1.565,811.6,3.92649,4.554,0.03315,4.538,0.6353,sample_PfSET7_TpTip_SFG0000-integrate_subtracted.dat,ok
24.38,808.6,2.441,808.6,4.18031,5.289,0.04508,5.259,0.6336,sample_PfSET7_WT0000-integrate_subtracted.dat,ok
29.06,1055.0,4.011,1055.0,5.20702,6.379,0.0682,6.323,0.624,sample_PfSET7_WT_H30000-integrate_subtracted.dat,ok
10.92,745.7,0.452,745.7,4.40887,3.969,0.001465,3.969,0.6033,sample_PfSET7_WT_SAH0000-integrate_subtracted.dat,ok
11.67,867.3,0.9275,867.3,4.94619,4.222,0.002396,4.221,0.5995,sample_PfSET7_WT_SAH_H30000-integrate_subtracted.dat,ok
,,,,,,,,,sample_PfSET7_WT_SAM0000-integrate_subtracted.dat,autorg_failed
10.65,726.9,0.6075,726.9,4.26194,3.865,0.001871,3.865,0.6058,sample_PfSET7_WT_SAM250uM0000-integrate_subtracted.dat,ok
24.71,892.1,2.523,892.0,4.3258,5.474,0.0372,5.444,0.6458,sample_PfSET7_WT_SFG0000-integrate_subtracted.dat,ok
21.3,117.3,0.4632,117.3,3.87334,5.499,0.04659,5.464,0.5984,sample_Plin_30000-integrate_subtracted.dat,ok
21.17,95.32,0.7133,95.32,4.46062,5.155,0.08834,5.136,0.6792,sample_Plin_3_00020000-integrate_subtracted.dat,ok
7.71,28.22,0.1109,28.22,2.70399,2.682,0.01126,2.682,0.8856,sample_PotF0p6250000-integrate_subtracted.dat,ok
8.57,60.91,0.1612,60.91,2.85653,2.899,0.009232,2.898,0.8197,sample_PotF1p250000-integrate_subtracted.dat,ok
9.8,126.3,0.2235,126.3,2.92279,2.962,0.00581,2.961,0.9108,sample_PotF2p50000-integrate_subtracted.dat,ok
10.32,250.4,0.2257,250.4,2.90472,2.962,0.004222,2.962,0.789,sample_PotF50000-integrate_subtracted.dat,ok
5.23,47.3,0.04685,47.3,1.26428,1.355,0.003768,1.355,0.514,sample_PotFLig0p6250000-integrate_subtracted.dat,ok
8.72,59.29,0.1414,59.29,1.70083,1.603,0.02089,1.604,0.5392,sample_PotFLig1p250000-integrate_subtracted.dat,ok
6.4,81.23,0.1279,81.23,2.22318,2.199,0.002579,2.199,0.9153,sample_PotFLig2p50000-integrate_subtracted.dat,ok
7.66,164.9,0.2372,164.9,2.22119,2.216,0.005733,2.216,0.8746,sample_PotFLig50000-integrate_subtracted.dat,ok
6.0,91.04,0.06675,91.04,2.3338,2.167,0.001181,2.167,0.6021,sample_Protein_100uMhaem0000-integrate_subtracted.dat,ok
12.74,110.7,0.2509,110.7,2.52638,3.016,0.01996,3.011,0.6143,sample_Protein_150uMhaem0000-integrate_subtracted.dat,ok
15.3,115.2,0.3297,115.2,2.6551,3.252,0.03114,3.243,0.572,sample_Protein_200uMhaem0000-integrate_subtracted.dat,ok
15.47,131.6,0.2797,131.6,2.59912,3.244,0.02465,3.236,0.6181,sample_Protein_250uMhaem0000-integrate_subtracted.dat,ok
14.94,152.8,0.254,152.8,2.58046,3.26,0.01775,3.251,0.6141,sample_Protein_400uMhaem0000-integrate_subtracted.dat,ok
5.84,81.54,0.05685,81.54,2.16643,2.097,0.001219,2.097,0.6045,sample_Protein_50uMhaem0000-integrate_subtracted.dat,ok
8.03,17.64,0.07615,17.64,2.79253,2.725,0.01269,2.725,0.6426,sample_PureHaem_400uM0000-integrate_subtracted.dat,ok
14.78,15.19,0.1702,15.19,2.51174,3.879,0.102,3.863,0.5315,sample_Pure_haem0000-integrate_subtracted.dat,ok
6.55,75.37,0.0874,75.37,2.00168,2.026,0.003069,2.025,0.9106,sample_Pureprotein_3p50000-integrate_subtracted.dat,ok
23.96,-0.01795,0.001229,0.0,4.11118,14.61,0.1515,0.0,0.4399,sample_Q10000-integrate_subtracted.dat,ok
18.2,0.002271,0.0004441,0.002271,7.2312,1.083,3.948,1.058,0.5356,sample_Q20000-integrate_subtracted.dat,ok
,,,,,,,,,sample_Q30000-integrate_subtracted.dat,autorg_failed
28.23,0.03216,0.001662,0.03218,10.7254,5.854,1.448,5.492,0.5565,sample_Q40000-integrate_subtracted.dat,ok
21.83,0.07666,0.001022,0.07666,10.3291,1.442,0.6377,1.451,0.596,sample_Q50000-integrate_subtracted.dat,ok
2.88,0.1216,8.036e-05,0.1216,1.12107,1.161,0.000545,1.161,0.4828,sample_Q60000-integrate_subtracted.dat,ok
33.3,2222.0,12.45,2221.0,8.93605,9.201,0.06665,9.152,0.7478,sample_Q70000-integrate_subtracted.dat,ok
,,,,,,,,,sample_Q7GFP0000-integrate_subtracted.dat,autorg_failed
26.11,1948.0,6.128,1948.0,8.16882,8.176,0.02473,8.156,0.8704,sample_Q7Ni0000-integrate_subtracted.dat,ok
28.0,154.8,1.452,154.8,9.58082,9.246,0.06514,9.22,0.895,sample_Q7SEC0000-integrate_subtracted.dat,ok
40.47,1176.0,6.208,1176.0,8.04877,9.042,0.12,8.976,0.6841,sample_Q7_Br0000-integrate_subtracted.dat,ok
57.17,2031.0,14.72,2031.0,10.3054,13.34,0.1831,13.2,0.6376,sample_Q7_Br_270000-integrate_subtracted.dat,ok
46.05,1107.0,4.632,1107.0,7.66748,9.782,0.1069,9.656,0.6415,sample_Q7_Br_phase0000-integrate_subtracted.dat,ok
50.94,1063.0,6.08,1062.0,8.48105,10.3,0.1794,10.17,0.6771,sample_Q7_Urea0000-integrate_subtracted.dat,ok
16.6,172.4,0.498,172.4,7.23547,5.967,0.009564,5.966,0.5849,sample_Q7_Urea_low_pH0000-integrate_subtracted.dat,ok
47.52,962.5,4.584,962.3,7.90031,10.65,0.1153,10.49,0.6079,sample_Q7_Urea_phase0000-integrate_subtracted.dat,ok
34.29,2840.0,11.79,2840.0,9.52154,9.959,0.04343,9.9,0.7727,sample_Q7_carb0000-integrate_subtracted.dat,ok
,,,,,,,,,sample_QDsclusters_diluted0000-integrate_subtracted.dat,autorg_failed
,,,,,,,,,sample_QDsclusters_diluted_00020000-integrate_subtracted.dat,autorg_failed
,,,,,,,,,sample_Qds_0p1uM_00020000-integrate_subtracted.dat,autorg_failed
44.1,1.675,0.07448,1.675,14.444,16.15,0.3167,16.13,0.8877,sample_Qds_diluted_00020000-integrate_subtracted.dat,ok
,,,,,,,,,sample_R1W0000-integrate_subtracted.dat,autorg_failed
,,,,,,,,,sample_R1W10000-integrate_subtracted.dat,autorg_failed
,,,,,,,,,sample_R1W_2_cd0000-integrate_subtracted.dat,autorg_failed
88.8,3263.0,792.8,3263.0,15.1153,31.66,2.636,31.7,0.9438,sample_R1W_50000-integrate_subtracted.dat,ok
7.38,37.88,0.2634,37.88,1.2292,3.937,0.007405,3.94,0.1339,sample_R1W_CDN_10000-integrate_subtracted.dat,ok
2.54,20.64,0.1795,21.69,1.19784,2.468,0.01299,16.83,0.2311,sample_R1W_CDN_100000-integrate_subtracted.dat,ok
5.04,35.1,0.2544,34.01,1.15015,3.902,0.01051,10.59,0.2314,sample_R1W_EtOAc0000-integrate_subtracted.dat,ok
5.02,61.25,0.3224,59.25,1.18632,3.882,0.007654,11.35,0.2319,sample_R1W_Ethanol0000-integrate_subtracted.dat,ok
6.9,37.98,0.2604,37.98,1.14834,3.785,0.007137,3.787,0.1015,sample_R1W_IPA0000-integrate_subtracted.dat,ok
,,,,,,,,,sample_R1W_Tol0000-integrate_subtracted.dat,autorg_failed
19.54,0.005328,0.0004991,0.005324,5.66589,6.173,0.9453,5.946,0.5577,sample_R20000-integrate_subtracted.dat,ok
22.16,0.03308,0.0009879,0.03307,9.50694,2.265,0.9732,2.359,0.4858,sample_R30000-integrate_subtracted.dat,ok
,,,,,,,,,sample_R3a0000-integrate_subtracted.dat,autorg_failed
,,,,,,,,,sample_R3b0000-integrate_subtracted.dat,autorg_failed
,,,,,,,,,sample_R3c0000-integrate_subtracted.dat,autorg_failed
,,,,,,,,,sample_R3h0000-integrate_subtracted.dat,autorg_failed
,,,,,,,,,sample_R3k0000-integrate_subtracted.dat,autorg_failed
,,,,,,,,,sample_R3l0000-integrate_subtracted.dat,autorg_failed
33.63,0.06735,0.003691,0.06736,8.90174,3.602,1.865,3.491,0.5489,sample_R40000-integrate_subtracted.dat,ok
36.2,0.2053,0.007771,0.2052,8.69854,5.677,1.46,5.499,0.6515,sample_R50000-integrate_subtracted.dat,ok
2.81,0.2393,0.000138,0.2393,1.13351,1.126,0.0004438,1.126,0.531,sample_R60000-integrate_subtracted.dat,ok
27.02,128.9,0.9629,128.9,8.17806,8.114,0.06622,8.04,0.7126,sample_RABV_P10000-integrate_subtracted.dat,ok
28.26,141.5,1.176,141.5,8.67171,8.696,0.07408,8.622,0.7261,sample_RABV_P20000-integrate_subtracted.dat,ok
28.57,153.6,1.722,153.5,8.12926,8.805,0.1077,8.725,0.7397,sample_RABV_P30000-integrate_subtracted.dat,ok
25.33,135.4,0.9507,135.4,7.66651,8.103,0.05318,8.044,0.7824,sample_RABV_P40000-integrate_subtracted.dat,ok
,,,,,,,,,sample_RABV_P50000-integrate_subtracted.dat,autorg_failed
25.89,106.2,1.503,106.1,8.02458,8.046,0.116,7.971,0.7441,sample_RABV_P60000-integrate_subtracted.dat,ok
43.37,101.1,3.823,101.1,8.32231,10.44,0.626,10.32,0.6902,sample_RABV_P70000-integrate_subtracted.dat,ok
4.2,9.077,0.111,9.077,1.02459,1.237,0.03149,1.236,0.5829,sample_RB30000-integrate_subtracted.dat,ok
30.74,9.04,1.691,9.04,6.96411,4.348,3.56,4.365,0.5995,sample_RB40000-integrate_subtracted.dat,ok
3.27,21.35,0.2423,18.16,1.4615,2.388,0.01657,14.91,0.2449,sample_RB50000-integrate_subtracted.dat,ok
6.95,91.18,0.08988,91.18,2.09167,2.102,0.003164,2.102,0.8259,sample_RIP5360000-integrate_subtracted.dat,ok
6.35,43.35,0.08941,43.35,2.04665,2.072,0.005011,2.071,0.8607,sample_RIP536d20000-integrate_subtracted.dat,ok
6.19,19.88,0.05445,19.88,1.97481,2.004,0.0076,2.004,0.7015,sample_RIP536d40000-integrate_subtracted.dat,ok
10.93,114.0,0.1901,114.0,3.00237,3.15,0.00837,3.148,0.7488,sample_RIP5820000-integrate_subtracted.dat,ok
8.35,43.4,0.09685,43.4,2.57068,2.61,0.008312,2.609,0.7828,sample_RIP582d20000-integrate_subtracted.dat,ok
6.3,17.88,0.07706,17.88,2.27135,2.144,0.009844,2.144,0.8464,sample_RIP582d40000-integrate_subtracted.dat,ok
61.08,103.4,7.966,103.4,13.9131,22.86,0.7324,22.87,0.726,sample_RK_0p250000-integrate_subtracted.dat,ok
3.73,4.704,0.06454,4.704,1.01455,1.412,0.02077,1.412,0.5103,sample_RK_0p50000-integrate_subtracted.dat,ok
6.34,9.011,0.1295,9.011,1.4789,2.249,0.03931,2.247,0.4853,sample_RK_10000-integrate_subtracted.dat,ok
72.29,135.0,16.73,134.9,14.1065,22.54,2.323,22.45,0.7006,sample_RK_20000-integrate_subtracted.dat,ok
11.9,48.48,0.3337,48.48,2.07095,3.517,0.03789,3.51,0.5222,sample_RK_40000-integrate_subtracted.dat,ok
6.47,112.0,0.1707,112.0,3.1626,2.302,0.002836,2.301,0.5561,sample_RK_80000-integrate_subtracted.dat,ok
3.03,1.596,0.01981,1.596,1.00046,1.046,0.019,1.046,0.5431,sample_RL_37_0090000-integrate_subtracted.dat,ok
15.16,0.3266,0.1565,0.3273,7.41814,13.9,10.21,13.14,0.5248,sample_RL_37_010000-integrate_subtracted.dat,ok
40.51,7.776,1.262,7.774,13.7496,13.48,1.62,13.35,0.4905,sample_RL_37_0180000-integrate_subtracted.dat,ok
3.65,1.733,0.03679,1.733,1.00863,1.188,0.04177,1.187,0.5723,sample_RL_37_030000-integrate_subtracted.dat,ok
48.27,35.24,3.93,35.23,11.018,18.73,0.7807,18.68,0.4796,sample_RL_37_0370000-integrate_subtracted.dat,ok
5.25,3.47,0.03834,3.47,1.35869,1.738,0.02624,1.737,0.5634,sample_RL_37_060000-integrate_subtracted.dat,ok
11.38,6.46,0.1456,6.46,1.89477,2.473,0.1668,2.469,0.5991,sample_RL_37_0750000-integrate_subtracted.dat,ok
8.41,10.81,0.06803,10.81,1.86268,2.43,0.03149,2.428,0.5863,sample_RL_37_10000-integrate_subtracted.dat,ok
6.27,44.24,0.09598,44.24,2.05355,2.27,0.003892,2.27,0.3918,sample_RL_37_110000-integrate_subtracted.dat,ok
7.79,48.15,0.1072,48.14,1.55542,1.784,0.01328,1.783,0.5904,sample_RL_37_120000-integrate_subtracted.dat,ok
6.23,5.999,0.05667,5.999,1.72698,1.935,0.03193,1.934,0.5748,sample_RL_37_1_00020000-integrate_subtracted.dat,ok
10.58,11.66,0.09939,11.66,1.92276,2.434,0.065,2.431,0.5602,sample_RL_37_20000-integrate_subtracted.dat,ok
6.9,17.72,0.09574,17.72,1.63838,2.015,0.0204,2.014,0.5204,sample_RL_37_30000-integrate_subtracted.dat,ok
6.53,26.17,0.114,26.17,2.10538,2.177,0.01092,2.176,0.6372,sample_RL_37_50000-integrate_subtracted.dat,ok
8.52,32.33,0.1302,32.33,1.74821,2.101,0.02313,2.099,0.5789,sample_RL_37_60000-integrate_subtracted.dat,ok
3.37,0.05594,6.807e-05,0.0583,1.25922,3.147,0.0008502,26.21,0.2714,sample_RNA10000-integrate_subtracted.dat,ok
3.36,0.05071,6.505e-05,0.05261,1.35884,3.112,0.0008306,25.03,0.273,sample_RNA20000-integrate_subtracted.dat,ok
,,,,,,,,,sample_RNA30000-integrate_subtracted.dat,autorg_failed
,,,,,,,,,sample_RNA40000-integrate_subtracted.dat,autorg_failed
2.57,0.02535,5.778e-05,0.02604,1.28555,2.409,0.001507,17.8,0.2312,sample_RNA50000-integrate_subtracted.dat,ok
3.41,0.04352,7.244e-05,0.0459,1.06607,3.147,0.00137,26.32,0.2381,sample_RNA60000-integrate_subtracted.dat,ok
3.41,0.04454,8.623e-05,0.0467,1.11046,3.131,0.001571,25.7,0.2368,sample_RNA70000-integrate_subtracted.dat,ok
2.73,0.02663,6.103e-05,0.02608,1.15866,2.483,0.001575,14.74,0.2314,sample_RNA80000-integrate_subtracted.dat,ok
21.33,10.88,1.16,10.9,3.63135,14.16,1.236,13.23,0.5297,sample_RNA_10ul0000-integrate_subtracted.dat,ok
6.58,34.99,0.2376,34.99,2.96694,2.339,0.01179,2.338,0.3833,sample_RNA_20ul0000-integrate_subtracted.dat,ok
12.17,0.1087,0.0003038,0.1087,3.37106,3.55,0.01802,3.545,0.7247,sample_RNA_21p8_10dil0000-integrate_subtracted.dat,ok
9.45,0.07484,0.0002348,0.07484,2.51002,2.632,0.01545,2.63,0.734,sample_RNA_21p8_10xdil0000-integrate_subtracted.dat,ok
11.77,0.05785,0.000225,0.05785,3.45097,3.563,0.02139,3.557,0.6833,sample_RNA_21p8_20dil0000-integrate_subtracted.dat,ok
7.82,0.03483,0.0001418,0.03483,2.48464,2.513,0.01167,2.512,0.781,sample_RNA_21p8_20xdil0000-integrate_subtracted.dat,ok
39.3,37.31,5.685,37.3,7.85077,12.57,1.973,12.45,0.5765,sample_RNA_30ul0000-integrate_subtracted.dat,ok
48.6,63.25,9.705,63.23,8.21845,18.53,1.333,18.35,0.5455,sample_RNA_40ul0000-integrate_subtracted.dat,ok
45.68,58.21,9.428,58.19,7.61005,17.56,1.24,17.37,0.5391,sample_RNA_50ul0000-integrate_subtracted.dat,ok
42.94,73.0,9.5,72.97,7.26158,17.77,1.012,17.64,0.5399,sample_RNA_60ul0000-integrate_subtracted.dat,ok
5.26,0.02178,7.344e-05,0.02178,1.58248,1.989,0.006081,1.989,0.2416,sample_RNA_Hst1_21p8_10dil0000-integrate_subtracted.dat,ok
5.86,0.03686,0.0001054,0.03686,2.03947,2.127,0.005351,2.127,0.426,sample_RNA_Hst1_21p8_20dil0000-integrate_subtracted.dat,ok
5.07,0.02123,7.353e-05,0.02123,1.60861,1.757,0.006551,1.756,0.4788,sample_RNA_Hst3_21p8_10dil0000-integrate_subtracted.dat,ok
6.31,0.05367,0.0001259,0.05367,1.56199,1.819,0.007001,1.818,0.471,sample_RNA_Hst3_21p8_20dil0000-integrate_subtracted.dat,ok
,,,,,,,,,sample_RNA_pure0000-integrate_subtracted.dat,autorg_failed
44.98,26.14,2.305,26.13,11.1777,14.45,0.9107,14.39,0.6852,sample_RR_0p110000-integrate_subtracted.dat,ok
71.66,63.74,5.723,63.73,13.8526,19.42,1.666,19.29,0.6207,sample_RR_0p210000-integrate_subtracted.dat,ok
67.31,125.0,7.625,125.0,14.6314,17.29,1.211,17.21,0.6884,sample_RR_0p420000-integrate_subtracted.dat,ok
66.68,305.6,9.404,305.6,16.0139,18.42,0.558,18.31,0.6838,sample_RR_0p850000-integrate_subtracted.dat,ok
7.65,718.0,0.5493,718.0,3.08961,2.915,0.0009537,2.915,0.5839,sample_RR_13p590000-integrate_subtracted.dat,ok
68.42,754.2,14.31,754.2,17.2726,19.16,0.3612,19.06,0.692,sample_RR_1p700000-integrate_subtracted.dat,ok
70.78,1924.0,17.45,1923.0,17.2777,20.48,0.1414,20.38,0.6491,sample_RR_3p400000-integrate_subtracted.dat,ok
75.75,4932.0,89.59,4931.0,18.8897,22.35,0.3339,22.23,0.7242,sample_RR_6p790000-integrate_subtracted.dat,ok
7.26,12.04,0.1727,12.04,2.57468,2.545,0.03982,2.543,0.6315,sample_R_0N_0p590000-integrate_subtracted.dat,ok
6.97,16.18,0.1497,16.18,2.76001,2.558,0.02124,2.557,0.8708,sample_R_0N_0p870000-integrate_subtracted.dat,ok
,,,,,,,,,sample_R_0N_1p180000-integrate_subtracted.dat,autorg_failed
,,,,,,,,,sample_R_10000-integrate_subtracted.dat,autorg_failed
7.95,11.4,0.1551,11.4,3.5586,2.947,0.02915,2.946,0.8753,sample_R_100N_0p670000-integrate_subtracted.dat,ok
10.13,19.26,0.1516,19.26,3.40293,3.359,0.03073,3.355,0.78,sample_R_100N_0p980000-integrate_subtracted.dat,ok
9.5,25.09,0.2216,25.09,3.42538,3.189,0.02614,3.186,0.7676,sample_R_100N_1p330000-integrate_subtracted.dat,ok
,,,,,,,,,sample_R_20000-integrate_subtracted.dat,autorg_failed
10.66,130.3,0.2513,130.3,3.45147,3.415,0.007753,3.415,0.8692,sample_R_30000-integrate_subtracted.dat,ok
11.12,88.25,0.1615,88.25,3.29563,3.309,0.008337,3.308,0.9046,sample_R_40000-integrate_subtracted.dat,ok
10.08,65.18,0.1451,65.18,3.38768,3.354,0.008793,3.353,0.8974,sample_R_50000-integrate_subtracted.dat,ok
7.57,13.02,0.1177,13.02,3.27228,2.856,0.01664,2.856,0.8839,sample_R_50N_0p820000-integrate_subtracted.dat,ok
7.89,37.42,0.116,37.42,1.6312,1.946,0.01711,1.939,0.5153,sample_R_50N_0p82_t370000-integrate_subtracted.dat,ok
7.65,13.61,0.1816,13.61,3.06148,2.757,0.02663,2.756,0.8527,sample_R_50N_0p82_t500000-integrate_subtracted.dat,ok
8.84,22.1,0.1392,22.1,3.27802,3.03,0.01599,3.029,0.8812,sample_R_50N_1p210000-integrate_subtracted.dat,ok
8.22,45.19,0.1259,45.19,1.72619,2.182,0.01534,2.175,0.5899,sample_R_50N_1p21_t370000-integrate_subtracted.dat,ok
8.46,20.88,0.1884,20.88,3.06709,2.901,0.02267,2.899,0.7824,sample_R_50N_1p21_t500000-integrate_subtracted.dat,ok
9.47,31.26,0.2346,31.26,3.45599,3.177,0.02192,3.174,0.8093,sample_R_50N_1p630000-integrate_subtracted.dat,ok
8.85,53.98,0.1339,53.98,1.84915,2.411,0.01429,2.404,0.4819,sample_R_50N_1p63_t370000-integrate_subtracted.dat,ok
9.11,29.36,0.1917,29.36,3.14296,3.044,0.02361,3.042,0.748,sample_R_50N_1p63_t500000-integrate_subtracted.dat,ok
10.81,42.97,0.156,42.97,3.32715,3.389,0.01383,3.388,0.8564,sample_R_60000-integrate_subtracted.dat,ok
10.03,30.33,0.1126,30.33,3.40418,3.348,0.01232,3.347,0.89,sample_R_70000-integrate_subtracted.dat,ok
10.24,19.45,0.1076,19.45,3.33473,3.329,0.02082,3.328,0.7676,sample_R_80000-integrate_subtracted.dat,ok
19.9,0.03926,0.0005295,0.03926,5.10412,5.149,0.1462,5.149,0.7332,sample_S10000-integrate_subtracted.dat,ok
48.78,0.6449,0.004137,0.6449,11.2245,16.14,0.07223,16.13,0.8456,sample_S10_DMPCPG_UNfr_1to10000-integrate_subtracted.dat,ok
52.74,0.5571,0.003891,0.5571,11.7963,16.53,0.08421,16.49,0.8242,sample_S11_DMPCPG_PG10k_1to10000-integrate_subtracted.dat,ok
25.55,6095.0,6.739,6095.0,6.8303,7.148,0.01011,7.133,0.7652,sample_S120000-integrate_subtracted.dat,ok
67.17,3528.0,125.2,3528.0,12.32,16.51,0.6565,16.35,0.6554,sample_S127_4000000-integrate_subtracted.dat,ok
22.47,71.05,0.9433,71.04,8.92447,7.465,0.08312,7.402,0.7269,sample_S12_1000000-integrate_subtracted.dat,ok
30.82,150.2,2.336,150.1,11.8503,10.39,0.1169,10.32,0.6178,sample_S12_1750000-integrate_subtracted.dat,ok
38.3,301.7,4.906,301.6,12.3504,11.77,0.1713,11.68,0.8055,sample_S12_3000000-integrate_subtracted.dat,ok
27.07,186.7,1.375,186.6,9.24448,9.0,0.05339,8.948,0.8335,sample_S12_4000000-integrate_subtracted.dat,ok
,,,,,,,,,sample_S12_90_GNP_100000-integrate_subtracted.dat,autorg_failed
50.35,0.6232,0.002735,0.6232,11.547,16.28,0.0429,16.27,0.6628,sample_S12_DMPCPG_PG2k_1to10000-integrate_subtracted.dat,ok
7.81,-0.002752,0.0003106,0.0,3.7609,13.09,0.5799,0.0,0.2427,sample_S12c0000-integrate_subtracted.dat,ok
51.03,8588.0,71.89,8587.0,9.27804,10.96,0.202,10.82,0.6938,sample_S130000-integrate_subtracted.dat,ok
,,,,,,,,,sample_S13_90_GNP_100000-integrate_subtracted.dat,autorg_failed
50.08,0.6484,0.004483,0.6483,10.9187,16.28,0.07027,16.26,0.8568,sample_S13_DMPCPG_PGUnFr_1to2p50000-integrate_subtracted.dat,ok
,,,,,,,,,sample_S140000-integrate_subtracted.dat,autorg_failed
70.62,116900.0,824.6,116900.0,13.0443,16.86,0.1503,16.73,0.4915,sample_S14_90_GNP_100000-integrate_subtracted.dat,ok
49.87,0.584,0.004981,0.584,11.6939,16.18,0.09705,16.17,0.831,sample_S14_DMPCPG_PG10k_1to2p50000-integrate_subtracted.dat,ok
17.28,4878.0,2.987,4878.0,4.36827,5.754,0.002839,5.755,0.6073,sample_S150000-integrate_subtracted.dat,ok
25.96,85.88,1.257,85.86,8.65491,8.438,0.1066,8.349,0.7077,sample_S15_1000000-integrate_subtracted.dat,ok
35.23,219.4,2.788,219.4,9.35687,11.33,0.09249,11.26,0.7693,sample_S15_1750000-integrate_subtracted.dat,ok
36.51,391.0,5.828,390.9,11.5952,11.73,0.1325,11.66,0.8407,sample_S15_3000000-integrate_subtracted.dat,ok
29.83,256.6,2.001,256.6,9.76977,9.631,0.06431,9.567,0.8303,sample_S15_4000000-integrate_subtracted.dat,ok
,,,,,,,,,sample_S15_90_GNP_100000-integrate_subtracted.dat,autorg_failed
51.23,0.6276,0.007763,0.6276,8.52171,16.05,0.1607,16.05,0.7278,sample_S15_DMPCPG_PG2k_1to2p50000-integrate_subtracted.dat,ok
13.13,1260.0,1.382,1260.0,2.18344,2.571,0.01218,2.565,0.6585,sample_S160000-integrate_subtracted.dat,ok
5.11,2130.0,0.5909,2130.0,2.26975,1.835,0.0003489,1.835,0.4843,sample_S16_90_GNP_100000-integrate_subtracted.dat,ok
51.3,0.6769,0.00507,0.6769,11.3624,16.33,0.08177,16.32,0.7029,sample_S16_DMPCPG_PGUnFr_1to50000-integrate_subtracted.dat,ok
,,,,,,,,,sample_S17_90_GNP_100000-integrate_subtracted.dat,autorg_failed
46.31,0.6162,0.004909,0.6162,10.6802,16.08,0.07016,16.06,0.8354,sample_S17_DMPCPG_PG10k_1to50000-integrate_subtracted.dat,ok
45.85,0.622,0.00416,0.622,10.5724,16.28,0.06349,16.28,0.8371,sample_S18_DMPCPG_PG2k_1to50000-integrate_subtracted.dat,ok
,,,,,,,,,sample_S1_0p50000-integrate_subtracted.dat,autorg_failed
,,,,,,,,,sample_S1_10000-integrate_subtracted.dat,autorg_failed
,,,,,,,,,sample_S1_1p50000-integrate_subtracted.dat,autorg_failed
,,,,,,,,,sample_S1_20000-integrate_subtracted.dat,autorg_failed
,,,,,,,,,sample_S1_30000-integrate_subtracted.dat,autorg_failed
9.44,0.01689,0.0001216,0.01689,2.97072,2.978,0.02558,2.976,0.7289,sample_S1_PG_UnFr_2p5mgml0000-integrate_subtracted.dat,ok
4.67,300.0,0.2513,300.0,1.62278,1.759,0.0009984,1.759,0.6229,sample_S1_deltaYecA_20mg_no_zn0000-integrate_subtracted.dat,ok
18.88,0.03061,0.0004149,0.03061,5.41747,5.355,0.1075,5.358,0.7527,sample_S20000-integrate_subtracted.dat,ok
43.06,253.7,7.904,253.5,7.17312,12.9,0.4055,12.6,0.5849,sample_S210000-integrate_subtracted.dat,ok
54.92,146.4,13.53,146.4,9.98596,15.17,1.507,14.98,0.658,sample_S21_1000000-integrate_subtracted.dat,ok
36.24,302.0,5.528,302.0,11.0772,12.23,0.1539,12.14,0.6525,sample_S21_1760000-integrate_subtracted.dat,ok
34.95,488.8,3.312,488.8,10.7273,11.29,0.045,11.23,0.6284,sample_S21_3000000-integrate_subtracted.dat,ok
33.97,392.2,3.164,392.1,9.50985,10.51,0.07597,10.44,0.8009,sample_S21_4000000-integrate_subtracted.dat,ok
3.36,867.6,0.2481,867.6,1.30809,1.13,0.0003133,1.13,0.5532,sample_S21_GNP0000-integrate_subtracted.dat,ok
41.84,504.8,7.116,504.7,11.9814,13.37,0.1226,13.29,0.8222,sample_S21_NoRNA1760000-integrate_subtracted.dat,ok
,,,,,,,,,sample_S21_RNA1760000-integrate_subtracted.dat,autorg_failed
5.62,2.188,0.103,2.188,1.62918,2.049,0.1072,2.048,0.5001,sample_S2_0p50000-integrate_subtracted.dat,ok
7.02,4.155,0.1507,4.155,1.93748,2.234,0.109,2.233,0.6274,sample_S2_10000-integrate_subtracted.dat,ok
6.86,8.353,0.1414,8.353,2.58886,2.453,0.037,2.452,0.7738,sample_S2_20000-integrate_subtracted.dat,ok
,,,,,,,,,sample_S2_30000-integrate_subtracted.dat,autorg_failed
8.28,17.68,0.102,17.68,2.78232,2.726,0.01664,2.725,0.8235,sample_S2_40000-integrate_subtracted.dat,ok
14.48,0.01958,0.0002548,0.01958,2.52566,2.855,0.1445,2.852,0.6611,sample_S2_PG_10k_2p5mgml0000-integrate_subtracted.dat,ok
4.84,279.8,0.2517,279.8,1.65313,1.779,0.00134,1.779,0.6177,sample_S2_deltaYecA_15mg_no_zn0000-integrate_subtracted.dat,ok
18.38,0.04483,0.0003043,0.04483,5.11083,5.046,0.05561,5.048,0.756,sample_S30000-integrate_subtracted.dat,ok
26.09,111.4,1.675,111.4,9.48755,8.469,0.1095,8.382,0.6474,sample_S31_1000000-integrate_subtracted.dat,ok
40.62,424.6,6.622,424.5,11.6855,13.18,0.1453,13.1,0.8189,sample_S31_1750000-integrate_subtracted.dat,ok
,,,,,,,,,sample_S31_3000000-integrate_subtracted.dat,autorg_failed
34.51,618.4,5.531,618.3,11.1273,10.8,0.08474,10.73,0.7814,sample_S31_4000000-integrate_subtracted.dat,ok
45.96,767.1,12.48,767.0,12.2092,14.75,0.1518,14.66,0.8289,sample_S31_NoRNA1750000-integrate_subtracted.dat,ok
,,,,,,,,,sample_S31_RNA1750000-integrate_subtracted.dat,autorg_failed
,,,,,,,,,sample_S39_1750000-integrate_subtracted.dat,autorg_failed
,,,,,,,,,sample_S39_3000000-integrate_subtracted.dat,autorg_failed
38.04,849.8,7.157,849.6,11.5153,11.74,0.08433,11.65,0.7899,sample_S39_4000000-integrate_subtracted.dat,ok
3.83,0.003767,4.24e-05,0.003767,1.17935,1.22,0.0227,1.22,0.7495,sample_S3_PG_2k_2p5mgml0000-integrate_subtracted.dat,ok
4.86,161.4,0.2059,161.4,1.7841,1.828,0.001927,1.829,0.608,sample_S3_deltaYecA_10mg_no_zn0000-integrate_subtracted.dat,ok
9.47,0.008755,0.0001991,0.008755,3.99512,5.628,0.02446,5.642,0.1895,sample_S3c0000-integrate_subtracted.dat,ok
18.06,0.04177,0.0003493,0.04177,5.2508,5.16,0.06814,5.162,0.6802,sample_S40000-integrate_subtracted.dat,ok
50.99,28.53,8.175,28.53,8.86047,5.768,7.317,5.534,0.6148,sample_S480000-integrate_subtracted.dat,ok
26.04,184.1,2.204,184.1,4.63433,6.007,0.1746,5.93,0.6559,sample_S490000-integrate_subtracted.dat,ok
6.96,0.005918,6.359e-05,0.005918,2.81184,2.497,0.02282,2.496,0.8339,sample_S4_PG_UNFr_1mgml0000-integrate_subtracted.dat,ok
8.24,-0.01067,0.0003698,0.0,4.08901,10.51,0.08872,0.0,0.2813,sample_S4c0000-integrate_subtracted.dat,ok
17.65,0.06922,0.0005325,0.06922,5.12222,5.133,0.05229,5.133,0.7346,sample_S50000-integrate_subtracted.dat,ok
5.43,42.99,0.07054,42.99,2.31642,1.88,0.003338,1.88,0.5106,sample_S500000-integrate_subtracted.dat,ok
34.24,133.8,2.686,133.8,6.04497,7.701,0.3243,7.592,0.6421,sample_S510000-integrate_subtracted.dat,ok
4.91,39.34,0.08464,39.34,2.19838,1.711,0.003392,1.711,0.4936,sample_S520000-integrate_subtracted.dat,ok
24.34,113.2,1.082,113.2,5.01142,6.045,0.1116,5.975,0.6329,sample_S530000-integrate_subtracted.dat,ok
,,,,,,,,,sample_S56_1770000-integrate_subtracted.dat,autorg_failed
,,,,,,,,,sample_S56_3000000-integrate_subtracted.dat,autorg_failed
38.88,1325.0,12.09,1325.0,13.5245,12.21,0.08685,12.13,0.7312,sample_S56_4000000-integrate_subtracted.dat,ok
12.14,0.008252,0.0001567,0.008252,2.57154,2.851,0.1473,2.848,0.6523,sample_S5_PG_10k_1mgml0000-integrate_subtracted.dat,ok
3.88,236.1,0.1946,236.1,1.55226,1.6,0.0006589,1.601,0.6031,sample_S5_deltaYecA_20mg_Zn0000-integrate_subtracted.dat,ok
23.88,-0.0536,0.0007626,0.0,3.96932,13.23,0.03017,0.0,0.1887,sample_S5c0000-integrate_subtracted.dat,ok
28.58,0.06996,0.001331,0.06996,5.08519,5.201,0.3996,5.196,0.6736,sample_S60000-integrate_subtracted.dat,ok
43.01,2002.0,18.25,2002.0,13.0197,13.72,0.08328,13.65,0.7666,sample_S63_3000000-integrate_subtracted.dat,ok
43.01,1454.0,12.38,1454.0,11.8176,12.8,0.09979,12.7,0.7427,sample_S63_4000000-integrate_subtracted.dat,ok
7.0,0.00193,9.062e-05,0.00193,1.166,1.692,0.2463,1.691,0.569,sample_S6_PG_2k_2p5mgml0000-integrate_subtracted.dat,ok
3.79,170.3,0.1544,170.3,1.67144,1.585,0.0008047,1.585,0.5946,sample_S6_deltaYecA_15mg_Zn0000-integrate_subtracted.dat,ok
11.16,-0.02589,0.0004334,0.0,4.13682,9.862,0.05087,0.0,0.2807,sample_S6c0000-integrate_subtracted.dat,ok
13.26,0.0362,0.0001698,0.0362,4.24238,4.201,0.02195,4.199,0.7685,sample_S70000-integrate_subtracted.dat,ok
25.65,56.18,0.9953,56.16,8.70383,8.303,0.1201,8.222,0.7151,sample_S7_1000000-integrate_subtracted.dat,ok
28.6,103.3,2.07,103.3,10.7958,9.88,0.1279,9.83,0.8509,sample_S7_1750000-integrate_subtracted.dat,ok
30.75,130.5,1.586,130.5,9.74841,9.942,0.08441,9.888,0.8435,sample_S7_3000000-integrate_subtracted.dat,ok
27.59,96.58,1.753,96.56,8.17684,8.521,0.1605,8.458,0.8061,sample_S7_4000000-integrate_subtracted.dat,ok
6.75,0.003097,7.641e-05,0.003097,2.69807,2.493,0.04805,2.492,0.789,sample_S7_PG_UnFr_0p5mgml0000-integrate_subtracted.dat,ok
4.03,99.36,0.128,99.36,1.8259,1.641,0.001305,1.642,0.6025,sample_S7_deltaYecA_10mg_Zn0000-integrate_subtracted.dat,ok
6.8,0.00804,9.553e-05,0.00804,2.64553,3.196,0.01557,3.197,0.2972,sample_S7c0000-integrate_subtracted.dat,ok
13.91,0.04552,0.0003193,0.04552,4.10427,4.242,0.04032,4.239,0.7463,sample_S80000-integrate_subtracted.dat,ok
13.08,0.004135,0.0001458,0.004135,2.63667,2.854,0.342,2.853,0.6368,sample_S8_PG_10k_0p5mgml0000-integrate_subtracted.dat,ok
9.93,-0.01706,0.0003001,0.0,3.25188,9.863,0.05068,0.0,0.286,sample_S8c0000-integrate_subtracted.dat,ok
,,,,,,,,,sample_S95_3000000-integrate_subtracted.dat,autorg_failed
42.12,2222.0,19.58,2222.0,11.8532,12.71,0.09355,12.6,0.7501,sample_S95_4000000-integrate_subtracted.dat,ok
,,,,,,,,,sample_S9_PG_2k_0p5mgml0000-integrate_subtracted.dat,autorg_failed
8.82,3.06,0.115,3.06,3.91522,1.596,0.3991,1.59,0.5794,sample_SAM68_1to50_40000-integrate_subtracted.dat,ok
8.46,5.633,0.09808,5.633,2.76949,1.473,0.1337,1.47,0.5991,sample_SAM68_1to50_50000-integrate_subtracted.dat,ok
16.72,10.93,0.3303,10.93,4.40884,3.232,0.4185,3.201,0.6476,sample_SAM68_1to50_60000-integrate_subtracted.dat,ok
5.79,1.265,0.06562,1.265,1.01553,0.993,0.3608,0.9921,0.6401,sample_SAM68_1to50_low20000-integrate_subtracted.dat,ok
8.95,1.871,0.1057,1.871,2.31568,1.874,0.4759,1.869,0.6259,sample_SAM68_1to50_low30000-integrate_subtracted.dat,ok
57.93,21.36,5.464,21.36,10.7768,22.04,2.803,22.04,0.6201,sample_SAM68_1to50_lowest0000-integrate_subtracted.dat,ok
11.37,3.445,0.1372,3.445,2.47102,3.411,0.2337,3.404,0.5842,sample_SAM68_40000-integrate_subtracted.dat,ok
14.18,18.86,0.2145,18.86,2.65973,3.455,0.1161,3.446,0.6009,sample_SAM68_4_protein0000-integrate_subtracted.dat,ok
14.38,696.4,0.8746,696.4,2.67627,1.912,0.02054,1.93,0.6266,sample_SAM68_4_withRNA0000-integrate_subtracted.dat,ok
14.81,9.405,0.1723,9.405,2.71509,5.039,0.1038,5.024,0.5416,sample_SAM68_50000-integrate_subtracted.dat,ok
5.94,4.741,0.05981,4.741,1.13198,1.948,0.03858,1.946,0.4849,sample_SAM68_50to96_40000-integrate_subtracted.dat,ok
22.67,27.03,0.701,27.03,4.69111,5.922,0.2927,5.881,0.6454,sample_SAM68_50to96_50000-integrate_subtracted.dat,ok
7.74,19.35,0.1146,19.35,1.2895,2.596,0.02204,2.593,0.4716,sample_SAM68_50to96_60000-integrate_subtracted.dat,ok
3.01,1.455,0.02955,1.455,1.00162,0.8079,0.04573,0.8076,0.5554,sample_SAM68_50to96_low20000-integrate_subtracted.dat,ok
3.04,1.971,0.03121,1.971,1.01469,0.955,0.02789,0.9548,0.5355,sample_SAM68_50to96_low30000-integrate_subtracted.dat,ok
,,,,,,,,,sample_SAM68_50to96_lowest0000-integrate_subtracted.dat,autorg_failed
15.52,40.19,0.3189,40.19,3.11958,3.562,0.08209,3.556,0.6758,sample_SAM68_5_protein0000-integrate_subtracted.dat,ok
15.69,984.3,0.793,984.3,3.8838,4.026,0.006836,4.022,0.779,sample_SAM68_5_withRNA0000-integrate_subtracted.dat,ok
12.44,17.52,0.1655,17.52,3.08046,3.733,0.04668,3.727,0.6208,sample_SAM68_60000-integrate_subtracted.dat,ok
15.01,70.63,0.4305,70.63,3.01035,3.451,0.0543,3.444,0.6492,sample_SAM68_6_protein0000-integrate_subtracted.dat,ok
33.53,1916.0,5.73,1916.0,7.31143,8.232,0.04458,8.171,0.6911,sample_SAM68_6_withRNA0000-integrate_subtracted.dat,ok
11.89,11.05,0.1071,11.05,2.44616,2.698,0.07384,2.696,0.6194,sample_SAM68_HEPES10_40000-integrate_subtracted.dat,ok
9.14,20.78,0.07766,20.78,2.39125,2.438,0.02054,2.438,0.5764,sample_SAM68_HEPES10_50000-integrate_subtracted.dat,ok
12.58,3.373,0.1024,3.373,2.18795,2.986,0.2701,2.979,0.5083,sample_SAM68_HEPES10_low20000-integrate_subtracted.dat,ok
10.62,6.259,0.105,6.259,2.35308,2.772,0.1132,2.768,0.595,sample_SAM68_HEPES10_low30000-integrate_subtracted.dat,ok
6.14,1.911,0.04476,1.911,1.06651,2.041,0.07555,2.04,0.4923,sample_SAM68_HEPES10_lowest0000-integrate_subtracted.dat,ok
6.38,7.316,0.06482,7.316,2.57614,2.335,0.01622,2.334,0.7167,sample_SAM68_HEPES150_40000-integrate_subtracted.dat,ok
8.33,14.88,0.08294,14.88,2.72863,2.707,0.01613,2.706,0.7685,sample_SAM68_HEPES150_50000-integrate_subtracted.dat,ok
9.77,32.1,0.1031,32.1,2.83339,2.975,0.01526,2.973,0.681,sample_SAM68_HEPES150_60000-integrate_subtracted.dat,ok
8.24,2.225,0.08115,2.225,2.16756,2.292,0.1862,2.29,0.5269,sample_SAM68_HEPES150_low20000-integrate_subtracted.dat,ok
10.36,4.363,0.09113,4.363,2.41645,2.774,0.101,2.772,0.5141,sample_SAM68_HEPES150_low30000-integrate_subtracted.dat,ok
,,,,,,,,,sample_SAM68_HEPES150_lowest0000-integrate_subtracted.dat,autorg_failed
21.67,30.11,0.7482,30.1,4.34115,6.131,0.2163,6.092,0.6004,sample_SAM68_Nter_40000-integrate_subtracted.dat,ok
12.96,23.75,0.1724,23.75,3.04226,4.201,0.04392,4.191,0.5439,sample_SAM68_Nter_50000-integrate_subtracted.dat,ok
78.23,210.5,32.58,210.5,14.0039,23.34,3.429,23.21,0.6685,sample_SAM68_Nter_60000-integrate_subtracted.dat,ok
8.39,4.256,0.1052,4.256,1.67637,2.747,0.08693,2.745,0.5044,sample_SAM68_Nter_low20000-integrate_subtracted.dat,ok
7.49,9.644,0.1087,9.644,3.32761,2.713,0.02661,2.712,0.6163,sample_SAM68_Nter_low30000-integrate_subtracted.dat,ok
3.26,1.04,0.03101,1.04,1.02679,1.164,0.03802,1.164,0.5203,sample_SAM68_Nter_lowest0000-integrate_subtracted.dat,ok
12.05,8.619,0.1167,8.619,2.47157,3.012,0.1,3.006,0.6562,sample_SAM68_Tris10_40000-integrate_subtracted.dat,ok
12.3,17.77,0.1564,17.77,2.56925,2.797,0.07267,2.794,0.6685,sample_SAM68_Tris10_50000-integrate_subtracted.dat,ok
12.03,40.34,0.1063,40.34,2.2741,1.963,0.03187,1.969,0.6106,sample_SAM68_Tris10_60000-integrate_subtracted.dat,ok
7.0,2.287,0.05566,2.287,1.82143,2.154,0.08273,2.153,0.5342,sample_SAM68_Tris10_low20000-integrate_subtracted.dat,ok
9.34,4.164,0.09418,4.164,2.19571,2.339,0.1404,2.338,0.6287,sample_SAM68_Tris10_low30000-integrate_subtracted.dat,ok
16.27,16.75,0.184,16.75,2.76771,3.384,0.133,3.375,0.564,sample_SAM68_Tris150_40000-integrate_subtracted.dat,ok
8.11,32.13,0.1346,32.13,2.72353,2.698,0.01123,2.697,0.7476,sample_SAM68_Tris150_50000-integrate_subtracted.dat,ok
8.99,63.46,0.1511,63.46,2.78799,2.843,0.008977,2.842,0.69,sample_SAM68_Tris150_60000-integrate_subtracted.dat,ok
11.67,11.33,0.1058,11.33,2.50188,2.884,0.07142,2.88,0.6591,sample_SAM68_Tris150_cassette_40000-integrate_subtracted.dat,ok
16.42,23.62,0.2228,23.62,2.79691,3.307,0.1256,3.299,0.6611,sample_SAM68_Tris150_cassette_50000-integrate_subtracted.dat,ok
15.91,50.28,0.2559,50.28,2.82781,3.201,0.05741,3.196,0.6843,sample_SAM68_Tris150_cassette_60000-integrate_subtracted.dat,ok
9.19,3.06,0.06895,3.06,2.27668,2.536,0.1166,2.534,0.5715,sample_SAM68_Tris150_cassette_low20000-integrate_subtracted.dat,ok
12.74,5.903,0.1732,5.903,2.41456,2.743,0.2905,2.738,0.6141,sample_SAM68_Tris150_cassette_low30000-integrate_subtracted.dat,ok
5.56,1.11,0.04258,1.11,2.69357,2.196,0.06265,2.196,0.8289,sample_SAM68_Tris150_cassette_lowest0000-integrate_subtracted.dat,ok
8.37,4.091,0.06371,4.091,2.40709,2.44,0.06952,2.438,0.6492,sample_SAM68_Tris150_low20000-integrate_subtracted.dat,ok
12.47,9.323,0.1783,9.322,2.4723,2.862,0.1561,2.858,0.6271,sample_SAM68_Tris150_low30000-integrate_subtracted.dat,ok
8.06,2.457,0.08346,2.457,1.72768,2.211,0.1616,2.209,0.5943,sample_SAM68_Tris150_lowest0000-integrate_subtracted.dat,ok
5.67,0.8919,0.05346,0.8919,1.00842,1.361,0.3229,1.361,0.5674,sample_SAM68_low20000-integrate_subtracted.dat,ok
7.04,4.86,0.06485,4.86,1.32078,2.072,0.05052,2.071,0.6229,sample_SAM68_low2_protein0000-integrate_subtracted.dat,ok
12.87,475.5,0.4589,475.5,3.14845,3.27,0.007198,3.269,0.7089,sample_SAM68_low2_withRNA0000-integrate_subtracted.dat,ok
3.24,1.122,0.03413,1.122,1.00467,1.309,0.03495,1.309,0.5031,sample_SAM68_low30000-integrate_subtracted.dat,ok
16.8,698.8,1.156,698.8,3.03093,3.051,0.02365,3.052,0.6979,sample_SAM68_low3_withRNA0000-integrate_subtracted.dat,ok
4.03,2.812,0.04093,2.812,1.01821,1.145,0.03868,1.144,0.5341,sample_SAM68_lowest_protein0000-integrate_subtracted.dat,ok
11.99,522.1,0.5775,522.1,3.13749,3.271,0.006855,3.269,0.7481,sample_SAM68_lowest_withRNA0000-integrate_subtracted.dat,ok
55.63,87.04,5.475,87.02,12.47,19.51,0.6891,19.42,0.6141,sample_SAM68_protein_40000-integrate_subtracted.dat,ok
13.72,36.81,0.2776,36.81,2.68624,3.906,0.05366,3.894,0.5054,sample_SAM68_protein_50000-integrate_subtracted.dat,ok
12.32,64.4,0.2311,64.4,2.60751,3.239,0.02496,3.234,0.5996,sample_SAM68_protein_60000-integrate_subtracted.dat,ok
57.88,76.57,6.518,76.57,9.99862,22.08,0.698,22.06,0.671,sample_SAM68_protein_low20000-integrate_subtracted.dat,ok
,,,,,,,,,sample_SAM68_protein_low30000-integrate_subtracted.dat,autorg_failed
,,,,,,,,,sample_SAM68_protein_lowest0000-integrate_subtracted.dat,autorg_failed
13.97,252.1,0.5443,252.1,3.9594,4.142,0.01074,4.139,0.7778,sample_SAM68_withRNA_40000-integrate_subtracted.dat,ok
18.23,716.7,1.91,716.6,5.2882,5.474,0.01771,5.466,0.7997,sample_SAM68_withRNA_50000-integrate_subtracted.dat,ok
21.86,1266.0,4.148,1266.0,6.37589,6.409,0.02575,6.397,0.8343,sample_SAM68_withRNA_60000-integrate_subtracted.dat,ok
11.88,109.5,0.2443,109.5,3.40724,3.647,0.01061,3.644,0.6561,sample_SAM68_withRNA_low20000-integrate_subtracted.dat,ok
12.29,143.1,0.2805,143.1,3.62459,3.82,0.01005,3.817,0.6505,sample_SAM68_withRNA_low30000-integrate_subtracted.dat,ok
11.61,106.5,0.2013,106.5,3.36976,3.593,0.01007,3.591,0.6582,sample_SAM68_withRNA_lowest0000-integrate_subtracted.dat,ok
,,,,,,,,,sample_SBC00000-integrate_subtracted.dat,autorg_failed
,,,,,,,,,sample_SBC10000-integrate_subtracted.dat,autorg_failed
,,,,,,,,,sample_SBC20000-integrate_subtracted.dat,autorg_failed
,,,,,,,,,sample_SBC30000-integrate_subtracted.dat,autorg_failed
,,,,,,,,,sample_SBC40000-integrate_subtracted.dat,autorg_failed
,,,,,,,,,sample_SCNC050000-integrate_subtracted.dat,autorg_failed
,,,,,,,,,sample_SCNC10000-integrate_subtracted.dat,autorg_failed
,,,,,,,,,sample_SCNC100000-integrate_subtracted.dat,autorg_failed
,,,,,,,,,sample_SCNC20000-integrate_subtracted.dat,autorg_failed
,,,,,,,,,sample_SCNC200000-integrate_subtracted.dat,autorg_failed
,,,,,,,,,sample_SCNC50000-integrate_subtracted.dat,autorg_failed
,,,,,,,,,sample_SCNC500000-integrate_subtracted.dat,autorg_failed
47.93,675.0,0.3167,675.0,12.5422,13.76,0.005602,13.72,0.7026,sample_SCNC800000-integrate_subtracted.dat,ok
17.17,0.02862,0.0002962,0.02862,6.03177,5.025,0.05437,5.021,0.6884,sample_SCNP_160000-integrate_subtracted.dat,ok
65.96,0.2775,0.01701,0.2775,11.7195,15.13,1.641,15.02,0.668,sample_SCNP_FeIII_210000-integrate_subtracted.dat,ok
12.61,0.02691,0.0001832,0.02691,4.00553,3.819,0.03094,3.818,0.8035,sample_SCNP_FeII_170000-integrate_subtracted.dat,ok
,,,,,,,,,sample_SDF00000-integrate_subtracted.dat,autorg_failed
,,,,,,,,,sample_SDF10000-integrate_subtracted.dat,autorg_failed
,,,,,,,,,sample_SDF20000-integrate_subtracted.dat,autorg_failed
,,,,,,,,,sample_SDF30000-integrate_subtracted.dat,autorg_failed
,,,,,,,,,sample_SDF40000-integrate_subtracted.dat,autorg_failed
14.34,-5.15,3.473,0.0,6.74925,34.71,29.05,0.0,0.2343,sample_SHJ00000-integrate_subtracted.dat,ok
,,,,,,,,,sample_SHJ10000-integrate_subtracted.dat,autorg_failed
,,,,,,,,,sample_SHJ20000-integrate_subtracted.dat,autorg_failed
,,,,,,,,,sample_SHJ30000-integrate_subtracted.dat,autorg_failed
,,,,,,,,,sample_SHJ40000-integrate_subtracted.dat,autorg_failed
,,,,,,,,,sample_SKB00000-integrate_subtracted.dat,autorg_failed
,,,,,,,,,sample_SKB10000-integrate_subtracted.dat,autorg_failed
,,,,,,,,,sample_SKB20000-integrate_subtracted.dat,autorg_failed
,,,,,,,,,sample_SKB30000-integrate_subtracted.dat,autorg_failed
,,,,,,,,,sample_SKB40000-integrate_subtracted.dat,autorg_failed
9.93,0.1776,0.0002528,0.1776,1.66613,1.134,0.01969,1.145,0.6836,sample_SMG0000-integrate_subtracted.dat,ok
7.16,0.1192,0.0001368,0.1192,1.8291,1.796,0.004582,1.797,0.7996,sample_SMG_10_D2O0000-integrate_subtracted.dat,ok
9.91,0.2124,0.0002474,0.2124,1.65054,1.158,0.01633,1.169,0.6613,sample_SMG_20_D2O0000-integrate_subtracted.dat,ok
5.34,0.02316,6.032e-05,0.02316,1.98015,1.925,0.004857,1.925,0.8854,sample_SMG_2_D2O0000-integrate_subtracted.dat,ok
5.41,0.2702,0.0001064,0.2702,1.71851,1.882,0.0006181,1.883,0.6723,sample_SMG_ouzo_D2O0000-integrate_subtracted.dat,ok
6.89,0.03111,0.0002072,0.02885,3.00763,4.251,0.02103,12.8,0.2748,sample_ST10000-integrate_subtracted.dat,ok
69.56,1.221,0.02701,1.221,16.3444,21.74,0.3118,21.76,0.8243,sample_ST100000-integrate_subtracted.dat,ok
8.16,0.01921,0.000431,0.01856,3.67377,7.34,0.0459,13.7,0.2866,sample_ST110000-integrate_subtracted.dat,ok
74.55,1.875,0.04233,1.875,18.1775,24.45,0.2952,24.37,0.8607,sample_ST120000-integrate_subtracted.dat,ok
,,,,,,,,,sample_ST130000-integrate_subtracted.dat,autorg_failed
72.25,-0.03965,0.01644,0.0,12.0369,51.6,26.31,0.0,0.4979,sample_ST140000-integrate_subtracted.dat,ok
,,,,,,,,,sample_ST20000-integrate_subtracted.dat,autorg_failed
,,,,,,,,,sample_ST30000-integrate_subtracted.dat,autorg_failed
43.59,0.1634,0.002404,0.1634,10.8734,15.96,0.1248,16.0,0.4286,sample_ST40000-integrate_subtracted.dat,ok
44.99,0.287,0.003217,0.287,10.5499,17.06,0.09913,17.09,0.4896,sample_ST50000-integrate_subtracted.dat,ok
45.36,0.6096,0.003897,0.6096,12.765,16.56,0.05282,16.57,0.8818,sample_ST60000-integrate_subtracted.dat,ok
52.75,0.3494,0.004654,0.3494,14.4925,19.13,0.1096,19.17,0.8164,sample_ST70000-integrate_subtracted.dat,ok
72.5,0.9901,0.0158,0.9901,16.9996,22.41,0.2193,22.38,0.8585,sample_ST80000-integrate_subtracted.dat,ok
2.91,0.01227,3.996e-05,0.01227,1.27385,0.5301,0.01066,0.5305,0.361,sample_ST90000-integrate_subtracted.dat,ok
,,,,,,,,,sample_ST_0p370000-integrate_subtracted.dat,autorg_failed
,,,,,,,,,sample_ST_0p750000-integrate_subtracted.dat,autorg_failed
53.46,1360.0,11.31,1360.0,15.5852,17.7,0.1125,17.58,0.6674,sample_ST_1p50000-integrate_subtracted.dat,ok
82.03,3041.0,61.67,3041.0,16.3614,21.78,0.4473,21.61,0.6789,sample_ST_30000-integrate_subtracted.dat,ok
71.71,5336.0,88.64,5335.0,16.8144,20.14,0.3628,19.94,0.7329,sample_ST_60000-integrate_subtracted.dat,ok
27.71,261.2,2.193,261.1,9.21018,9.177,0.05416,9.13,0.75,sample_STni13_400_00020000-integrate_subtracted.dat,ok
29.38,317.2,2.472,317.1,10.1346,9.687,0.05855,9.632,0.8289,sample_STni16_400_00020000-integrate_subtracted.dat,ok
34.36,410.2,2.914,410.1,10.5717,10.6,0.05875,10.54,0.702,sample_STni22_400_00020000-integrate_subtracted.dat,ok
35.54,814.6,6.259,814.5,11.7546,11.36,0.07145,11.3,0.8224,sample_STni33_400_00020000-integrate_subtracted.dat,ok
39.72,1182.0,12.45,1182.0,13.3467,12.43,0.1028,12.35,0.7982,sample_STni41_400_00020000-integrate_subtracted.dat,ok
47.79,2026.0,18.93,2025.0,12.0198,14.17,0.1204,14.07,0.6239,sample_STni58_400_00020000-integrate_subtracted.dat,ok
44.67,2137.0,16.86,2137.0,11.06,13.51,0.08194,13.42,0.8025,sample_STni66_400_00020000-integrate_subtracted.dat,ok
,,,,,,,,,sample_STni99_400_00020000-integrate_subtracted.dat,autorg_failed
28.81,1879.0,3.133,1879.0,6.3485,6.802,0.0264,6.778,0.7168,sample_SUMO_ECSIT_3p150000-integrate_subtracted.dat,ok
31.91,3492.0,8.514,3492.0,6.28718,6.71,0.047,6.679,0.689,sample_SUMO_ECSIT_6p30000-integrate_subtracted.dat,ok
31.58,473.0,2.711,473.0,5.25799,6.446,0.1184,6.403,0.6887,sample_SUMO_NDUFAF_2p250000-integrate_subtracted.dat,ok
38.79,1331.0,4.752,1331.0,6.45914,8.021,0.08725,7.921,0.546,sample_SUMO_NDUFAF_4p50000-integrate_subtracted.dat,ok
,,,,,,,,,sample_SZ80000-integrate_subtracted.dat,autorg_failed
7.88,0.04863,0.0001946,0.04919,2.26732,4.895,0.01022,6.819,0.2774,sample_SZ90000-integrate_subtracted.dat,ok
26.78,0.05202,0.0006741,0.05202,4.48917,11.74,0.05623,11.73,0.2465,sample_S_10000-integrate_subtracted.dat,ok
8.4,0.08639,0.0001068,0.08639,4.03559,3.162,0.002324,3.161,0.4188,sample_S_100000-integrate_subtracted.dat,ok
20.04,0.1373,0.0004425,0.1373,3.72894,6.725,0.02032,6.702,0.2899,sample_S_110000-integrate_subtracted.dat,ok
54.16,1.847,0.04122,1.847,14.8794,19.65,0.1768,19.65,0.797,sample_S_20000-integrate_subtracted.dat,ok
8.97,0.1048,0.000117,0.1048,4.45336,3.357,0.002118,3.357,0.446,sample_S_30000-integrate_subtracted.dat,ok
14.04,0.238,0.0005323,0.238,6.96791,5.242,0.004652,5.241,0.463,sample_S_310000-integrate_subtracted.dat,ok
8.88,0.08973,0.0001008,0.08973,4.40946,3.297,0.001707,3.296,0.4638,sample_S_40000-integrate_subtracted.dat,ok
8.57,0.09169,0.0001126,0.09169,4.25583,3.213,0.001796,3.213,0.4222,sample_S_50000-integrate_subtracted.dat,ok
17.6,0.1709,0.0002383,0.1709,8.73757,5.665,0.004555,5.658,0.3854,sample_S_70000-integrate_subtracted.dat,ok
8.42,0.1036,0.000117,0.1036,4.18115,3.148,0.001685,3.148,0.3752,sample_S_80000-integrate_subtracted.dat,ok
8.39,0.09417,0.0001098,0.09417,4.16333,3.117,0.001716,3.116,0.3547,sample_S_90000-integrate_subtracted.dat,ok
,,,,,,,,,sample_S_dilute_1250000-integrate_subtracted.dat,autorg_failed
,,,,,,,,,sample_Sam68_N_0p6280000-integrate_subtracted.dat,autorg_failed
72.92,0.4715,0.03505,0.4714,12.6809,19.94,1.304,19.8,0.6845,sample_Sam68_N_17p90000-integrate_subtracted.dat,ok
45.79,0.02577,0.002675,0.02577,7.84519,16.34,0.9378,16.26,0.6166,sample_Sam68_N_1p060000-integrate_subtracted.dat,ok
10.96,0.01345,0.0001287,0.01345,4.3491,3.838,0.02745,3.834,0.6812,sample_Sam68_N_2p300000-integrate_subtracted.dat,ok
62.66,0.1242,0.008712,0.1241,11.3934,20.44,0.7712,20.29,0.6112,sample_Sam68_N_4p870000-integrate_subtracted.dat,ok
26.55,0.117,0.001133,0.1169,4.51276,8.602,0.08818,8.471,0.5695,sample_Sam68_N_9p700000-integrate_subtracted.dat,ok
51.99,0.3483,0.007243,0.3483,8.84132,14.0,0.3523,13.86,0.68,sample_Sample10000-integrate_subtracted.dat,ok
,,,,,,,,,sample_Sample1_Glyc_120000-integrate_subtracted.dat,autorg_failed
,,,,,,,,,sample_Sample1_Glyc_30000-integrate_subtracted.dat,autorg_failed
,,,,,,,,,sample_Sample1_Glyc_60000-integrate_subtracted.dat,autorg_failed
57.18,0.199,0.008257,0.199,10.479,14.8,0.7057,14.63,0.6539,sample_Sample20000-integrate_subtracted.dat,ok
47.07,0.09905,0.004445,0.09903,8.55805,13.35,0.6812,13.2,0.6535,sample_Sample40000-integrate_subtracted.dat,ok
62.92,0.08282,0.01522,0.08281,13.6111,19.36,3.638,19.21,0.6781,sample_Sample50000-integrate_subtracted.dat,ok
25.35,0.01647,0.0007278,0.01647,12.5837,8.85,0.2203,8.803,0.6893,sample_Sample60000-integrate_subtracted.dat,ok
22.82,426.3,1.81,426.2,6.25464,6.467,0.04189,6.417,0.7395,sample_Sample_210000-integrate_subtracted.dat,ok
23.69,773.1,2.827,773.0,6.63314,6.745,0.03528,6.724,0.7454,sample_Sample_220000-integrate_subtracted.dat,ok
7.53,61.59,0.1256,61.59,2.42954,2.454,0.006089,2.453,0.8269,sample_Sample_230000-integrate_subtracted.dat,ok
20.27,937.0,2.287,936.9,6.5368,6.451,0.01521,6.446,0.8918,sample_Sample_240000-integrate_subtracted.dat,ok
13.91,139.0,0.4,139.0,4.41886,4.434,0.01557,4.427,0.8697,sample_Sample_250000-integrate_subtracted.dat,ok
18.25,285.7,1.122,285.7,5.74095,5.805,0.02369,5.796,0.8822,sample_Sample_260000-integrate_subtracted.dat,ok
5.26,103.2,0.1049,103.2,1.66619,1.658,0.002404,1.658,0.7588,sample_Sample_310000-integrate_subtracted.dat,ok
4.38,47.67,0.08448,47.67,1.63658,1.601,0.002489,1.601,0.9,sample_Sample_320000-integrate_subtracted.dat,ok
32.57,994.3,4.281,994.2,7.48602,8.153,0.05645,8.104,0.631,sample_Sample_330000-integrate_subtracted.dat,ok
27.8,507.6,1.914,507.6,7.78477,8.075,0.03752,8.021,0.7155,sample_Sample_340000-integrate_subtracted.dat,ok
6.23,99.88,0.2208,99.88,1.95999,2.028,0.005619,2.027,0.8435,sample_Sample_350000-integrate_subtracted.dat,ok
6.84,103.3,0.1462,103.3,2.05863,2.114,0.00353,2.114,0.7407,sample_Sample_360000-integrate_subtracted.dat,ok
5.92,166.7,0.1453,166.7,2.13551,2.142,0.001714,2.142,0.5884,sample_Sample_filter0000-integrate_subtracted.dat,ok
26.6,48.5,1.144,48.49,9.48694,8.737,0.1743,8.665,0.7757,sample_Sdilute_1250000-integrate_subtracted.dat,ok
9.53,23.75,0.1666,23.75,2.66847,2.784,0.02781,2.782,0.7409,sample_Shrew0p6250000-integrate_subtracted.dat,ok
6.93,40.5,0.1344,40.5,2.39178,2.319,0.009109,2.319,0.8593,sample_Shrew1p250000-integrate_subtracted.dat,ok
6.56,87.99,0.2052,87.99,2.70302,2.431,0.003873,2.431,0.5992,sample_Shrew2p50000-integrate_subtracted.dat,ok
6.62,176.9,0.217,176.9,2.70406,2.44,0.002216,2.44,0.6039,sample_Shrew50000-integrate_subtracted.dat,ok
5.49,19.15,0.09076,19.15,2.35574,2.181,0.007642,2.182,0.7651,sample_ShrewLig0p6250000-integrate_subtracted.dat,ok
5.84,37.27,0.1035,37.27,2.33838,2.186,0.004421,2.186,0.7005,sample_ShrewLig1p250000-integrate_subtracted.dat,ok
7.73,74.72,0.1534,74.72,2.30645,2.32,0.006945,2.32,0.7992,sample_ShrewLig2p50000-integrate_subtracted.dat,ok
6.21,147.7,0.09712,147.7,2.30462,2.255,0.001685,2.256,0.7723,sample_ShrewLig50000-integrate_subtracted.dat,ok
38.08,455.8,4.637,455.8,7.08402,8.139,0.1999,8.126,0.6105,sample_SigmaAH0000-integrate_subtracted.dat,ok
4.01,128.6,0.1214,128.6,1.78001,1.587,0.001009,1.588,0.6112,sample_SigmaBH0000-integrate_subtracted.dat,ok
,,,,,,,,,sample_Soy11s10000-integrate_subtracted.dat,autorg_failed
,,,,,,,,,sample_Soy11s100000-integrate_subtracted.dat,autorg_failed
15.31,21.73,0.004367,21.73,5.14561,5.534,0.0005425,5.534,0.6042,sample_Soy11s1000000-integrate_subtracted.dat,ok
,,,,,,,,,sample_Soy11s20000-integrate_subtracted.dat,autorg_failed
13.31,3.588,0.0008776,3.588,4.9677,4.969,0.0005273,4.97,0.6023,sample_Soy11s200000-integrate_subtracted.dat,ok
,,,,,,,,,sample_Soy11s50000-integrate_subtracted.dat,autorg_failed
14.19,9.95,0.001862,9.95,4.27338,5.097,0.0004661,5.097,0.6076,sample_Soy11s500000-integrate_subtracted.dat,ok
14.02,16.3,0.003275,16.3,4.71153,5.149,0.0005218,5.151,0.6066,sample_Soy11s800000-integrate_subtracted.dat,ok
11.77,14.65,0.00241,14.65,3.22514,4.291,0.0003355,4.294,0.6115,sample_Soy11s_100mg_40C0000-integrate_subtracted.dat,ok
13.43,1.516,0.0006236,1.516,5.73626,4.964,0.001046,4.964,0.5938,sample_Soy11s_10mg_40C0000-integrate_subtracted.dat,ok
,,,,,,,,,sample_Soy11s_1mg_40C0000-integrate_subtracted.dat,autorg_failed
,,,,,,,,,sample_Soy11s_20mgNaCl100000-integrate_subtracted.dat,autorg_failed
39.41,1.739,0.01064,1.738,6.56171,9.281,0.1013,9.159,0.6426,sample_Soy11s_20mgNaCl1000000-integrate_subtracted.dat,ok
,,,,,,,,,sample_Soy11s_20mgNaCl200000-integrate_subtracted.dat,autorg_failed
14.2,2.771,0.00143,2.771,7.04581,5.136,0.001226,5.136,0.5912,sample_Soy11s_20mgNaCl2000000-integrate_subtracted.dat,ok
14.86,1.734,0.001046,1.734,7.37777,5.294,0.001892,5.292,0.5954,sample_Soy11s_20mgNaCl500000-integrate_subtracted.dat,ok
,,,,,,,,,sample_Soy11s_20mgNaCl5000000-integrate_subtracted.dat,autorg_failed
13.98,1.236,0.0006905,1.236,6.12442,5.011,0.00163,5.011,0.602,sample_Soy11s_20mgNaCl800000-integrate_subtracted.dat,ok
13.51,3.258,0.001572,3.258,4.51745,4.866,0.001134,4.866,0.6061,sample_Soy11s_20mg_40C0000-integrate_subtracted.dat,ok
,,,,,,,,,sample_Soy11s_20mg_Nacl100_40C0000-integrate_subtracted.dat,autorg_failed
,,,,,,,,,sample_Soy11s_20mg_Nacl10_40C0000-integrate_subtracted.dat,autorg_failed
50.95,6.252,0.05051,6.251,8.4696,13.95,0.1229,13.78,0.5903,sample_Soy11s_20mg_Nacl200_40C0000-integrate_subtracted.dat,ok
,,,,,,,,,sample_Soy11s_20mg_Nacl20_40C0000-integrate_subtracted.dat,autorg_failed
,,,,,,,,,sample_Soy11s_20mg_Nacl500_40C0000-integrate_subtracted.dat,autorg_failed
60.92,4.516,0.07706,4.516,11.8867,16.35,0.2691,16.22,0.6543,sample_Soy11s_20mg_Nacl50_40C0000-integrate_subtracted.dat,ok
64.78,3.99,0.1056,3.989,12.9569,16.7,0.4228,16.56,0.6882,sample_Soy11s_20mg_Nacl80_40C0000-integrate_subtracted.dat,ok
,,,,,,,,,sample_Soy11s_2mg_40C0000-integrate_subtracted.dat,autorg_failed
11.78,7.717,0.001681,7.717,3.082,4.367,0.0004415,4.37,0.6119,sample_Soy11s_50mg_40C0000-integrate_subtracted.dat,ok
,,,,,,,,,sample_Soy11s_5mg_40C0000-integrate_subtracted.dat,autorg_failed
11.73,12.08,0.002083,12.08,3.14858,4.326,0.0003854,4.329,0.6119,sample_Soy11s_80mg_40C0000-integrate_subtracted.dat,ok
,,,,,,,,,sample_Soy11s_87mgNaCl100000-integrate_subtracted.dat,autorg_failed
,,,,,,,,,sample_Soy11s_87mgNaCl1000000-integrate_subtracted.dat,autorg_failed
,,,,,,,,,sample_Soy11s_87mgNaCl200000-integrate_subtracted.dat,autorg_failed
,,,,,,,,,sample_Soy11s_87mgNaCl2000000-integrate_subtracted.dat,autorg_failed
,,,,,,,,,sample_Soy11s_87mgNaCl500000-integrate_subtracted.dat,autorg_failed
,,,,,,,,,sample_Soy11s_87mgNaCl5000000-integrate_subtracted.dat,autorg_failed
,,,,,,,,,sample_Soy11s_87mgNaCl800000-integrate_subtracted.dat,autorg_failed
,,,,,,,,,sample_Soy11s_87mg_Nacl100_40C0000-integrate_subtracted.dat,autorg_failed
12.84,14.36,0.002813,14.36,4.38434,4.65,0.0004105,4.652,0.6074,sample_Soy11s_87mg_Nacl10_40C0000-integrate_subtracted.dat,ok
,,,,,,,,,sample_Soy11s_87mg_Nacl200_40C0000-integrate_subtracted.dat,autorg_failed
,,,,,,,,,sample_Soy11s_87mg_Nacl20_40C0000-integrate_subtracted.dat,autorg_failed
,,,,,,,,,sample_Soy11s_87mg_Nacl500_40C0000-integrate_subtracted.dat,autorg_failed
,,,,,,,,,sample_Soy11s_87mg_Nacl50_40C0000-integrate_subtracted.dat,autorg_failed
,,,,,,,,,sample_Soy11s_87mg_Nacl80_40C0000-integrate_subtracted.dat,autorg_failed
31.52,0.1271,0.001164,0.127,5.82244,6.956,0.1382,6.888,0.6907,sample_Soy7s_10000-integrate_subtracted.dat,ok
16.12,3.035,0.002039,3.035,4.36048,5.024,0.003124,5.024,0.6516,sample_Soy7s_100000-integrate_subtracted.dat,ok
10.98,16.29,0.002107,16.29,2.73583,4.034,0.0002257,4.038,0.6652,sample_Soy7s_1000000-integrate_subtracted.dat,ok
10.26,12.37,0.001908,12.37,2.91883,3.827,0.0002406,3.83,0.6542,sample_Soy7s_100Nacl2000000-integrate_subtracted.dat,ok
52.64,8.094,0.06393,8.092,8.9012,14.0,0.1208,13.83,0.6794,sample_Soy7s_10mgNacl2000000-integrate_subtracted.dat,ok
10.52,16.16,0.002007,16.16,5.25988,3.821,0.000179,3.824,0.6005,sample_Soy7s_1460000-integrate_subtracted.dat,ok
38.8,12.01,0.03399,12.0,6.45939,8.945,0.05096,8.714,0.4301,sample_Soy7s_146Nacl2000000-integrate_subtracted.dat,ok
42.1,0.3903,0.006958,0.3903,7.48436,10.06,0.2765,9.924,0.6732,sample_Soy7s_1mgNacl2000000-integrate_subtracted.dat,ok
30.19,0.4133,0.001367,0.4132,5.88509,6.902,0.04713,6.835,0.6712,sample_Soy7s_20000-integrate_subtracted.dat,ok
,,,,,,,,,sample_Soy7s_200000-integrate_subtracted.dat,autorg_failed
16.05,6.921,0.002461,6.921,7.96669,5.714,0.001106,5.712,0.5954,sample_Soy7s_20mgNacl2000000-integrate_subtracted.dat,ok
57.64,1.296,0.02623,1.296,10.1778,12.85,0.4384,12.71,0.6897,sample_Soy7s_2mgNacl2000000-integrate_subtracted.dat,ok
18.88,1.403,0.00158,1.403,4.84189,5.372,0.007356,5.364,0.6419,sample_Soy7s_50000-integrate_subtracted.dat,ok
,,,,,,,,,sample_Soy7s_500000-integrate_subtracted.dat,autorg_failed
14.45,13.15,0.003229,13.15,6.6941,5.109,0.0007611,5.108,0.6035,sample_Soy7s_50mgNacl2000000-integrate_subtracted.dat,ok
16.67,1.917,0.0007824,1.917,8.27312,5.989,0.001322,5.986,0.5922,sample_Soy7s_5mgNacl2000000-integrate_subtracted.dat,ok
,,,,,,,,,sample_Soy7s_73_Nacl100000-integrate_subtracted.dat,autorg_failed
,,,,,,,,,sample_Soy7s_73_Nacl200000-integrate_subtracted.dat,autorg_failed
11.26,12.56,0.001411,12.56,3.46552,4.067,0.000216,4.07,0.6705,sample_Soy7s_73_Nacl500000-integrate_subtracted.dat,ok
11.61,13.68,0.002018,13.68,3.35306,4.105,0.000365,4.108,0.6771,sample_Soy7s_73_Nacl800000-integrate_subtracted.dat,ok
11.61,12.59,0.002659,12.59,4.54775,4.344,0.0004444,4.347,0.6131,sample_Soy7s_73_nacl1000000-integrate_subtracted.dat,ok
11.46,12.05,0.002635,12.05,4.54182,4.276,0.0004726,4.28,0.6134,sample_Soy7s_73_nacl2000000-integrate_subtracted.dat,ok
10.84,7.224,0.001836,7.224,4.24427,3.914,0.0005392,3.916,0.6147,sample_Soy7s_73_nacl5000000-integrate_subtracted.dat,ok
11.43,12.84,0.002167,12.84,3.40987,4.056,0.0003471,4.06,0.6776,sample_Soy7s_73mg_Nacl100_40C0000-integrate_subtracted.dat,ok
11.14,11.2,0.001882,11.2,3.50411,3.961,0.0003207,3.964,0.675,sample_Soy7s_73mg_Nacl200_40C0000-integrate_subtracted.dat,ok
9.99,7.141,0.001555,7.141,3.25346,3.625,0.0004222,3.627,0.6643,sample_Soy7s_73mg_Nacl500_40C0000-integrate_subtracted.dat,ok
,,,,,,,,,sample_Soy7s_800000-integrate_subtracted.dat,autorg_failed
11.36,12.28,0.001563,12.28,3.59466,3.993,0.0002177,3.996,0.6757,sample_Soy7s_80Nacl2000000-integrate_subtracted.dat,ok
5.89,167.9,0.213,167.9,1.99979,1.978,0.002678,1.978,0.8866,sample_Sp188r_Ke62a10000-integrate_subtracted.dat,ok
6.59,82.38,0.1868,82.38,1.98535,1.989,0.006269,1.989,0.8424,sample_Sp188r_Ke62a20000-integrate_subtracted.dat,ok
5.49,41.14,0.1283,41.14,1.92653,1.886,0.007307,1.886,0.8672,sample_Sp188r_Ke62a30000-integrate_subtracted.dat,ok
5.75,22.5,0.1465,22.5,1.87901,1.879,0.01606,1.879,0.934,sample_Sp188r_Ke62a40000-integrate_subtracted.dat,ok
5.42,10.8,0.1792,10.8,1.84544,1.839,0.03875,1.84,0.9284,sample_Sp188r_Ke62a50000-integrate_subtracted.dat,ok
,,,,,,,,,sample_Spermine_200000-integrate_subtracted.dat,autorg_failed
2.05,47.06,0.0582,50.07,1.02676,2.135,0.0007047,15.48,0.274,sample_Stef_sample_100000-integrate_subtracted.dat,ok
2.06,43.54,0.05903,46.4,1.03078,2.135,0.0008383,15.4,0.2611,sample_Stef_sample_270000-integrate_subtracted.dat,ok
48.77,148.0,3.322,148.0,8.12504,9.491,0.6189,9.44,0.6865,sample_Sulf2_0p450000-integrate_subtracted.dat,ok
26.63,356.1,2.019,356.1,8.94714,8.452,0.0471,8.424,0.8035,sample_Sulf2_0p90000-integrate_subtracted.dat,ok
34.06,414.1,1.576,414.1,9.02635,9.659,0.04644,9.585,0.7112,sample_Sulf2_0p9_HP_dp8_1_10000-integrate_subtracted.dat,ok
31.18,468.0,1.961,468.0,9.81051,9.433,0.04454,9.381,0.7446,sample_Sulf2_0p9_HP_dp8_1_100000-integrate_subtracted.dat,ok
4.19,0.002863,4.606e-05,0.002863,1.89737,1.903,0.01949,1.903,0.1647,sample_Syr1_0_156mgml0000-integrate_subtracted.dat,ok
6.44,0.007015,0.0001315,0.007015,1.19617,3.305,0.02216,3.306,0.0961,sample_Syr1_0_3125mgml0000-integrate_subtracted.dat,ok
6.1,0.009868,0.0001435,0.009868,1.18994,3.097,0.01774,3.098,0.1164,sample_Syr1_0_625mgml0000-integrate_subtracted.dat,ok
6.04,0.008284,8.774e-05,0.008284,1.00584,3.194,0.01215,3.195,0.0797,sample_Syr1_1_25mgml0000-integrate_subtracted.dat,ok
2.06,0.006342,0.0001079,0.006356,1.02946,1.842,0.01414,2.674,0.1211,sample_Syr1_2_5mgml0000-integrate_subtracted.dat,ok
3.92,0.008094,0.0001045,0.008094,1.07567,1.897,0.0114,1.897,0.0831,sample_Syr1_5mgml0000-integrate_subtracted.dat,ok
4.22,0.003226,5.82e-05,0.003226,1.98515,1.83,0.02089,1.83,0.211,sample_Syr2_0_156mgml0000-integrate_subtracted.dat,ok
22.19,0.03704,0.0004476,0.03704,3.69521,9.149,0.02282,9.166,0.2633,sample_Syr2_0_3125mgml0000-integrate_subtracted.dat,ok
6.95,0.01146,0.0001545,0.01146,1.17459,3.64,0.01356,3.642,0.0835,sample_Syr2_0_625mgml0000-integrate_subtracted.dat,ok
,,,,,,,,,sample_Syr2_1_25mgml0000-integrate_subtracted.dat,autorg_failed
6.28,0.05796,0.0005533,0.05547,2.77322,5.355,0.009161,4.37,0.3066,sample_Syr2_2_5mgml0000-integrate_subtracted.dat,ok
6.18,0.03714,0.0003973,0.03714,1.02945,3.249,0.007778,3.251,0.087,sample_Syr2_5mgml0000-integrate_subtracted.dat,ok
4.48,0.002695,5.92e-05,0.002695,1.42946,1.99,0.03316,1.99,0.2422,sample_Syr3_0_1565mgml0000-integrate_subtracted.dat,ok
4.9,0.003939,6.369e-05,0.003939,1.12612,2.346,0.01747,2.346,0.0883,sample_Syr3_0_3125mgml0000-integrate_subtracted.dat,ok
74.45,0.3539,0.02585,0.3538,17.8819,24.84,0.8447,24.78,0.8922,sample_Syr3_0_625mgml0000-integrate_subtracted.dat,ok
5.77,0.01163,0.0001687,0.01163,1.07263,2.938,0.01487,2.939,0.0926,sample_Syr3_1_25mgml0000-integrate_subtracted.dat,ok
2.13,0.01302,9.184e-05,0.01299,1.0024,1.795,0.01498,5.796,0.3075,sample_Syr3_2_5mgml0000-integrate_subtracted.dat,ok
5.1,0.07019,0.0002231,0.06659,1.15637,3.671,0.00426,12.73,0.2771,sample_Syr3_5mgml0000-integrate_subtracted.dat,ok
5.35,0.004836,0.0001263,0.004836,2.39212,2.391,0.02836,2.391,0.1571,sample_Syr4_0_156mgml0000-integrate_subtracted.dat,ok
9.12,0.0178,0.0001888,0.0178,1.53008,4.65,0.01322,4.655,0.1058,sample_Syr4_0_3125mgml0000-integrate_subtracted.dat,ok
8.93,0.02775,0.0002674,0.02775,1.48671,4.603,0.01114,4.608,0.1056,sample_Syr4_0_625mgml0000-integrate_subtracted.dat,ok
7.54,0.0295,0.0003026,0.0295,1.25476,3.93,0.01054,3.933,0.0932,sample_Syr4_1_25mgml0000-integrate_subtracted.dat,ok
2.87,0.02502,0.000224,0.02548,1.04443,2.693,0.009302,9.165,0.2311,sample_Syr4_2_5mgml0000-integrate_subtracted.dat,ok
9.21,0.03426,0.0004227,0.03426,1.54538,4.678,0.01333,4.682,0.1108,sample_Syr4_5mgml0000-integrate_subtracted.dat,ok
8.66,0.01246,0.0001247,0.01246,1.53959,4.313,0.01466,4.316,0.1128,sample_Syr5_0_156mgml0000-integrate_subtracted.dat,ok
4.77,0.008218,0.0001105,0.008218,1.12473,2.346,0.0144,2.346,0.0871,sample_Syr5_0_3125mgml0000-integrate_subtracted.dat,ok
,,,,,,,,,sample_Syr5_0_625mgml0000-integrate_subtracted.dat,autorg_failed
,,,,,,,,,sample_Syr5_1_25mgml0000-integrate_subtracted.dat,autorg_failed
2.16,0.02598,0.0001031,0.02626,1.01004,1.932,0.006546,4.362,0.3064,sample_Syr5_2_5mgml0000-integrate_subtracted.dat,ok
5.13,0.06648,0.0003954,0.06235,1.27814,3.763,0.006313,13.35,0.2759,sample_Syr5_5mgml0000-integrate_subtracted.dat,ok
16.13,38.95,0.2356,38.95,4.92714,5.271,0.03052,5.261,0.6407,sample_T250p250000-integrate_subtracted.dat,ok
11.29,62.72,0.154,62.72,4.70581,4.077,0.005775,4.075,0.4958,sample_T250p50000-integrate_subtracted.dat,ok
11.43,116.5,0.1528,116.5,5.04719,4.125,0.002751,4.124,0.5151,sample_T250p750000-integrate_subtracted.dat,ok
11.51,116.5,0.1274,116.5,5.04051,4.137,0.002623,4.136,0.5144,sample_T251p00000-integrate_subtracted.dat,ok
11.53,233.2,0.1807,233.2,4.98433,4.165,0.001638,4.163,0.5164,sample_T251p50000-integrate_subtracted.dat,ok
40.04,0.01922,0.002915,0.01922,9.22964,15.02,0.8955,15.07,0.7942,sample_T4_a20000-integrate_subtracted.dat,ok
,,,,,,,,,sample_T4_a40000-integrate_subtracted.dat,autorg_failed
,,,,,,,,,sample_T4_a70000-integrate_subtracted.dat,autorg_failed
,,,,,,,,,sample_T4_b20000-integrate_subtracted.dat,autorg_failed
22.32,0.01123,0.0004676,0.01124,3.79953,10.45,0.1186,10.53,0.4051,sample_T4_c20000-integrate_subtracted.dat,ok
,,,,,,,,,sample_T4_c30000-integrate_subtracted.dat,autorg_failed
61.28,36.62,9.402,36.62,14.3686,22.21,3.285,22.19,0.6821,sample_TDP430000-integrate_subtracted.dat,ok
8.85,3.743,0.1045,3.743,3.00459,3.398,0.08954,3.397,0.5276,sample_TDP43r0000-integrate_subtracted.dat,ok
57.34,4.526,0.008624,4.526,16.9149,17.41,0.02638,17.42,0.8684,sample_TEST_LNP_10000-integrate_subtracted.dat,ok
57.05,4.508,0.009912,4.508,15.1544,17.35,0.03011,17.36,0.8866,sample_TEST_LPX_10000-integrate_subtracted.dat,ok
8.64,0.01261,7.582e-05,0.01261,1.59548,5.41,0.007966,5.422,0.2593,sample_TEST_LPX_20000-integrate_subtracted.dat,ok
,,,,,,,,,sample_TFH40000-integrate_subtracted.dat,autorg_failed
,,,,,,,,,sample_TFH50000-integrate_subtracted.dat,autorg_failed
33.83,632.1,2.486,632.1,9.74739,10.01,0.04349,9.961,0.8,sample_TIR_1p30000-integrate_subtracted.dat,ok
34.29,531.2,3.058,531.1,9.77197,10.13,0.06893,10.06,0.746,sample_TIR_1p310000-integrate_subtracted.dat,ok
39.19,1489.0,4.531,1489.0,10.4259,11.21,0.04167,11.14,0.7365,sample_TIR_1p70000-integrate_subtracted.dat,ok
45.87,1418.0,6.443,1418.0,10.7562,11.64,0.08006,11.54,0.6905,sample_TIR_2p00000-integrate_subtracted.dat,ok
37.59,1570.0,4.697,1570.0,10.0587,10.3,0.04189,10.23,0.7412,sample_TIR_2p60000-integrate_subtracted.dat,ok
37.11,1250.0,7.072,1250.0,10.196,11.05,0.06917,10.95,0.7119,sample_TIR_3p10000-integrate_subtracted.dat,ok
24.56,170.2,1.05,170.2,7.85923,7.768,0.05061,7.754,0.88,sample_TIR_mono_0p70000-integrate_subtracted.dat,ok
32.09,327.5,2.575,327.5,5.87655,6.679,0.168,6.621,0.6839,sample_TIR_mono_1p0_ddm0000-integrate_subtracted.dat,ok
16.28,0.01178,0.0001546,0.01178,5.64511,5.438,0.06544,5.424,0.8343,sample_TL10000-integrate_subtracted.dat,ok
12.39,0.02611,0.0001807,0.02611,4.81767,4.373,0.02388,4.37,0.9079,sample_TL100000-integrate_subtracted.dat,ok
18.44,0.1101,0.0008167,0.1101,5.5524,5.7,0.05481,5.676,0.7812,sample_TL110000-integrate_subtracted.dat,ok
17.24,0.1592,0.0008219,0.1592,5.31946,5.449,0.03109,5.431,0.8168,sample_TL120000-integrate_subtracted.dat,ok
19.32,0.29,0.0007158,0.29,5.81766,5.864,0.01893,5.837,0.752,sample_TL130000-integrate_subtracted.dat,ok
24.84,0.4866,0.001799,0.4865,5.56688,5.973,0.0525,5.922,0.7119,sample_TL140000-integrate_subtracted.dat,ok
18.17,0.02573,0.00048,0.02573,6.11095,5.959,0.119,5.934,0.7783,sample_TL20000-integrate_subtracted.dat,ok
17.57,0.05606,0.0004031,0.05605,5.90286,5.778,0.04202,5.756,0.7835,sample_TL30000-integrate_subtracted.dat,ok
22.07,0.1256,0.001052,0.1255,8.09571,6.8,0.0537,6.745,0.6638,sample_TL40000-integrate_subtracted.dat,ok
,,,,,,,,,sample_TL50000-integrate_subtracted.dat,autorg_failed
24.67,0.1913,0.001018,0.1912,7.01791,7.318,0.05047,7.256,0.7347,sample_TL60000-integrate_subtracted.dat,ok
24.56,0.322,0.001359,0.3219,7.09158,7.427,0.0365,7.369,0.6543,sample_TL70000-integrate_subtracted.dat,ok
20.12,0.4668,0.001733,0.4667,5.91908,6.412,0.02225,6.389,0.8327,sample_TL80000-integrate_subtracted.dat,ok
29.14,1.284,0.002982,1.284,7.51663,8.313,0.02463,8.249,0.6422,sample_TL90000-integrate_subtracted.dat,ok
,,,,,,,,,sample_TL_150000-integrate_subtracted.dat,autorg_failed
27.42,0.02974,0.0006243,0.02973,6.73244,7.49,0.2463,7.403,0.6274,sample_TL_160000-integrate_subtracted.dat,ok
19.14,0.05923,0.000351,0.05923,5.76971,6.066,0.03653,6.036,0.7655,sample_TL_170000-integrate_subtracted.dat,ok
39.47,0.1528,0.00424,0.1528,6.7173,10.09,0.4017,9.949,0.6359,sample_TL_180000-integrate_subtracted.dat,ok
18.15,0.04918,0.0003859,0.04918,6.73074,6.22,0.04025,6.203,0.839,sample_TL_190000-integrate_subtracted.dat,ok
23.42,0.1834,0.001267,0.1834,7.15313,7.315,0.05224,7.262,0.7566,sample_TL_200000-integrate_subtracted.dat,ok
23.92,0.3032,0.001595,0.3031,7.24244,7.309,0.04193,7.257,0.7608,sample_TL_210000-integrate_subtracted.dat,ok
40.62,0.6148,0.005048,0.6147,7.54315,9.118,0.1494,9.034,0.685,sample_TL_220000-integrate_subtracted.dat,ok
46.09,1.436,0.0187,1.436,8.53334,10.06,0.2559,9.961,0.6887,sample_TL_230000-integrate_subtracted.dat,ok
12.62,0.02504,0.0001973,0.02504,5.04719,4.479,0.03195,4.476,0.8997,sample_TL_240000-integrate_subtracted.dat,ok
19.91,0.1095,0.0005742,0.1095,5.80715,5.84,0.04546,5.812,0.7432,sample_TL_250000-integrate_subtracted.dat,ok
18.84,0.1596,0.000512,0.1596,5.53479,5.699,0.02249,5.676,0.7919,sample_TL_260000-integrate_subtracted.dat,ok
20.64,0.2873,0.0007465,0.2873,5.70821,6.037,0.02367,6.003,0.7457,sample_TL_270000-integrate_subtracted.dat,ok
29.16,0.4102,0.003048,0.4101,5.18434,5.977,0.1164,5.927,0.6923,sample_TL_280000-integrate_subtracted.dat,ok
17.95,0.02524,0.0002645,0.02524,6.65702,6.214,0.04784,6.193,0.7804,sample_TL_290000-integrate_subtracted.dat,ok
25.34,0.07448,0.001097,0.07447,5.84363,6.589,0.145,6.543,0.6552,sample_TL_300000-integrate_subtracted.dat,ok
17.05,0.1518,0.0006775,0.1518,5.45549,5.607,0.02539,5.59,0.7546,sample_TL_310000-integrate_subtracted.dat,ok
17.57,0.3114,0.0009322,0.3114,4.61515,5.074,0.01909,5.06,0.6623,sample_TL_320000-integrate_subtracted.dat,ok
26.44,0.04729,0.0006927,0.04729,11.4332,9.04,0.07674,8.988,0.7214,sample_TL_330000-integrate_subtracted.dat,ok
16.9,0.07992,0.0004647,0.07991,6.26872,5.584,0.02828,5.565,0.7746,sample_TL_340000-integrate_subtracted.dat,ok
28.78,0.2517,0.002515,0.2516,7.82368,8.237,0.1015,8.15,0.5753,sample_TL_350000-integrate_subtracted.dat,ok
40.8,0.456,0.00832,0.4559,6.94515,9.659,0.291,9.533,0.6469,sample_TL_360000-integrate_subtracted.dat,ok
15.92,0.034,0.0002366,0.034,5.51577,5.162,0.03855,5.146,0.8024,sample_TL_370000-integrate_subtracted.dat,ok
18.49,0.129,0.0006724,0.129,5.36409,5.582,0.03427,5.552,0.7035,sample_TL_380000-integrate_subtracted.dat,ok
16.7,0.329,0.0009435,0.3289,4.56041,4.866,0.0214,4.85,0.7184,sample_TL_390000-integrate_subtracted.dat,ok
10.9,0.5706,0.0003755,0.5706,4.45381,3.979,0.00144,3.98,0.6083,sample_TL_400000-integrate_subtracted.dat,ok
40.61,0.06832,0.004092,0.0683,8.39722,10.44,0.9575,10.3,0.6838,sample_TL_410000-integrate_subtracted.dat,ok
33.55,0.207,0.002104,0.2069,5.5864,9.485,0.1214,9.337,0.6137,sample_TL_420000-integrate_subtracted.dat,ok
13.86,0.3615,0.0003485,0.3614,6.87983,5.031,0.002429,5.029,0.5844,sample_TL_430000-integrate_subtracted.dat,ok
41.38,1.265,0.008114,1.265,6.88934,10.36,0.09592,10.21,0.6227,sample_TL_440000-integrate_subtracted.dat,ok
14.94,0.03958,0.0002913,0.03958,5.84991,5.005,0.03303,4.995,0.8403,sample_TL_450000-integrate_subtracted.dat,ok
18.02,0.1562,0.0006219,0.1562,5.1144,5.431,0.02776,5.411,0.8018,sample_TL_460000-integrate_subtracted.dat,ok
14.68,0.3105,0.0008959,0.3105,4.22193,4.695,0.01487,4.688,0.6423,sample_TL_470000-integrate_subtracted.dat,ok
14.64,0.5711,0.0006045,0.5711,4.12045,4.46,0.005182,4.456,0.6354,sample_TL_480000-integrate_subtracted.dat,ok
17.57,0.04104,0.0003081,0.04104,5.57206,5.662,0.04198,5.645,0.8498,sample_TL_490000-integrate_subtracted.dat,ok
24.06,0.192,0.001448,0.192,6.54063,7.079,0.06495,7.017,0.7347,sample_TL_500000-integrate_subtracted.dat,ok
42.58,0.5574,0.006273,0.5573,7.14217,9.672,0.2026,9.555,0.6606,sample_TL_510000-integrate_subtracted.dat,ok
39.38,1.191,0.009859,1.19,6.55615,9.389,0.1253,9.275,0.6407,sample_TL_520000-integrate_subtracted.dat,ok
23.09,0.111,0.0008554,0.111,7.96381,7.668,0.04915,7.627,0.815,sample_TL_530000-integrate_subtracted.dat,ok
,,,,,,,,,sample_TL_540000-integrate_subtracted.dat,autorg_failed
23.4,0.1069,0.0007819,0.1069,8.43665,7.719,0.04843,7.676,0.7962,sample_TL_550000-integrate_subtracted.dat,ok
28.33,0.373,0.002573,0.3729,4.92611,6.123,0.1086,6.056,0.6773,sample_TL_600000-integrate_subtracted.dat,ok
27.86,0.3512,0.001816,0.3512,4.84525,6.221,0.07855,6.138,0.6616,sample_TL_610000-integrate_subtracted.dat,ok
37.31,0.3404,0.003855,0.3404,7.22549,8.55,0.1985,8.471,0.689,sample_TL_SEC_1_f0000-integrate_subtracted.dat,ok
50.15,0.469,0.01849,0.469,8.35008,11.84,0.7612,11.7,0.689,sample_TL_SEC_1_uf0000-integrate_subtracted.dat,ok
20.38,0.2025,0.0009799,0.2025,5.05996,6.124,0.03521,6.079,0.6191,sample_TL_SEC_2_f0000-integrate_subtracted.dat,ok
28.31,0.1682,0.002355,0.1682,4.71566,5.448,0.2833,5.424,0.6477,sample_TL_SEC_2_uf0000-integrate_subtracted.dat,ok
51.4,1.36,0.0195,1.359,8.55784,10.95,0.3053,10.82,0.6866,sample_TL_SEC_3_f0000-integrate_subtracted.dat,ok
17.89,0.3358,0.0007009,0.3358,4.68115,5.077,0.01814,5.055,0.6529,sample_TL_SEC_4_f0000-integrate_subtracted.dat,ok
42.17,0.4163,0.009748,0.4162,7.23694,9.238,0.453,9.116,0.6913,sample_TL_SEC_5_f0000-integrate_subtracted.dat,ok
44.54,1.274,0.01853,1.273,7.41592,10.97,0.2476,10.81,0.6045,sample_TL_SEC_6_f0000-integrate_subtracted.dat,ok
15.45,0.8383,0.001077,0.8383,6.73257,5.565,0.003827,5.562,0.5953,sample_TL_SEC_7_f0000-integrate_subtracted.dat,ok
19.07,0.2759,0.00107,0.2759,3.65638,2.293,0.09679,2.423,0.764,sample_TPGS0000-integrate_subtracted.dat,ok
30.92,42.51,0.6166,42.51,5.5348,8.557,0.1996,8.471,0.6086,sample_TRZ_0p1250000-integrate_subtracted.dat,ok
18.96,68.66,0.2484,68.66,5.3794,5.689,0.02887,5.682,0.7105,sample_TRZ_0p250000-integrate_subtracted.dat,ok
21.53,136.9,0.3642,136.9,5.2516,5.608,0.03268,5.601,0.7468,sample_TRZ_0p50000-integrate_subtracted.dat,ok
103.86,1219.0,56.15,1219.0,20.6118,28.42,1.053,28.1,0.6662,sample_TRZ_stock0000-integrate_subtracted.dat,ok
6.53,45.11,0.1704,45.11,2.04929,2.065,0.009625,2.065,0.7113,sample_TT0000-integrate_subtracted.dat,ok
67.7,1.794,0.01581,1.794,13.8712,19.85,0.1664,19.69,0.6314,sample_TV010000-integrate_subtracted.dat,ok
71.05,0.8,0.01355,0.7998,13.6345,19.72,0.3438,19.51,0.6043,sample_TV020000-integrate_subtracted.dat,ok
88.09,0.5992,0.02191,0.5991,14.6477,27.74,0.5261,27.48,0.6042,sample_TV030000-integrate_subtracted.dat,ok
4.31,0.1755,0.0002167,0.1763,1.48798,3.498,0.001062,8.653,0.366,sample_TV040000-integrate_subtracted.dat,ok
84.7,16.31,0.06954,16.31,18.4687,22.61,0.0953,22.41,0.622,sample_TV050000-integrate_subtracted.dat,ok
93.42,6.823,0.104,6.821,18.8043,24.81,0.3539,24.54,0.6605,sample_TV060000-integrate_subtracted.dat,ok
89.46,12.39,0.1039,12.38,17.755,22.82,0.2201,22.6,0.6282,sample_TV070000-integrate_subtracted.dat,ok
90.44,6.506,0.08839,6.505,18.6999,23.79,0.321,23.55,0.658,sample_TV080000-integrate_subtracted.dat,ok
94.53,3.447,0.09558,3.447,18.7617,24.57,0.6922,24.33,0.6396,sample_TV090000-integrate_subtracted.dat,ok
9.46,0.02051,6.987e-05,0.02051,2.03258,1.568,0.03119,1.574,0.675,sample_TV10000-integrate_subtracted.dat,ok
26.95,0.7223,0.0009738,0.7223,13.3774,9.923,0.005913,9.926,0.5986,sample_TV100000-integrate_subtracted.dat,ok
,,,,,,,,,sample_TV1000000-integrate_subtracted.dat,autorg_failed
,,,,,,,,,sample_TV1010000-integrate_subtracted.dat,autorg_failed
,,,,,,,,,sample_TV1020000-integrate_subtracted.dat,autorg_failed
,,,,,,,,,sample_TV1030000-integrate_subtracted.dat,autorg_failed
,,,,,,,,,sample_TV1040000-integrate_subtracted.dat,autorg_failed
,,,,,,,,,sample_TV1050000-integrate_subtracted.dat,autorg_failed
15.53,0.07163,0.0003387,0.07163,3.05469,2.901,0.06867,2.905,0.6124,sample_TV1060000-integrate_subtracted.dat,ok
11.05,0.04072,0.0001425,0.04072,2.87849,3.062,0.02349,3.06,0.6284,sample_TV1070000-integrate_subtracted.dat,ok
9.14,0.01419,0.000143,0.01419,3.65003,3.428,0.02304,3.428,0.7606,sample_TV1080000-integrate_subtracted.dat,ok
,,,,,,,,,sample_TV1090000-integrate_subtracted.dat,autorg_failed
48.05,0.5379,0.003111,0.5378,12.3054,14.82,0.07602,14.71,0.5372,sample_TV110000-integrate_subtracted.dat,ok
,,,,,,,,,sample_TV1100000-integrate_subtracted.dat,autorg_failed
,,,,,,,,,sample_TV1110000-integrate_subtracted.dat,autorg_failed
9.28,0.02553,9.165e-05,0.02553,2.95325,3.193,0.01071,3.192,0.4293,sample_TV1120000-integrate_subtracted.dat,ok
9.44,0.0375,7.713e-05,0.0375,4.05162,3.793,0.003244,3.793,0.3686,sample_TV1130000-integrate_subtracted.dat,ok
16.44,0.01415,0.0001913,0.01415,2.73676,5.482,0.1594,5.381,0.4863,sample_TV1140000-integrate_subtracted.dat,ok
,,,,,,,,,sample_TV1150000-integrate_subtracted.dat,autorg_failed
,,,,,,,,,sample_TV1160000-integrate_subtracted.dat,autorg_failed
,,,,,,,,,sample_TV1170000-integrate_subtracted.dat,autorg_failed
,,,,,,,,,sample_TV1180000-integrate_subtracted.dat,autorg_failed
,,,,,,,,,sample_TV1190000-integrate_subtracted.dat,autorg_failed
4.11,0.03802,0.0001424,0.0464,1.52574,3.498,0.002145,21.1,0.297,sample_TV120000-integrate_subtracted.dat,ok
,,,,,,,,,sample_TV1200000-integrate_subtracted.dat,autorg_failed
,,,,,,,,,sample_TV1210000-integrate_subtracted.dat,autorg_failed
,,,,,,,,,sample_TV1220000-integrate_subtracted.dat,autorg_failed
,,,,,,,,,sample_TV1230000-integrate_subtracted.dat,autorg_failed
,,,,,,,,,sample_TV1240000-integrate_subtracted.dat,autorg_failed
,,,,,,,,,sample_TV1250000-integrate_subtracted.dat,autorg_failed
,,,,,,,,,sample_TV1260000-integrate_subtracted.dat,autorg_failed
96.1,21.51,0.3602,21.51,17.0844,21.41,0.4923,21.21,0.6412,sample_TV1270000-integrate_subtracted.dat,ok
83.95,12.48,0.1742,12.48,17.2099,21.39,0.305,21.22,0.6413,sample_TV1280000-integrate_subtracted.dat,ok
72.28,6.753,0.06039,6.752,17.102,19.79,0.1778,19.62,0.6333,sample_TV1290000-integrate_subtracted.dat,ok
87.03,14.87,0.1007,14.87,19.7177,24.36,0.1463,24.15,0.6305,sample_TV130000-integrate_subtracted.dat,ok
105.04,14.67,0.6676,14.67,17.4884,23.98,1.341,23.65,0.6466,sample_TV1300000-integrate_subtracted.dat,ok
99.89,7.115,0.2816,7.113,17.0034,24.1,1.106,23.73,0.669,sample_TV1310000-integrate_subtracted.dat,ok
81.74,5.187,0.05696,5.187,16.3488,27.91,0.1184,27.8,0.6331,sample_TV1320000-integrate_subtracted.dat,ok
78.42,18.6,0.1334,18.6,17.4783,21.94,0.1401,21.79,0.6081,sample_TV1330000-integrate_subtracted.dat,ok
2.94,0.001462,3.05e-05,0.001462,1.46951,1.3,0.0181,1.3,0.2503,sample_TV1340000-integrate_subtracted.dat,ok
6.32,0.002353,9.918e-05,0.002353,1.4315,2.462,0.08398,2.461,0.5112,sample_TV1350000-integrate_subtracted.dat,ok
92.36,14.48,0.3032,14.47,17.1851,22.85,0.4935,22.65,0.6492,sample_TV1360000-integrate_subtracted.dat,ok
84.84,6.398,0.08036,6.398,17.0137,21.89,0.2805,21.74,0.6596,sample_TV1370000-integrate_subtracted.dat,ok
87.25,3.111,0.03746,3.11,17.9,21.86,0.2777,21.7,0.6474,sample_TV1380000-integrate_subtracted.dat,ok
,,,,,,,,,sample_TV1390000-integrate_subtracted.dat,autorg_failed
6.54,0.11,0.0001896,0.108,1.1555,4.484,0.002336,7.886,0.2596,sample_TV140000-integrate_subtracted.dat,ok
,,,,,,,,,sample_TV1400000-integrate_subtracted.dat,autorg_failed
6.9,0.01512,0.000172,0.01516,2.25397,5.318,0.01393,11.11,0.2642,sample_TV1410000-integrate_subtracted.dat,ok
,,,,,,,,,sample_TV1420000-integrate_subtracted.dat,autorg_failed
,,,,,,,,,sample_TV1430000-integrate_subtracted.dat,autorg_failed
,,,,,,,,,sample_TV1440000-integrate_subtracted.dat,autorg_failed
,,,,,,,,,sample_TV1450000-integrate_subtracted.dat,autorg_failed
,,,,,,,,,sample_TV1460000-integrate_subtracted.dat,autorg_failed
23.31,0.03228,0.0004136,0.03228,3.88042,9.88,0.03423,9.896,0.3945,sample_TV1470000-integrate_subtracted.dat,ok
41.75,0.1566,0.002274,0.1566,16.1456,13.97,0.1335,13.84,0.6611,sample_TV1480000-integrate_subtracted.dat,ok
,,,,,,,,,sample_TV1490000-integrate_subtracted.dat,autorg_failed
,,,,,,,,,sample_TV150000-integrate_subtracted.dat,autorg_failed
,,,,,,,,,sample_TV1500000-integrate_subtracted.dat,autorg_failed
5.73,0.0107,4.972e-05,0.0107,1.0741,3.404,0.004344,3.407,0.2871,sample_TV1510000-integrate_subtracted.dat,ok
,,,,,,,,,sample_TV1520000-integrate_subtracted.dat,autorg_failed
61.73,1.97,0.02154,1.97,10.9747,14.12,0.2785,13.94,0.6811,sample_TV1530000-integrate_subtracted.dat,ok
25.62,0.1425,0.0007563,0.1425,7.94088,7.899,0.04872,7.886,0.8389,sample_TV1540000-integrate_subtracted.dat,ok
33.45,1.498,0.003236,1.498,9.39746,9.414,0.02691,9.404,0.8445,sample_TV1550000-integrate_subtracted.dat,ok
5.11,0.04278,0.0001752,0.04043,1.42038,3.84,0.004591,13.14,0.2512,sample_TV1560000-integrate_subtracted.dat,ok
7.41,0.01653,0.0002371,0.01599,3.38783,5.043,0.04698,3.57,0.2475,sample_TV1570000-integrate_subtracted.dat,ok
5.28,0.005142,9.072e-05,0.005142,1.00707,1.973,0.03677,1.973,0.3737,sample_TV1580000-integrate_subtracted.dat,ok
25.02,0.01696,0.0007862,0.01696,9.44567,8.926,0.3583,8.869,0.5991,sample_TV1590000-integrate_subtracted.dat,ok
,,,,,,,,,sample_TV160000-integrate_subtracted.dat,autorg_failed
6.69,0.005222,8.61e-05,0.005222,1.13154,2.272,0.05014,2.271,0.4784,sample_TV1600000-integrate_subtracted.dat,ok
,,,,,,,,,sample_TV1610000-integrate_subtracted.dat,autorg_failed
,,,,,,,,,sample_TV1620000-integrate_subtracted.dat,autorg_failed
,,,,,,,,,sample_TV1630000-integrate_subtracted.dat,autorg_failed
6.57,0.03801,0.0001399,0.0389,1.94462,4.746,0.009629,14.92,0.2978,sample_TV1640000-integrate_subtracted.dat,ok
3.11,0.003039,4.9e-05,0.003039,1.23393,1.156,0.02073,1.156,0.6636,sample_TV1650000-integrate_subtracted.dat,ok
5.03,0.007265,5.321e-05,0.007265,1.63775,1.68,0.01697,1.68,0.6016,sample_TV1660000-integrate_subtracted.dat,ok
2.98,0.001231,2.67e-05,0.001231,1.01165,0.805,0.04896,0.805,0.5383,sample_TV1670000-integrate_subtracted.dat,ok
,,,,,,,,,sample_TV1680000-integrate_subtracted.dat,autorg_failed
,,,,,,,,,sample_TV1690000-integrate_subtracted.dat,autorg_failed
,,,,,,,,,sample_TV170000-integrate_subtracted.dat,autorg_failed
13.48,0.001179,0.0001948,0.001179,6.24807,4.883,0.836,4.869,0.5157,sample_TV1700000-integrate_subtracted.dat,ok
5.59,0.0119,8.659e-05,0.0119,2.23088,2.363,0.008642,2.364,0.7279,sample_TV1710000-integrate_subtracted.dat,ok
14.59,0.01453,0.0002385,0.01453,2.4883,1.581,0.4184,1.599,0.6287,sample_TV1720000-integrate_subtracted.dat,ok
7.78,0.0225,8.621e-05,0.0225,3.1137,3.178,0.009001,3.179,0.3726,sample_TV1730000-integrate_subtracted.dat,ok
7.02,0.008322,8.404e-05,0.008322,2.65768,2.458,0.02197,2.457,0.7103,sample_TV1740000-integrate_subtracted.dat,ok
8.58,0.3955,0.0005016,0.3886,1.60778,5.764,0.001422,2.272,0.3308,sample_TV1750000-integrate_subtracted.dat,ok
3.52,0.09614,0.0002196,0.09098,1.75899,3.563,0.001271,15.1,0.3348,sample_TV1760000-integrate_subtracted.dat,ok
10.25,0.6496,0.0005063,0.6473,1.90454,6.406,0.001091,5.843,0.3263,sample_TV1770000-integrate_subtracted.dat,ok
,,,,,,,,,sample_TV1780000-integrate_subtracted.dat,autorg_failed
,,,,,,,,,sample_TV1790000-integrate_subtracted.dat,autorg_failed
,,,,,,,,,sample_TV180000-integrate_subtracted.dat,autorg_failed
7.59,0.006472,8.366e-05,0.006472,2.28459,2.475,0.03528,2.474,0.6028,sample_TV1800000-integrate_subtracted.dat,ok
31.63,0.114,0.001246,0.114,7.27046,12.45,0.04887,12.47,0.6042,sample_TV1810000-integrate_subtracted.dat,ok
8.22,0.3514,0.0004776,0.3643,2.09955,5.718,0.001306,12.24,0.2743,sample_TV1820000-integrate_subtracted.dat,ok
,,,,,,,,,sample_TV1830000-integrate_subtracted.dat,autorg_failed
,,,,,,,,,sample_TV1840000-integrate_subtracted.dat,autorg_failed
,,,,,,,,,sample_TV1850000-integrate_subtracted.dat,autorg_failed
,,,,,,,,,sample_TV190000-integrate_subtracted.dat,autorg_failed
12.79,0.009439,9.071e-05,0.009439,2.27478,1.76,0.1503,1.766,0.7149,sample_TV20000-integrate_subtracted.dat,ok
9.47,0.6154,0.0004044,0.6328,1.58784,5.911,0.0006455,12.26,0.3091,sample_TV200000-integrate_subtracted.dat,ok
,,,,,,,,,sample_TV2000000-integrate_subtracted.dat,autorg_failed
5.28,0.0004721,3.409e-05,0.0004721,2.6449,0.5172,0.392,0.5166,0.5524,sample_TV2020000-integrate_subtracted.dat,ok
28.39,0.0005436,0.0004768,0.0005439,12.5359,7.51,27.47,7.069,0.5464,sample_TV2040000-integrate_subtracted.dat,ok
,,,,,,,,,sample_TV2050000-integrate_subtracted.dat,autorg_failed
9.07,0.0008473,6.75e-05,0.0008473,2.77003,1.88,0.5676,1.874,0.5855,sample_TV2060000-integrate_subtracted.dat,ok
,,,,,,,,,sample_TV2070000-integrate_subtracted.dat,autorg_failed
5.63,0.0007135,3.365e-05,0.0007135,1.08074,0.3205,0.3843,0.3216,0.4581,sample_TV2080000-integrate_subtracted.dat,ok
43.73,0.002877,0.001201,0.002877,10.9586,17.79,5.656,17.79,0.5649,sample_TV2090000-integrate_subtracted.dat,ok
3.21,0.05803,5.692e-05,0.06541,1.6101,3.0,0.0007509,3.404,0.2843,sample_TV210000-integrate_subtracted.dat,ok
5.39,0.0007441,4.457e-05,0.0007441,2.32479,0.7103,0.2974,0.7102,0.624,sample_TV2100000-integrate_subtracted.dat,ok
7.2,0.007367,4.772e-05,0.007367,1.78176,1.904,0.02949,1.904,0.636,sample_TV2120000-integrate_subtracted.dat,ok
5.0,0.005412,3.49e-05,0.005412,1.83366,1.771,0.01064,1.771,0.6939,sample_TV2130000-integrate_subtracted.dat,ok
4.74,0.003783,3.208e-05,0.003783,1.85784,1.753,0.01448,1.753,0.7207,sample_TV2140000-integrate_subtracted.dat,ok
6.33,0.003107,4.139e-05,0.003107,1.80075,1.915,0.03536,1.915,0.7015,sample_TV2150000-integrate_subtracted.dat,ok
4.57,0.002313,4.866e-05,0.002313,1.93551,1.751,0.02763,1.751,0.6563,sample_TV2160000-integrate_subtracted.dat,ok
10.47,0.001893,8.843e-05,0.001893,1.81929,1.921,0.4378,1.921,0.5494,sample_TV2170000-integrate_subtracted.dat,ok
8.45,0.04425,8.677e-05,0.04425,2.12477,2.266,0.007515,2.265,0.7496,sample_TV2190000-integrate_subtracted.dat,ok
21.63,0.5749,0.0007257,0.5749,9.55037,8.015,0.005472,8.02,0.6086,sample_TV220000-integrate_subtracted.dat,ok
7.74,0.04216,5.913e-05,0.04216,2.30205,2.361,0.005011,2.361,0.7707,sample_TV2200000-integrate_subtracted.dat,ok
8.08,0.03823,8.235e-05,0.03823,2.44538,2.484,0.007072,2.483,0.7249,sample_TV2210000-integrate_subtracted.dat,ok
10.1,0.03285,9.025e-05,0.03285,2.68908,2.816,0.01458,2.815,0.6827,sample_TV2220000-integrate_subtracted.dat,ok
10.42,0.02014,5.86e-05,0.02014,2.85482,3.062,0.01481,3.059,0.7044,sample_TV2230000-integrate_subtracted.dat,ok
43.72,0.4767,0.002967,0.4766,10.3169,13.27,0.08239,13.13,0.608,sample_TV230000-integrate_subtracted.dat,ok
44.11,0.2076,0.001919,0.2076,8.90291,11.52,0.1631,11.42,0.632,sample_TV240000-integrate_subtracted.dat,ok
3.61,0.08959,0.0001254,0.1552,1.63019,2.959,0.0008799,21.24,0.368,sample_TV250000-integrate_subtracted.dat,ok
5.55,0.3069,0.0003568,0.2776,2.03704,4.56,0.001055,19.61,0.3673,sample_TV260000-integrate_subtracted.dat,ok
4.0,0.09919,0.0001144,0.1133,1.95812,3.495,0.0008609,19.85,0.4198,sample_TV270000-integrate_subtracted.dat,ok
,,,,,,,,,sample_TV280000-integrate_subtracted.dat,autorg_failed
,,,,,,,,,sample_TV290000-integrate_subtracted.dat,autorg_failed
,,,,,,,,,sample_TV300000-integrate_subtracted.dat,autorg_failed
82.19,36.41,0.1708,36.4,19.4003,23.43,0.09465,23.25,0.6169,sample_TV310000-integrate_subtracted.dat,ok
82.56,18.79,0.09766,18.78,19.4554,23.68,0.1049,23.5,0.6212,sample_TV320000-integrate_subtracted.dat,ok
89.68,10.46,0.1094,10.46,19.4143,24.62,0.2269,24.4,0.6347,sample_TV330000-integrate_subtracted.dat,ok
,,,,,,,,,sample_TV340000-integrate_subtracted.dat,autorg_failed
61.33,0.06305,0.01029,0.06305,10.211,22.25,1.794,22.22,0.6364,sample_TV350000-integrate_subtracted.dat,ok
6.22,0.005289,6.84e-05,0.005289,2.61126,2.307,0.02133,2.307,0.4285,sample_TV360000-integrate_subtracted.dat,ok
26.4,0.8629,0.001156,0.8629,13.1053,9.546,0.006524,9.543,0.5957,sample_TV370000-integrate_subtracted.dat,ok
,,,,,,,,,sample_TV380000-integrate_subtracted.dat,autorg_failed
,,,,,,,,,sample_TV390000-integrate_subtracted.dat,autorg_failed
,,,,,,,,,sample_TV400000-integrate_subtracted.dat,autorg_failed
3.07,0.0681,7.425e-05,0.06689,1.5375,2.649,0.0008401,23.89,0.2946,sample_TV410000-integrate_subtracted.dat,ok
73.93,10.76,0.04961,10.76,18.0835,21.13,0.09091,21.0,0.6161,sample_TV420000-integrate_subtracted.dat,ok
10.33,0.1755,0.0002023,0.174,2.01556,6.506,0.001953,7.399,0.2871,sample_TV430000-integrate_subtracted.dat,ok
10.0,0.4809,0.0006237,0.4769,2.0997,6.567,0.002026,7.216,0.2709,sample_TV440000-integrate_subtracted.dat,ok
17.65,0.1829,0.0002962,0.1829,3.95679,7.759,0.003134,7.775,0.4154,sample_TV450000-integrate_subtracted.dat,ok
28.68,0.4015,0.0006869,0.4015,14.3487,10.19,0.009378,10.18,0.5858,sample_TV460000-integrate_subtracted.dat,ok
,,,,,,,,,sample_TV470000-integrate_subtracted.dat,autorg_failed
,,,,,,,,,sample_TV480000-integrate_subtracted.dat,autorg_failed
,,,,,,,,,sample_TV490000-integrate_subtracted.dat,autorg_failed
11.16,0.009099,7.27e-05,0.009099,2.02066,1.258,0.1517,1.268,0.7314,sample_TV50000-integrate_subtracted.dat,ok
2.94,0.05904,0.0001082,0.05847,1.47162,2.826,0.0008061,16.56,0.2708,sample_TV500000-integrate_subtracted.dat,ok
22.21,0.2299,0.0003559,0.2299,9.7292,8.135,0.006983,8.138,0.6062,sample_TV510000-integrate_subtracted.dat,ok
,,,,,,,,,sample_TV520000-integrate_subtracted.dat,autorg_failed
,,,,,,,,,sample_TV530000-integrate_subtracted.dat,autorg_failed
,,,,,,,,,sample_TV540000-integrate_subtracted.dat,autorg_failed
,,,,,,,,,sample_TV550000-integrate_subtracted.dat,autorg_failed
59.17,1.159,0.005825,1.159,13.8742,19.31,0.06265,19.27,0.8191,sample_TV55A0000-integrate_subtracted.dat,ok
62.96,0.6024,0.004325,0.6024,13.3625,19.54,0.1083,19.51,0.6875,sample_TV55B0000-integrate_subtracted.dat,ok
63.59,0.3117,0.004516,0.3117,13.1489,19.71,0.2134,19.68,0.871,sample_TV55C0000-integrate_subtracted.dat,ok
,,,,,,,,,sample_TV560000-integrate_subtracted.dat,autorg_failed
,,,,,,,,,sample_TV56A0000-integrate_subtracted.dat,autorg_failed
,,,,,,,,,sample_TV56B0000-integrate_subtracted.dat,autorg_failed
,,,,,,,,,sample_TV56C0000-integrate_subtracted.dat,autorg_failed
,,,,,,,,,sample_TV570000-integrate_subtracted.dat,autorg_failed
,,,,,,,,,sample_TV57A0000-integrate_subtracted.dat,autorg_failed
,,,,,,,,,sample_TV57B0000-integrate_subtracted.dat,autorg_failed
,,,,,,,,,sample_TV57C0000-integrate_subtracted.dat,autorg_failed
8.22,0.03108,0.0001488,0.03108,1.45205,4.938,0.00466,4.946,0.2672,sample_TV580000-integrate_subtracted.dat,ok
,,,,,,,,,sample_TV58A0000-integrate_subtracted.dat,autorg_failed
,,,,,,,,,sample_TV58B0000-integrate_subtracted.dat,autorg_failed
,,,,,,,,,sample_TV58C0000-integrate_subtracted.dat,autorg_failed
,,,,,,,,,sample_TV59A0000-integrate_subtracted.dat,autorg_failed
,,,,,,,,,sample_TV59B0000-integrate_subtracted.dat,autorg_failed
,,,,,,,,,sample_TV59C0000-integrate_subtracted.dat,autorg_failed
11.98,0.004011,7.918e-05,0.004011,2.27874,2.174,0.2034,2.176,0.7195,sample_TV60000-integrate_subtracted.dat,ok
75.04,37.96,0.1607,37.95,17.8173,21.33,0.07409,21.15,0.6383,sample_TV600000-integrate_subtracted.dat,ok
,,,,,,,,,sample_TV60A0000-integrate_subtracted.dat,autorg_failed
,,,,,,,,,sample_TV60B0000-integrate_subtracted.dat,autorg_failed
,,,,,,,,,sample_TV60C0000-integrate_subtracted.dat,autorg_failed
88.92,22.02,0.3138,22.02,18.6953,22.87,0.3132,22.73,0.6423,sample_TV610000-integrate_subtracted.dat,ok
,,,,,,,,,sample_TV61A0000-integrate_subtracted.dat,autorg_failed
,,,,,,,,,sample_TV61B0000-integrate_subtracted.dat,autorg_failed
,,,,,,,,,sample_TV61C0000-integrate_subtracted.dat,autorg_failed
,,,,,,,,,sample_TV620000-integrate_subtracted.dat,autorg_failed
,,,,,,,,,sample_TV62A0000-integrate_subtracted.dat,autorg_failed
,,,,,,,,,sample_TV62B0000-integrate_subtracted.dat,autorg_failed
,,,,,,,,,sample_TV62C0000-integrate_subtracted.dat,autorg_failed
6.2,0.2914,0.000273,0.2745,1.47123,4.594,0.000811,8.164,0.3279,sample_TV630000-integrate_subtracted.dat,ok
,,,,,,,,,sample_TV63A0000-integrate_subtracted.dat,autorg_failed
,,,,,,,,,sample_TV63B0000-integrate_subtracted.dat,autorg_failed
6.48,0.02555,0.0001305,0.02638,2.33611,5.113,0.007254,15.58,0.2706,sample_TV63C0000-integrate_subtracted.dat,ok
74.96,2.236,0.06377,2.236,13.2353,17.59,0.7188,17.4,0.678,sample_TV640000-integrate_subtracted.dat,ok
,,,,,,,,,sample_TV64A0000-integrate_subtracted.dat,autorg_failed
,,,,,,,,,sample_TV64B0000-integrate_subtracted.dat,autorg_failed
5.12,0.01723,0.0001132,0.01894,2.19845,4.527,0.005172,26.06,0.3095,sample_TV64C0000-integrate_subtracted.dat,ok
,,,,,,,,,sample_TV650000-integrate_subtracted.dat,autorg_failed
,,,,,,,,,sample_TV65A0000-integrate_subtracted.dat,autorg_failed
5.31,0.02384,8.247e-05,0.02892,1.29704,3.112,0.006093,5.35,0.2488,sample_TV65B0000-integrate_subtracted.dat,ok
9.16,0.05301,0.0001326,0.04967,1.89461,6.082,0.006064,13.6,0.2369,sample_TV65C0000-integrate_subtracted.dat,ok
,,,,,,,,,sample_TV660000-integrate_subtracted.dat,autorg_failed
,,,,,,,,,sample_TV66A0000-integrate_subtracted.dat,autorg_failed
5.61,0.009804,4.341e-05,0.009804,1.50615,2.01,0.008797,2.01,0.5018,sample_TV66B0000-integrate_subtracted.dat,ok
5.58,0.005791,3.249e-05,0.005791,2.14424,2.073,0.01014,2.073,0.4633,sample_TV66C0000-integrate_subtracted.dat,ok
97.01,2.663,0.1302,2.663,16.2976,22.05,1.457,21.85,0.6575,sample_TV670000-integrate_subtracted.dat,ok
,,,,,,,,,sample_TV67A0000-integrate_subtracted.dat,autorg_failed
,,,,,,,,,sample_TV67B0000-integrate_subtracted.dat,autorg_failed
10.2,0.06362,0.0001769,0.06267,2.28561,7.108,0.004254,9.115,0.2899,sample_TV67C0000-integrate_subtracted.dat,ok
82.44,1.323,0.02841,1.323,17.4435,21.69,0.4656,21.51,0.6463,sample_TV680000-integrate_subtracted.dat,ok
,,,,,,,,,sample_TV68A0000-integrate_subtracted.dat,autorg_failed
,,,,,,,,,sample_TV68B0000-integrate_subtracted.dat,autorg_failed
,,,,,,,,,sample_TV68C0000-integrate_subtracted.dat,autorg_failed
98.15,0.6791,0.08346,0.679,17.212,24.09,3.948,23.71,0.6693,sample_TV690000-integrate_subtracted.dat,ok
,,,,,,,,,sample_TV69A0000-integrate_subtracted.dat,autorg_failed
,,,,,,,,,sample_TV69B0000-integrate_subtracted.dat,autorg_failed
,,,,,,,,,sample_TV69C0000-integrate_subtracted.dat,autorg_failed
13.96,0.03575,0.0001067,0.03575,2.41083,1.526,0.07081,1.538,0.703,sample_TV70000-integrate_subtracted.dat,ok
89.53,1.842,0.0499,1.842,17.7372,24.24,0.5232,24.04,0.4862,sample_TV700000-integrate_subtracted.dat,ok
53.04,0.6787,0.003504,0.6787,10.9038,17.45,0.05731,17.45,0.5642,sample_TV70A0000-integrate_subtracted.dat,ok
56.43,0.3673,0.003181,0.3673,12.8979,18.07,0.09898,18.06,0.6275,sample_TV70B0000-integrate_subtracted.dat,ok
57.03,0.1815,0.002712,0.1815,12.6329,17.93,0.1793,17.92,0.8587,sample_TV70C0000-integrate_subtracted.dat,ok
,,,,,,,,,sample_TV710000-integrate_subtracted.dat,autorg_failed
,,,,,,,,,sample_TV71A0000-integrate_subtracted.dat,autorg_failed
,,,,,,,,,sample_TV71B0000-integrate_subtracted.dat,autorg_failed
,,,,,,,,,sample_TV71C0000-integrate_subtracted.dat,autorg_failed
,,,,,,,,,sample_TV720000-integrate_subtracted.dat,autorg_failed
,,,,,,,,,sample_TV72A0000-integrate_subtracted.dat,autorg_failed
,,,,,,,,,sample_TV72B0000-integrate_subtracted.dat,autorg_failed
,,,,,,,,,sample_TV72C0000-integrate_subtracted.dat,autorg_failed
23.7,0.6508,0.001582,0.6508,8.17586,7.697,0.01743,7.704,0.7076,sample_TV730000-integrate_subtracted.dat,ok
4.58,0.02451,0.0001011,0.02033,2.07602,4.558,0.008418,19.57,0.3197,sample_TV73A0000-integrate_subtracted.dat,ok
11.96,0.05334,0.0003298,0.05061,2.45264,8.048,0.01299,7.569,0.2659,sample_TV73B0000-integrate_subtracted.dat,ok
,,,,,,,,,sample_TV73C0000-integrate_subtracted.dat,autorg_failed
22.7,0.3165,0.001358,0.3165,7.70308,7.631,0.02869,7.639,0.9853,sample_TV740000-integrate_subtracted.dat,ok
7.35,0.04894,0.0001152,0.0532,2.79871,6.04,0.005705,19.26,0.2893,sample_TV74A0000-integrate_subtracted.dat,ok
,,,,,,,,,sample_TV74B0000-integrate_subtracted.dat,autorg_failed
,,,,,,,,,sample_TV74C0000-integrate_subtracted.dat,autorg_failed
24.46,0.1728,0.0009095,0.1728,7.82785,7.83,0.03581,7.834,0.9281,sample_TV750000-integrate_subtracted.dat,ok
,,,,,,,,,sample_TV75A0000-integrate_subtracted.dat,autorg_failed
,,,,,,,,,sample_TV75B0000-integrate_subtracted.dat,autorg_failed
,,,,,,,,,sample_TV75C0000-integrate_subtracted.dat,autorg_failed
47.61,0.4182,0.006447,0.4181,10.2624,11.83,0.2814,11.7,0.6581,sample_TV760000-integrate_subtracted.dat,ok
,,,,,,,,,sample_TV76A0000-integrate_subtracted.dat,autorg_failed
,,,,,,,,,sample_TV76B0000-integrate_subtracted.dat,autorg_failed
,,,,,,,,,sample_TV76C0000-integrate_subtracted.dat,autorg_failed
22.84,0.1181,0.0006023,0.1181,8.27258,8.091,0.03245,8.099,0.7502,sample_TV770000-integrate_subtracted.dat,ok
63.6,0.8045,0.004974,0.8045,13.7687,19.93,0.09425,19.9,0.8538,sample_TV77A0000-integrate_subtracted.dat,ok
65.08,0.4171,0.006648,0.417,14.0266,20.19,0.2505,20.17,0.8716,sample_TV77B0000-integrate_subtracted.dat,ok
69.02,0.2191,0.005738,0.2191,14.1587,20.82,0.414,20.78,0.8595,sample_TV77C0000-integrate_subtracted.dat,ok
23.4,0.09657,0.0005775,0.09658,8.73755,8.314,0.03626,8.32,0.9159,sample_TV780000-integrate_subtracted.dat,ok
,,,,,,,,,sample_TV78A0000-integrate_subtracted.dat,autorg_failed
,,,,,,,,,sample_TV78B0000-integrate_subtracted.dat,autorg_failed
4.6,0.01316,9.667e-05,0.01593,2.08768,4.004,0.007639,8.572,0.2684,sample_TV78C0000-integrate_subtracted.dat,ok
78.53,2.249,0.06962,2.249,15.2088,19.64,0.7026,19.48,0.6514,sample_TV790000-integrate_subtracted.dat,ok
,,,,,,,,,sample_TV79A0000-integrate_subtracted.dat,autorg_failed
3.87,0.01056,3.46e-05,0.01056,1.46091,1.462,0.004579,1.462,0.32,sample_TV79B0000-integrate_subtracted.dat,ok
4.8,0.006273,4.549e-05,0.006273,2.09219,1.786,0.0114,1.786,0.2812,sample_TV79C0000-integrate_subtracted.dat,ok
12.72,0.01835,8.851e-05,0.01835,2.60902,2.413,0.04831,2.415,0.7487,sample_TV80000-integrate_subtracted.dat,ok
79.3,1.246,0.02896,1.246,13.3017,20.08,0.5062,19.92,0.5276,sample_TV800000-integrate_subtracted.dat,ok
4.33,0.01409,3.267e-05,0.01409,1.8058,1.561,0.00348,1.561,0.6333,sample_TV80A0000-integrate_subtracted.dat,ok
4.5,0.008006,4.032e-05,0.008006,1.92874,1.603,0.007544,1.603,0.6054,sample_TV80B0000-integrate_subtracted.dat,ok
4.87,0.004452,3.149e-05,0.004452,2.13535,1.732,0.01415,1.732,0.6041,sample_TV80C0000-integrate_subtracted.dat,ok
84.52,0.6463,0.04285,0.6462,15.5865,20.39,1.693,20.21,0.6761,sample_TV810000-integrate_subtracted.dat,ok
4.97,0.01016,3.256e-05,0.01016,2.46917,1.601,0.006942,1.601,0.5486,sample_TV81A0000-integrate_subtracted.dat,ok
5.08,0.005586,3.959e-05,0.005586,2.25889,1.724,0.0128,1.724,0.447,sample_TV81B0000-integrate_subtracted.dat,ok
4.52,0.00314,3.086e-05,0.00314,1.96923,1.688,0.01479,1.688,0.2642,sample_TV81C0000-integrate_subtracted.dat,ok
,,,,,,,,,sample_TV820000-integrate_subtracted.dat,autorg_failed
,,,,,,,,,sample_TV82A0000-integrate_subtracted.dat,autorg_failed
,,,,,,,,,sample_TV82B0000-integrate_subtracted.dat,autorg_failed
5.01,0.0181,6.48e-05,0.01697,2.19413,4.386,0.005323,20.54,0.308,sample_TV82C0000-integrate_subtracted.dat,ok
,,,,,,,,,sample_TV830000-integrate_subtracted.dat,autorg_failed
,,,,,,,,,sample_TV83A0000-integrate_subtracted.dat,autorg_failed
,,,,,,,,,sample_TV83B0000-integrate_subtracted.dat,autorg_failed
4.65,0.0168,9.513e-05,0.0179,2.30653,4.243,0.00668,22.07,0.2991,sample_TV83C0000-integrate_subtracted.dat,ok
,,,,,,,,,sample_TV840000-integrate_subtracted.dat,autorg_failed
,,,,,,,,,sample_TV84A0000-integrate_subtracted.dat,autorg_failed
,,,,,,,,,sample_TV84B0000-integrate_subtracted.dat,autorg_failed
,,,,,,,,,sample_TV84C0000-integrate_subtracted.dat,autorg_failed
,,,,,,,,,sample_TV850000-integrate_subtracted.dat,autorg_failed
,,,,,,,,,sample_TV85A0000-integrate_subtracted.dat,autorg_failed
,,,,,,,,,sample_TV85B0000-integrate_subtracted.dat,autorg_failed
,,,,,,,,,sample_TV85C0000-integrate_subtracted.dat,autorg_failed
,,,,,,,,,sample_TV860000-integrate_subtracted.dat,autorg_failed
8.05,0.07269,0.0002222,0.07191,2.84146,7.183,0.005103,12.35,0.2748,sample_TV86A0000-integrate_subtracted.dat,ok
16.52,0.06383,0.0002459,0.06383,2.74597,9.116,0.00784,9.153,0.2632,sample_TV86B0000-integrate_subtracted.dat,ok
15.92,0.05394,0.0003536,0.04902,2.8951,10.62,0.0152,5.814,0.28,sample_TV86C0000-integrate_subtracted.dat,ok
,,,,,,,,,sample_TV870000-integrate_subtracted.dat,autorg_failed
81.32,2.011,0.03813,2.011,17.7516,22.01,0.3528,21.85,0.4767,sample_TV880000-integrate_subtracted.dat,ok
103.19,1.095,0.1254,1.094,17.165,27.08,2.82,26.7,0.6651,sample_TV890000-integrate_subtracted.dat,ok
95.89,0.4479,0.05913,0.4478,18.538,22.78,4.33,22.56,0.6636,sample_TV900000-integrate_subtracted.dat,ok
,,,,,,,,,sample_TV910000-integrate_subtracted.dat,autorg_failed
,,,,,,,,,sample_TV920000-integrate_subtracted.dat,autorg_failed
,,,,,,,,,sample_TV930000-integrate_subtracted.dat,autorg_failed
,,,,,,,,,sample_TV940000-integrate_subtracted.dat,autorg_failed
,,,,,,,,,sample_TV950000-integrate_subtracted.dat,autorg_failed
,,,,,,,,,sample_TV960000-integrate_subtracted.dat,autorg_failed
,,,,,,,,,sample_TV970000-integrate_subtracted.dat,autorg_failed
5.02,0.02787,0.0002436,0.02733,2.51508,4.927,0.005706,12.03,0.2357,sample_TV980000-integrate_subtracted.dat,ok
,,,,,,,,,sample_TV990000-integrate_subtracted.dat,autorg_failed
20.98,538.9,1.307,538.9,3.48655,4.369,0.03616,4.348,0.6136,sample_TYRE10000-integrate_subtracted.dat,ok
12.49,183.4,0.3848,183.4,2.76672,3.04,0.01457,3.038,0.6347,sample_TYRE20000-integrate_subtracted.dat,ok
7.92,71.51,0.1563,71.51,2.43807,2.49,0.006875,2.489,0.8204,sample_TYRE30000-integrate_subtracted.dat,ok
6.98,30.43,0.08567,30.43,2.32769,2.337,0.007841,2.337,0.69,sample_TYRE40000-integrate_subtracted.dat,ok
5.46,12.68,0.05958,12.68,1.98373,1.964,0.009921,1.964,0.752,sample_TYRE4_00020000-integrate_subtracted.dat,ok
40.9,36.93,2.22,36.92,6.96597,15.45,0.4775,15.38,0.6251,sample_TYRE4_00030000-integrate_subtracted.dat,ok
28.88,6.769,0.7874,6.769,11.6644,8.297,1.198,8.23,0.622,sample_TYRE4_00040000-integrate_subtracted.dat,ok
11.09,35.22,0.3212,35.22,4.06881,3.98,0.02245,3.98,0.8932,sample_TaggedP15_CD_0p50000-integrate_subtracted.dat,ok
12.62,80.95,0.5746,80.94,4.38909,4.264,0.02636,4.261,0.8821,sample_TaggedP15_CD_10000-integrate_subtracted.dat,ok
15.18,155.6,0.7569,155.6,4.50979,4.524,0.03052,4.516,0.7308,sample_TaggedP15_CD_20000-integrate_subtracted.dat,ok
22.95,370.2,1.258,370.1,4.71585,5.187,0.04086,5.155,0.696,sample_TaggedP15_CD_40000-integrate_subtracted.dat,ok
10.62,22.14,0.1993,22.14,4.24846,3.75,0.02928,3.748,0.8557,sample_TaggedP15_CDdimer_0p28750000-integrate_subtracted.dat,ok
10.76,38.28,0.2069,38.28,4.06104,3.907,0.01714,3.906,0.8872,sample_TaggedP15_CDdimer_0p5750000-integrate_subtracted.dat,ok
12.11,81.27,0.3504,81.27,4.29327,4.155,0.01672,4.151,0.881,sample_TaggedP15_CDdimer_1p150000-integrate_subtracted.dat,ok
13.59,184.0,0.5699,184.0,4.52206,4.421,0.01508,4.414,0.6969,sample_TaggedP15_CDdimer_2p30000-integrate_subtracted.dat,ok
3.24,14.48,0.07882,14.48,1.13637,1.131,0.007168,1.131,0.8681,sample_Tel22G0000-integrate_subtracted.dat,ok
3.77,19.77,0.05467,19.77,1.20939,1.202,0.005012,1.202,0.7508,sample_Tel26_CR14580000-integrate_subtracted.dat,ok
3.23,19.4,0.05055,19.4,1.23074,1.214,0.003365,1.214,0.7885,sample_Tel26_CR14870000-integrate_subtracted.dat,ok
3.48,19.45,0.04176,19.45,1.22158,1.199,0.00325,1.199,0.7959,sample_Tel26_CR15050000-integrate_subtracted.dat,ok
3.37,19.14,0.04111,19.14,1.21378,1.196,0.003128,1.196,0.8749,sample_Tel26_DMSO0000-integrate_subtracted.dat,ok
3.85,19.84,0.0553,19.84,1.17629,1.18,0.005755,1.18,0.8346,sample_Tel26_Tryp0000-integrate_subtracted.dat,ok
4.8,27.48,0.1226,27.48,1.53688,1.539,0.009417,1.539,0.8515,sample_Tel33G0000-integrate_subtracted.dat,ok
5.84,34.83,0.08645,34.83,1.9631,2.023,0.00599,2.022,0.8147,sample_Tel50_CR14580000-integrate_subtracted.dat,ok
6.03,34.52,0.08879,34.52,2.026,2.081,0.005596,2.081,0.8175,sample_Tel50_CR14870000-integrate_subtracted.dat,ok
6.66,35.29,0.124,35.29,1.93141,2.024,0.01033,2.023,0.7159,sample_Tel50_CR15050000-integrate_subtracted.dat,ok
6.8,33.59,0.1114,33.59,2.03206,2.112,0.01106,2.111,0.7002,sample_Tel50_DMSO0000-integrate_subtracted.dat,ok
6.84,34.96,0.1093,34.96,2.01178,2.089,0.009856,2.088,0.8058,sample_Tel50_Tryp0000-integrate_subtracted.dat,ok
20.7,432.0,1.207,432.0,3.54692,3.98,0.04306,3.969,0.6928,sample_TgAKMT0000-integrate_subtracted.dat,ok
13.15,264.5,0.3323,264.4,3.45847,3.626,0.008213,3.621,0.7164,sample_TgAKMT_10000-integrate_subtracted.dat,ok
11.24,155.5,0.236,155.5,3.44865,3.542,0.006951,3.539,0.7894,sample_TgAKMT_20000-integrate_subtracted.dat,ok
10.53,78.29,0.2595,78.28,3.57437,3.501,0.01178,3.499,0.8894,sample_TgAKMT_30000-integrate_subtracted.dat,ok
9.59,36.86,0.1574,36.86,3.47573,3.315,0.01278,3.314,0.9101,sample_TgAKMT_40000-integrate_subtracted.dat,ok
9.04,19.45,0.1528,19.45,3.44077,3.182,0.02679,3.182,0.8941,sample_TgAKMT_50000-integrate_subtracted.dat,ok
8.28,611.0,0.3634,611.0,3.41116,3.077,0.0009124,3.077,0.5981,sample_TgAKMT_H30000-integrate_subtracted.dat,ok
14.72,453.9,0.9251,453.9,3.51163,3.818,0.01546,3.813,0.6783,sample_TgAKMT_SAH0000-integrate_subtracted.dat,ok
11.73,508.7,0.7395,508.7,3.40475,3.456,0.007507,3.454,0.6646,sample_TgAKMT_SAH_H30000-integrate_subtracted.dat,ok
,,,,,,,,,sample_TgAKMT_SAM0000-integrate_subtracted.dat,autorg_failed
15.57,192.6,0.7544,192.6,3.63939,4.283,0.0294,4.275,0.6248,sample_TgAKMT_SAM250uM0000-integrate_subtracted.dat,ok
20.15,594.0,1.052,594.0,3.38467,3.744,0.02751,3.736,0.6792,sample_TgAKMT_SFG0000-integrate_subtracted.dat,ok
25.68,689.0,1.122,689.0,8.28084,8.558,0.01418,8.532,0.8136,sample_TrwA_DNA0000-integrate_subtracted.dat,ok
28.19,340.2,0.9846,340.2,8.32564,8.69,0.0303,8.659,0.7772,sample_TrwA_DNA_00020000-integrate_subtracted.dat,ok
24.52,158.8,0.5735,158.7,8.24028,8.442,0.02463,8.418,0.8184,sample_TrwA_DNA_00030000-integrate_subtracted.dat,ok
24.02,74.35,0.4236,74.35,8.20174,8.29,0.03727,8.268,0.7794,sample_TrwA_DNA_00040000-integrate_subtracted.dat,ok
16.09,310.8,0.3152,310.8,5.06077,5.071,0.006917,5.069,0.8939,sample_TrwA_IHF_10000-integrate_subtracted.dat,ok
15.35,159.3,0.2354,159.3,5.07743,5.069,0.00865,5.068,0.8975,sample_TrwA_IHF_1_00020000-integrate_subtracted.dat,ok
16.62,83.5,0.2432,83.5,5.07668,5.104,0.01753,5.103,0.8613,sample_TrwA_IHF_1_00030000-integrate_subtracted.dat,ok
13.89,40.37,0.2186,40.37,5.03303,4.967,0.02407,4.966,0.8866,sample_TrwA_IHF_1_00040000-integrate_subtracted.dat,ok
17.07,370.2,0.4404,370.2,5.01491,5.018,0.009328,5.017,0.941,sample_TrwA_IHF_20000-integrate_subtracted.dat,ok
17.34,186.3,0.5708,186.3,5.05886,5.039,0.0226,5.038,0.9483,sample_TrwA_IHF_2_00020000-integrate_subtracted.dat,ok
16.48,96.1,0.2658,96.1,5.03262,5.039,0.01944,5.038,0.9664,sample_TrwA_IHF_2_00030000-integrate_subtracted.dat,ok
16.23,47.69,0.2951,47.69,4.98832,5.059,0.03504,5.057,0.9143,sample_TrwA_IHF_2_00040000-integrate_subtracted.dat,ok
25.14,521.2,1.368,521.2,5.63471,6.182,0.03216,6.156,0.6963,sample_TrwB_TrwA_IHF_DNA0000-integrate_subtracted.dat,ok
16.67,241.0,0.5345,241.0,5.54094,5.395,0.01481,5.392,0.8426,sample_TrwB_TrwA_IHF_DNA_00020000-integrate_subtracted.dat,ok
16.94,115.7,0.276,115.7,5.32085,5.31,0.01504,5.308,0.9265,sample_TrwB_TrwA_IHF_DNA_00030000-integrate_subtracted.dat,ok
18.02,56.43,0.2899,56.43,5.28095,5.393,0.03324,5.39,0.8733,sample_TrwB_TrwA_IHF_DNA_00040000-integrate_subtracted.dat,ok
55.31,3683.0,46.37,3683.0,10.6322,13.44,0.2522,13.32,0.69,sample_Tub_100000-integrate_subtracted.dat,ok
,,,,,,,,,sample_Tub_original0000-integrate_subtracted.dat,autorg_failed
,,,,,,,,,sample_Tyr2a0000-integrate_subtracted.dat,autorg_failed
6.09,235.3,0.07268,235.3,1.93248,2.182,0.0005808,2.182,0.672,sample_Tyr2a_00020000-integrate_subtracted.dat,ok
12.55,123.8,0.2001,123.8,2.10559,1.29,0.03567,1.321,0.5959,sample_Tyr2a_00030000-integrate_subtracted.dat,ok
41.83,13.89,0.8192,13.89,12.3411,12.96,0.4892,12.93,0.7383,sample_Tyr2a_00040000-integrate_subtracted.dat,ok
,,,,,,,,,sample_UB_0pt830000-integrate_subtracted.dat,autorg_failed
4.17,7.51,0.2807,7.51,1.65133,1.602,0.06091,1.602,0.5991,sample_UB_3pt20000-integrate_subtracted.dat,ok
,,,,,,,,,sample_UPRT_A10000-integrate_subtracted.dat,autorg_failed
,,,,,,,,,sample_UPRT_A20000-integrate_subtracted.dat,autorg_failed
29.95,593.3,2.701,593.2,8.20841,8.998,0.04498,8.919,0.6834,sample_UPRT_A30000-integrate_subtracted.dat,ok
27.78,578.0,3.049,577.9,8.36256,8.559,0.04464,8.493,0.7269,sample_UPRT_A40000-integrate_subtracted.dat,ok
25.59,147.3,1.762,147.3,5.4549,6.646,0.124,6.576,0.6629,sample_UPRT_A50000-integrate_subtracted.dat,ok
31.1,154.3,2.036,154.2,5.65859,7.015,0.2025,6.945,0.6832,sample_UPRT_A60000-integrate_subtracted.dat,ok
26.37,56.89,0.9036,56.88,4.77374,5.613,0.2295,5.558,0.6795,sample_UPRT_A70000-integrate_subtracted.dat,ok
25.93,61.17,0.6188,61.16,4.47968,6.213,0.1238,6.132,0.6654,sample_UPRT_A80000-integrate_subtracted.dat,ok
,,,,,,,,,sample_UPRT_B10000-integrate_subtracted.dat,autorg_failed
,,,,,,,,,sample_UPRT_B20000-integrate_subtracted.dat,autorg_failed
41.35,680.8,8.658,680.7,8.33414,9.562,0.2328,9.477,0.6927,sample_UPRT_B30000-integrate_subtracted.dat,ok
28.16,643.0,3.621,642.9,7.88559,8.541,0.05101,8.467,0.6922,sample_UPRT_B40000-integrate_subtracted.dat,ok
31.73,176.2,2.414,176.2,5.94583,7.121,0.2204,7.045,0.6794,sample_UPRT_B50000-integrate_subtracted.dat,ok
31.28,179.7,2.896,179.7,6.10427,7.156,0.2481,7.088,0.6858,sample_UPRT_B60000-integrate_subtracted.dat,ok
29.77,69.4,0.9132,69.4,5.21305,6.353,0.2128,6.282,0.6824,sample_UPRT_B70000-integrate_subtracted.dat,ok
27.28,68.52,1.109,68.51,5.23529,6.352,0.2127,6.28,0.6873,sample_UPRT_B80000-integrate_subtracted.dat,ok
,,,,,,,,,sample_UPRT_C10000-integrate_subtracted.dat,autorg_failed
,,,,,,,,,sample_UPRT_C20000-integrate_subtracted.dat,autorg_failed
27.25,567.7,3.296,567.6,8.32275,8.528,0.04984,8.462,0.7101,sample_UPRT_C30000-integrate_subtracted.dat,ok
34.94,598.3,5.854,598.2,8.29587,9.201,0.1265,9.125,0.7112,sample_UPRT_C40000-integrate_subtracted.dat,ok
33.83,155.6,2.697,155.6,6.02058,7.297,0.3055,7.222,0.6252,sample_UPRT_C50000-integrate_subtracted.dat,ok
31.06,159.1,2.906,159.1,5.1714,7.168,0.2824,7.08,0.6782,sample_UPRT_C60000-integrate_subtracted.dat,ok
13.42,55.68,0.413,55.68,4.58303,4.336,0.03544,4.325,0.7324,sample_UPRT_C70000-integrate_subtracted.dat,ok
24.24,64.23,1.321,64.21,4.60101,5.907,0.2414,5.837,0.679,sample_UPRT_C80000-integrate_subtracted.dat,ok
,,,,,,,,,sample_UPRT_D10000-integrate_subtracted.dat,autorg_failed
,,,,,,,,,sample_UPRT_D20000-integrate_subtracted.dat,autorg_failed
26.91,586.1,2.929,586.0,7.5741,7.856,0.04975,7.787,0.6636,sample_UPRT_D30000-integrate_subtracted.dat,ok
44.05,627.5,10.1,627.4,7.32662,9.065,0.3259,8.984,0.6862,sample_UPRT_D40000-integrate_subtracted.dat,ok
19.25,183.6,1.085,183.6,5.61371,5.928,0.0385,5.89,0.6903,sample_UPRT_D50000-integrate_subtracted.dat,ok
32.31,196.0,2.937,196.0,5.83523,6.927,0.2624,6.856,0.6853,sample_UPRT_D60000-integrate_subtracted.dat,ok
31.97,78.6,1.455,78.59,5.36314,6.937,0.3004,6.849,0.6796,sample_UPRT_D70000-integrate_subtracted.dat,ok
26.13,74.95,0.9438,74.94,4.90584,6.397,0.134,6.312,0.6442,sample_UPRT_D80000-integrate_subtracted.dat,ok
28.94,199.2,1.709,199.1,9.64729,9.495,0.06368,9.438,0.7763,sample_V0000-integrate_subtracted.dat,ok
19.92,1066.0,2.345,1066.0,3.73952,4.007,0.02991,3.987,0.6443,sample_VLCAD_WT_9mgmL0000-integrate_subtracted.dat,ok
3.53,5.133,0.04834,5.133,1.03077,1.542,0.01003,1.541,0.0941,sample_VLP_5mM_CaCl20000-integrate_subtracted.dat,ok
3.99,30.08,0.1613,37.49,1.7662,3.338,0.005179,10.6,0.2395,sample_VLP_5mM_MgCl20000-integrate_subtracted.dat,ok
4.67,27.37,0.188,17.54,1.01493,3.416,0.01582,18.14,0.2489,sample_VLP_5mM_MgCl2_5mM_CaCl20000-integrate_subtracted.dat,ok
,,,,,,,,,sample_VLP_PO1D_0p1250000-integrate_subtracted.dat,autorg_failed
3.87,0.9236,0.03611,0.9236,1.65599,0.3815,0.2033,0.3811,0.5913,sample_VLP_PO1D_0p250000-integrate_subtracted.dat,ok
18.07,0.9091,0.2654,0.9092,5.40031,4.32,4.276,4.283,0.6016,sample_VLP_PO1D_0p50000-integrate_subtracted.dat,ok
2.93,0.971,0.02473,0.971,1.12481,0.8151,0.05017,0.815,0.5492,sample_VLP_PO1E_0p1250000-integrate_subtracted.dat,ok
62.3,82.26,3.192,82.27,15.5183,24.07,0.3071,24.13,0.876,sample_VLP_PO1E_0p250000-integrate_subtracted.dat,ok
3.23,1.726,0.031,1.726,1.40787,1.245,0.02334,1.245,0.298,sample_VLP_PO1E_0p50000-integrate_subtracted.dat,ok
3.95,7.117,0.09214,7.002,1.9784,3.147,0.01396,15.38,0.2313,sample_VLP_PO1E_stock0000-integrate_subtracted.dat,ok
3.2,2.416,0.02972,2.416,1.1111,1.382,0.0118,1.382,0.0962,sample_VLP_PO1E_stock_20000-integrate_subtracted.dat,ok
4.98,3.616,0.04929,3.616,1.00312,2.275,0.01736,2.275,0.0992,sample_VLP_PO1E_stock_30000-integrate_subtracted.dat,ok
87.29,3964.0,143.8,3963.0,17.3236,25.9,0.5974,25.77,0.6523,sample_VLT10000-integrate_subtracted.dat,ok
69.6,1230.0,48.2,1230.0,12.6541,23.39,0.4644,23.24,0.489,sample_VLT30000-integrate_subtracted.dat,ok
,,,,,,,,,sample_VLT40000-integrate_subtracted.dat,autorg_failed
82.13,440.6,48.98,440.5,17.7982,28.16,1.438,28.01,0.6243,sample_VLT50000-integrate_subtracted.dat,ok
,,,,,,,,,sample_VLT60000-integrate_subtracted.dat,autorg_failed
,,,,,,,,,sample_VLT70000-integrate_subtracted.dat,autorg_failed
54.97,305.9,12.91,305.9,11.7871,14.38,0.6291,14.29,0.6834,sample_V_DNA_K0000-integrate_subtracted.dat,ok
,,,,,,,,,sample_V_K0000-integrate_subtracted.dat,autorg_failed
61.17,733.4,139.9,733.4,15.1467,22.87,1.568,22.91,0.8783,sample_W135_300000-integrate_subtracted.dat,ok
7.27,33.13,1.322,33.13,1.31194,3.761,0.05303,3.76,0.3025,sample_W135_450000-integrate_subtracted.dat,ok
6.85,32.86,1.058,32.86,1.13867,4.076,0.03515,4.079,0.2022,sample_W135_600000-integrate_subtracted.dat,ok
,,,,,,,,,sample_W140_300000-integrate_subtracted.dat,autorg_failed
7.87,29.79,1.434,29.79,1.30971,3.467,0.1028,3.465,0.5284,sample_W140_450000-integrate_subtracted.dat,ok
7.58,31.61,1.493,31.61,1.30876,3.719,0.06336,3.718,0.4378,sample_W140_600000-integrate_subtracted.dat,ok
,,,,,,,,,sample_W145_300000-integrate_subtracted.dat,autorg_failed
2.07,29.94,0.3368,29.94,1.03868,0.9819,0.00716,0.982,0.2462,sample_W145_450000-integrate_subtracted.dat,ok
,,,,,,,,,sample_W145_600000-integrate_subtracted.dat,autorg_failed
,,,,,,,,,sample_W210000-integrate_subtracted.dat,autorg_failed
,,,,,,,,,sample_W310000-integrate_subtracted.dat,autorg_failed
,,,,,,,,,sample_W3_2_cd0000-integrate_subtracted.dat,autorg_failed
,,,,,,,,,sample_W410000-integrate_subtracted.dat,autorg_failed
7.74,25.69,1.51,25.69,1.54872,3.639,0.08061,3.637,0.4445,sample_W4_2_cd0000-integrate_subtracted.dat,ok
7.76,41.53,1.491,41.53,1.2924,3.707,0.04665,3.707,0.4042,sample_W4_50000-integrate_subtracted.dat,ok
,,,,,,,,,sample_W510000-integrate_subtracted.dat,autorg_failed
,,,,,,,,,sample_W610000-integrate_subtracted.dat,autorg_failed
,,,,,,,,,sample_W710000-integrate_subtracted.dat,autorg_failed
,,,,,,,,,sample_W7_2_cd0000-integrate_subtracted.dat,autorg_failed
,,,,,,,,,sample_W810000-integrate_subtracted.dat,autorg_failed
7.5,42.45,1.521,42.45,1.5512,4.012,0.03553,4.013,0.24,sample_W8_2_cd0000-integrate_subtracted.dat,ok
3.42,12.14,0.5055,12.14,1.4384,1.405,0.05037,1.405,0.6091,sample_W910000-integrate_subtracted.dat,ok
7.48,17.2,0.1488,17.2,2.9072,2.709,0.01791,2.709,0.8855,sample_WT_0N_10000-integrate_subtracted.dat,ok
9.12,27.63,0.1767,27.63,2.91714,2.917,0.0203,2.915,0.7926,sample_WT_0N_1p50000-integrate_subtracted.dat,ok
8.51,34.77,0.1461,34.77,2.90761,2.863,0.01248,2.861,0.8724,sample_WT_0N_20000-integrate_subtracted.dat,ok
2.93,1.438,0.02601,1.438,1.18153,1.073,0.02793,1.073,0.5412,sample_WT_0p140000-integrate_subtracted.dat,ok
6.2,2.914,0.05528,2.914,1.20965,1.354,0.1066,1.354,0.5441,sample_WT_0p250000-integrate_subtracted.dat,ok
6.71,34.85,0.153,34.85,2.18449,2.439,0.00944,2.439,0.3011,sample_WT_0p25_FE65_10000-integrate_subtracted.dat,ok
4.92,2.613,0.03776,2.613,1.1739,1.355,0.05008,1.355,0.5994,sample_WT_0p280000-integrate_subtracted.dat,ok
5.64,42.35,0.156,42.35,2.30385,2.138,0.005696,2.138,0.5156,sample_WT_0p50000-integrate_subtracted.dat,ok
8.29,17.43,0.1161,17.43,1.66949,1.898,0.04436,1.897,0.6681,sample_WT_0p560000-integrate_subtracted.dat,ok
6.68,40.88,0.1552,40.88,2.17488,2.404,0.00848,2.404,0.3057,sample_WT_0p5_FE65_10000-integrate_subtracted.dat,ok
6.27,138.3,0.2061,138.3,2.23696,2.272,0.002385,2.272,0.5749,sample_WT_10000-integrate_subtracted.dat,ok
10.56,19.91,0.2104,19.91,3.60713,3.514,0.03723,3.51,0.8178,sample_WT_100N_1p160000-integrate_subtracted.dat,ok
10.86,32.05,0.2093,32.05,3.68564,3.613,0.02492,3.608,0.7795,sample_WT_100N_1p710000-integrate_subtracted.dat,ok
11.12,41.66,0.3073,41.66,3.70615,3.559,0.02599,3.555,0.7189,sample_WT_100N_2p310000-integrate_subtracted.dat,ok
11.6,20.48,0.1766,20.48,3.73998,3.685,0.03023,3.681,0.7882,sample_WT_150N_1p290000-integrate_subtracted.dat,ok
10.79,32.76,0.1813,32.76,3.62586,3.605,0.01906,3.601,0.8178,sample_WT_150N_1p900000-integrate_subtracted.dat,ok
16.16,57.73,0.3878,57.73,3.1301,3.761,0.0742,3.738,0.6451,sample_WT_150N_2p570000-integrate_subtracted.dat,ok
5.67,61.61,0.1432,61.61,2.31934,2.151,0.003563,2.151,0.5197,sample_WT_1_20000-integrate_subtracted.dat,ok
4.91,43.24,0.1045,43.24,2.09663,1.959,0.003493,1.959,0.2951,sample_WT_1_FE65_10000-integrate_subtracted.dat,ok
8.22,20.43,0.08281,20.43,1.64392,1.86,0.0256,1.859,0.5946,sample_WT_1p120000-integrate_subtracted.dat,ok
6.26,110.3,0.1594,110.3,2.52819,2.347,0.002553,2.347,0.5263,sample_WT_20000-integrate_subtracted.dat,ok
10.24,25.24,0.1632,25.24,3.59189,3.484,0.0202,3.48,0.8041,sample_WT_200N_1p580000-integrate_subtracted.dat,ok
10.83,37.96,0.2363,37.96,3.61071,3.623,0.0201,3.618,0.7872,sample_WT_200N_2p330000-integrate_subtracted.dat,ok
18.75,61.25,0.7223,61.25,3.25847,3.798,0.1678,3.778,0.6577,sample_WT_200N_3p150000-integrate_subtracted.dat,ok
5.33,54.91,0.1151,54.91,2.28862,2.023,0.003017,2.023,0.3488,sample_WT_2_FE65_10000-integrate_subtracted.dat,ok
6.01,4.249,0.04327,4.249,1.28786,1.35,0.05879,1.35,0.5675,sample_WT_2p250000-integrate_subtracted.dat,ok
7.83,38.98,0.1962,38.98,1.60238,1.527,0.03544,1.528,0.6042,sample_WT_40000-integrate_subtracted.dat,ok
8.48,8.409,0.06364,8.409,1.48438,1.74,0.05392,1.739,0.6206,sample_WT_4p50000-integrate_subtracted.dat,ok
9.31,18.91,0.2174,18.91,3.54708,3.26,0.02735,3.259,0.865,sample_WT_50N_1p160000-integrate_subtracted.dat,ok
9.72,20.5,0.1689,20.5,3.48369,3.257,0.02635,3.254,0.7332,sample_WT_50N_1p16_t370000-integrate_subtracted.dat,ok
8.25,18.42,0.1254,18.42,3.33323,2.954,0.01848,2.953,0.8543,sample_WT_50N_1p16_t500000-integrate_subtracted.dat,ok
10.51,29.88,0.1936,29.88,3.42081,3.375,0.02247,3.371,0.7384,sample_WT_50N_1p37_t370000-integrate_subtracted.dat,ok
9.56,28.02,0.1734,28.02,3.26344,3.173,0.01881,3.171,0.8495,sample_WT_50N_1p37_t500000-integrate_subtracted.dat,ok
10.11,29.67,0.1798,29.67,3.5178,3.387,0.01825,3.384,0.8648,sample_WT_50N_1p710000-integrate_subtracted.dat,ok
13.18,55.37,0.4345,55.37,2.79784,3.28,0.06457,3.266,0.629,sample_WT_50N_2p31_t370000-integrate_subtracted.dat,ok
13.51,52.99,0.2962,52.99,2.43969,3.216,0.05165,3.201,0.6363,sample_WT_50N_2p31_t500000-integrate_subtracted.dat,ok
10.02,78.94,0.3321,78.94,1.68021,2.216,0.03815,2.202,0.6101,sample_WT_80000-integrate_subtracted.dat,ok
4.62,24.97,0.09408,24.97,1.50556,1.555,0.007308,1.555,0.7648,sample_WT_stock0000-integrate_subtracted.dat,ok
,,,,,,,,,sample_W_100000-integrate_subtracted.dat,autorg_failed
,,,,,,,,,sample_W_110000-integrate_subtracted.dat,autorg_failed
,,,,,,,,,sample_W_120000-integrate_subtracted.dat,autorg_failed
,,,,,,,,,sample_W_130000-integrate_subtracted.dat,autorg_failed
,,,,,,,,,sample_W_140000-integrate_subtracted.dat,autorg_failed
10.24,0.007248,0.000131,0.007248,1.70489,4.859,0.02832,4.868,0.1793,sample_W_150000-integrate_subtracted.dat,ok
38.08,0.02549,0.001992,0.02549,6.7748,15.49,0.3485,15.53,0.6831,sample_W_160000-integrate_subtracted.dat,ok
,,,,,,,,,sample_W_170000-integrate_subtracted.dat,autorg_failed
,,,,,,,,,sample_W_180000-integrate_subtracted.dat,autorg_failed
,,,,,,,,,sample_W_190000-integrate_subtracted.dat,autorg_failed
,,,,,,,,,sample_W_200000-integrate_subtracted.dat,autorg_failed
,,,,,,,,,sample_W_220000-integrate_subtracted.dat,autorg_failed
,,,,,,,,,sample_W_60000-integrate_subtracted.dat,autorg_failed
,,,,,,,,,sample_W_70000-integrate_subtracted.dat,autorg_failed
,,,,,,,,,sample_W_80000-integrate_subtracted.dat,autorg_failed
,,,,,,,,,sample_W_90000-integrate_subtracted.dat,autorg_failed
,,,,,,,,,sample_Water_buffer0000-integrate_subtracted.dat,autorg_failed
6.87,12.93,0.4936,12.93,1.14407,2.231,0.1237,2.227,0.5423,sample_WithBH2_10000-integrate_subtracted.dat,ok
5.81,12.19,0.2693,12.19,2.07129,1.952,0.05171,1.951,0.6954,sample_WithBH2_20000-integrate_subtracted.dat,ok
4.56,4.78,0.2469,4.78,1.35828,1.481,0.1073,1.481,0.6795,sample_WithBH2_30000-integrate_subtracted.dat,ok
7.02,5.311,0.4617,5.311,2.25437,2.24,0.366,2.237,0.6037,sample_WithBH2_40000-integrate_subtracted.dat,ok
5.9,43.04,0.3592,43.04,2.34133,2.087,0.01904,2.087,0.7838,sample_WithBH8_10000-integrate_subtracted.dat,ok
9.2,14.15,0.5361,14.15,1.8352,2.537,0.2065,2.53,0.5727,sample_WithBH8_20000-integrate_subtracted.dat,ok
4.51,6.674,0.2455,6.674,1.35862,1.517,0.07646,1.516,0.492,sample_WithBH8_30000-integrate_subtracted.dat,ok
,,,,,,,,,sample_WithBH8_40000-integrate_subtracted.dat,autorg_failed
5.87,43.5,0.4217,43.5,2.36886,2.073,0.02021,2.072,0.7282,sample_WithVS192_10000-integrate_subtracted.dat,ok
7.64,19.96,0.4911,19.96,1.5804,2.248,0.118,2.244,0.4797,sample_WithVS192_20000-integrate_subtracted.dat,ok
,,,,,,,,,sample_WithVS192_30000-integrate_subtracted.dat,autorg_failed
49.54,82.08,12.18,82.08,10.1495,16.9,1.569,16.9,0.7054,sample_WithVS192_40000-integrate_subtracted.dat,ok
5.34,41.95,0.2798,41.95,2.13666,1.952,0.01179,1.951,0.6818,sample_WithVS199_10000-integrate_subtracted.dat,ok
8.38,15.64,0.4588,15.64,1.965,2.462,0.1216,2.457,0.5168,sample_WithVS199_20000-integrate_subtracted.dat,ok
3.55,6.375,0.1894,6.375,1.30218,1.305,0.04182,1.305,0.5616,sample_WithVS199_30000-integrate_subtracted.dat,ok
2.96,6.562,0.134,6.562,1.02154,0.8241,0.04383,0.8238,0.5576,sample_WithVS199_40000-integrate_subtracted.dat,ok
10.75,53.36,0.7109,53.36,2.05129,2.59,0.09498,2.582,0.6333,sample_WithVS208_10000-integrate_subtracted.dat,ok
9.16,19.41,0.6282,19.41,1.67639,2.287,0.1669,2.281,0.5957,sample_WithVS208_20000-integrate_subtracted.dat,ok
5.02,9.747,0.3166,9.747,1.03837,1.435,0.09643,1.434,0.5786,sample_WithVS208_30000-integrate_subtracted.dat,ok
,,,,,,,,,sample_WithVS208_40000-integrate_subtracted.dat,autorg_failed
5.44,44.01,0.3731,44.01,2.10418,1.943,0.01459,1.943,0.7387,sample_WithVS222_10000-integrate_subtracted.dat,ok
5.36,16.49,0.3903,16.49,1.96538,1.864,0.04431,1.863,0.679,sample_WithVS222_20000-integrate_subtracted.dat,ok
,,,,,,,,,sample_WithVS222_30000-integrate_subtracted.dat,autorg_failed
,,,,,,,,,sample_WithVS222_40000-integrate_subtracted.dat,autorg_failed
5.98,45.43,0.5214,45.43,2.1567,2.118,0.02151,2.117,0.7359,sample_WithVS225_10000-integrate_subtracted.dat,ok
65.52,283.0,80.36,283.0,11.8099,23.23,2.768,23.19,0.6905,sample_WithVS225_20000-integrate_subtracted.dat,ok
4.79,12.37,0.3812,12.37,1.00743,1.452,0.08574,1.451,0.5334,sample_WithVS225_30000-integrate_subtracted.dat,ok
,,,,,,,,,sample_WithVS225_40000-integrate_subtracted.dat,autorg_failed
,,,,,,,,,sample_XD0000-integrate_subtracted.dat,autorg_failed
,,,,,,,,,sample_XDDTT0000-integrate_subtracted.dat,autorg_failed
11.94,31.49,0.149,31.49,4.37804,4.166,0.01477,4.165,0.899,sample_XIAP0000-integrate_subtracted.dat,ok
12.53,64.08,0.2538,64.08,4.4701,4.315,0.01758,4.312,0.9072,sample_XIAP20000-integrate_subtracted.dat,ok
14.89,234.9,0.7696,234.9,4.61481,4.697,0.01854,4.691,0.8817,sample_XIAP30000-integrate_subtracted.dat,ok
16.03,367.1,0.7013,367.1,4.54914,4.641,0.01397,4.636,0.8435,sample_XIAP40000-integrate_subtracted.dat,ok
14.1,0.07731,0.0003755,0.07731,3.75232,4.013,0.03233,4.001,0.6582,sample_XIAP_ALS53_00020000-integrate_subtracted.dat,ok
,,,,,,,,,sample_XN0000-integrate_subtracted.dat,autorg_failed
,,,,,,,,,sample_XNDTT0000-integrate_subtracted.dat,autorg_failed
2.96,0.6262,0.0001167,0.6262,1.00465,1.009,0.0001713,1.009,0.5865,sample_YK_10000-integrate_subtracted.dat,ok
3.03,0.7651,0.0001645,0.7651,1.00339,0.9946,0.0002648,0.9946,0.5806,sample_YK_100000-integrate_subtracted.dat,ok
,,,,,,,,,sample_YK_110000-integrate_subtracted.dat,autorg_failed
3.02,0.7313,0.0001825,0.7313,1.00527,0.9955,0.0002836,0.9956,0.5854,sample_YK_120000-integrate_subtracted.dat,ok
,,,,,,,,,sample_YK_130000-integrate_subtracted.dat,autorg_failed
2.96,0.6117,0.0001443,0.6117,1.00561,1.01,0.0002497,1.01,0.5858,sample_YK_140000-integrate_subtracted.dat,ok
28.85,60.34,0.02276,60.34,7.6641,8.61,0.003297,8.607,0.6313,sample_YK_150000-integrate_subtracted.dat,ok
,,,,,,,,,sample_YK_160000-integrate_subtracted.dat,autorg_failed
4.29,1.18,0.0003201,1.18,2.13141,1.446,0.0003527,1.445,0.4362,sample_YK_170000-integrate_subtracted.dat,ok
5.24,1.177,0.0003545,1.177,2.59962,1.87,0.0004111,1.869,0.4072,sample_YK_180000-integrate_subtracted.dat,ok
4.47,0.7383,0.0002059,0.7383,2.2184,1.337,0.0004614,1.337,0.3791,sample_YK_190000-integrate_subtracted.dat,ok
21.67,6.903,0.002726,6.903,5.4991,7.361,0.002014,7.363,0.6045,sample_YK_20000-integrate_subtracted.dat,ok
3.25,0.699,0.0001795,0.699,1.07469,1.143,0.0002837,1.143,0.493,sample_YK_200000-integrate_subtracted.dat,ok
89.26,148.8,0.7706,148.8,17.2864,22.6,0.1176,22.41,0.6128,sample_YK_210000-integrate_subtracted.dat,ok
,,,,,,,,,sample_YK_220000-integrate_subtracted.dat,autorg_failed
,,,,,,,,,sample_YK_230000-integrate_subtracted.dat,autorg_failed
,,,,,,,,,sample_YK_240000-integrate_subtracted.dat,autorg_failed
,,,,,,,,,sample_YK_250000-integrate_subtracted.dat,autorg_failed
95.92,26.44,0.5255,26.44,16.4602,23.56,0.4947,23.29,0.6323,sample_YK_260000-integrate_subtracted.dat,ok
,,,,,,,,,sample_YK_270000-integrate_subtracted.dat,autorg_failed
,,,,,,,,,sample_YK_280000-integrate_subtracted.dat,autorg_failed
21.29,28.75,0.00885,28.75,5.84806,7.367,0.001494,7.366,0.6115,sample_YK_290000-integrate_subtracted.dat,ok
14.59,6.335,0.001284,6.335,7.24173,4.32,0.0006434,4.319,0.5151,sample_YK_30000-integrate_subtracted.dat,ok
18.65,22.04,0.005469,22.04,4.79581,6.528,0.001098,6.528,0.6111,sample_YK_300000-integrate_subtracted.dat,ok
6.24,0.05637,6.71e-05,0.05637,1.08393,1.311,0.00548,1.311,0.6361,sample_YK_40000-integrate_subtracted.dat,ok
3.32,0.178,6.864e-05,0.178,1.06289,1.044,0.000623,1.044,0.3434,sample_YK_50000-integrate_subtracted.dat,ok
3.3,0.2066,5.637e-05,0.2066,1.0549,1.024,0.0004917,1.024,0.3276,sample_YK_60000-integrate_subtracted.dat,ok
17.93,0.933,0.001772,0.933,3.12128,3.544,0.02733,3.536,0.6681,sample_YK_70000-integrate_subtracted.dat,ok
3.01,0.6599,0.0002439,0.6599,1.00353,1.014,0.0004363,1.014,0.5859,sample_YK_80000-integrate_subtracted.dat,ok
,,,,,,,,,sample_YK_90000-integrate_subtracted.dat,autorg_failed
29.37,1971.0,7.789,1971.0,7.60818,8.086,0.04659,8.019,0.6227,sample_YQ0000-integrate_subtracted.dat,ok
21.84,730.5,3.222,730.4,6.51836,6.632,0.03426,6.586,0.6964,sample_YQGFP0000-integrate_subtracted.dat,ok
6.72,10.48,0.1181,10.48,2.05166,2.018,0.03493,2.018,0.5908,sample_YabG_0pt470000-integrate_subtracted.dat,ok
7.74,23.62,0.1306,23.62,2.49719,2.413,0.01694,2.412,0.8479,sample_YabG_1pt050000-integrate_subtracted.dat,ok
12.17,60.96,0.251,60.95,2.68941,3.263,0.02642,3.252,0.6328,sample_YabG_2pt30000-integrate_subtracted.dat,ok
15.73,104.0,0.5502,104.0,2.61539,3.81,0.05302,3.779,0.6083,sample_YabG_3pt60000-integrate_subtracted.dat,ok
14.69,165.4,0.6135,165.4,2.6645,3.927,0.03052,3.901,0.6027,sample_YabG_5pt50000-integrate_subtracted.dat,ok
6.78,164.4,0.171,164.4,2.5835,2.452,0.001551,2.452,0.5961,sample_YabG_6pt90000-integrate_subtracted.dat,ok
16.74,22.33,0.3678,22.33,5.97015,5.645,0.05711,5.634,0.859,sample_ZAHDC0000-integrate_subtracted.dat,ok
,,,,,,,,,sample_ZAHDC_00020000-integrate_subtracted.dat,autorg_failed
18.96,157.1,0.8949,157.1,6.83586,6.278,0.03676,6.259,0.8538,sample_ZAHDC_00030000-integrate_subtracted.dat,ok
16.21,0.02644,0.000337,0.02647,2.8376,7.051,0.1306,6.696,0.5951,sample_a10000-integrate_subtracted.dat,ok
15.31,0.03266,0.0003027,0.03265,4.38979,4.743,0.05038,4.725,0.6435,sample_a20000-integrate_subtracted.dat,ok
15.89,17620.0,5.523,17620.0,4.85384,5.183,0.001299,5.185,0.6014,sample_aA_100mg0000-integrate_subtracted.dat,ok
80.74,16280.0,337.5,16280.0,13.6532,19.11,0.563,18.94,0.687,sample_aA_20mg0000-integrate_subtracted.dat,ok
14.29,9455.0,3.42,9455.0,5.39596,5.303,0.0008875,5.305,0.6122,sample_aA_40mg0000-integrate_subtracted.dat,ok
44.15,481.7,5.185,481.7,7.35048,10.51,0.2143,10.37,0.66,sample_aB_1mg0000-integrate_subtracted.dat,ok
72.26,19730.0,194.8,19720.0,14.4526,18.39,0.2256,18.17,0.669,sample_aB_20mg0000-integrate_subtracted.dat,ok
77.18,39610.0,352.8,39600.0,15.1741,19.51,0.216,19.36,0.6317,sample_aB_40mg0000-integrate_subtracted.dat,ok
,,,,,,,,,sample_acac1a20000-integrate_subtracted.dat,autorg_failed
102.09,1971.0,41.29,1971.0,18.934,22.85,0.7544,22.58,0.6607,sample_acds_mcma0000-integrate_subtracted.dat,ok
,,,,,,,,,sample_acetate_buffer0000-integrate_subtracted.dat,autorg_failed
76.36,459.3,20.16,459.3,15.3004,15.95,1.486,15.97,0.5685,sample_actin_D0000-integrate_subtracted.dat,ok
74.62,994.9,12.29,994.7,15.8413,19.72,0.2653,19.56,0.5971,sample_actin_h0000-integrate_subtracted.dat,ok
28.2,179.7,2.242,179.6,5.01822,6.933,0.1797,6.841,0.6185,sample_aimotif_pH4p960000-integrate_subtracted.dat,ok
10.96,131.8,0.2802,131.8,2.94537,3.056,0.009019,3.052,0.7082,sample_aimotif_pH6p610000-integrate_subtracted.dat,ok
5.55,30.1,0.08554,30.1,1.77071,1.763,0.007302,1.762,0.8157,sample_alact260000-integrate_subtracted.dat,ok
4.95,27.14,0.06975,27.14,1.70805,1.597,0.006038,1.597,0.8867,sample_alact40000-integrate_subtracted.dat,ok
25.0,18.2,0.4187,18.2,6.49078,7.62,0.2114,7.575,0.612,sample_alpha_syn_aptamer_00000-integrate_subtracted.dat,ok
31.06,65.43,0.7675,65.43,5.48363,7.209,0.1712,7.137,0.6244,sample_alpha_syn_aptamer_0p250000-integrate_subtracted.dat,ok
24.59,50.39,0.5009,50.39,5.02509,6.13,0.1084,6.103,0.6472,sample_alpha_syn_aptamer_0p25r0000-integrate_subtracted.dat,ok
29.79,96.95,0.8681,96.95,5.07075,6.489,0.1402,6.441,0.6566,sample_alpha_syn_aptamer_0p50000-integrate_subtracted.dat,ok
28.89,80.04,0.747,80.04,5.13534,6.044,0.1558,6.007,0.6751,sample_alpha_syn_aptamer_0p5r0000-integrate_subtracted.dat,ok
38.96,19.88,1.078,19.88,6.87833,9.196,0.842,9.056,0.6592,sample_alpha_syn_aptamer_0r0000-integrate_subtracted.dat,ok
28.26,141.0,0.6654,141.0,4.73986,6.032,0.0786,5.994,0.65,sample_alpha_syn_aptamer_10000-integrate_subtracted.dat,ok
25.11,125.7,0.5315,125.7,4.59827,5.624,0.05847,5.602,0.6319,sample_alpha_syn_aptamer_1r0000-integrate_subtracted.dat,ok
24.53,197.9,0.6862,197.9,4.7413,5.369,0.047,5.351,0.6856,sample_alpha_syn_aptamer_20000-integrate_subtracted.dat,ok
27.5,181.3,0.8061,181.2,4.75151,5.564,0.07772,5.539,0.6832,sample_alpha_syn_aptamer_2r0000-integrate_subtracted.dat,ok
24.84,219.5,0.9274,219.5,4.81037,5.332,0.05986,5.314,0.6826,sample_alpha_syn_aptamer_30000-integrate_subtracted.dat,ok
20.88,206.4,0.6161,206.4,4.60035,5.14,0.03087,5.128,0.6896,sample_alpha_syn_aptamer_3r0000-integrate_subtracted.dat,ok
5.41,31.9,0.0857,31.9,1.78762,1.728,0.005569,1.728,0.7699,sample_apo120000-integrate_subtracted.dat,ok
4.47,22.41,0.07718,22.41,1.52574,1.581,0.006184,1.581,0.7798,sample_apo12_00020000-integrate_subtracted.dat,ok
6.0,51.01,0.1194,51.01,2.06937,2.277,0.003952,2.277,0.4514,sample_apo260000-integrate_subtracted.dat,ok
5.79,48.22,0.105,48.22,2.12208,2.065,0.003924,2.064,0.5661,sample_apo40000-integrate_subtracted.dat,ok
5.58,35.96,0.1147,35.96,1.72301,1.691,0.007099,1.691,0.8494,sample_apo750000-integrate_subtracted.dat,ok
15.73,594.2,1.272,594.2,3.02211,3.353,0.02265,3.345,0.6715,sample_apo_A0000-integrate_subtracted.dat,ok
15.35,428.1,1.04,428.1,3.06984,3.264,0.02523,3.255,0.6495,sample_apo_B0000-integrate_subtracted.dat,ok
6.91,238.5,0.1999,238.5,2.844,2.486,0.001352,2.486,0.6009,sample_apo_C0000-integrate_subtracted.dat,ok
9.1,92.11,0.2059,92.11,2.68397,2.751,0.009624,2.75,0.7918,sample_apo_D0000-integrate_subtracted.dat,ok
7.89,25.86,0.1603,25.86,2.56879,2.537,0.01689,2.536,0.8171,sample_apo_E0000-integrate_subtracted.dat,ok
6.89,14.14,0.1001,14.14,2.62788,2.427,0.01576,2.426,0.8074,sample_apo_F0000-integrate_subtracted.dat,ok
5.48,30.17,0.07145,30.17,1.77544,1.696,0.005961,1.696,0.7287,sample_apo_acid_40000-integrate_subtracted.dat,ok
5.14,30.69,0.1114,30.69,1.63364,1.654,0.008574,1.654,0.8649,sample_apo_acid_70000-integrate_subtracted.dat,ok
5.28,32.77,0.07328,32.77,1.77516,1.735,0.005167,1.735,0.778,sample_apo_acida_40000-integrate_subtracted.dat,ok
5.52,30.55,0.08652,30.55,1.71397,1.673,0.007833,1.672,0.8349,sample_apo_acida_70000-integrate_subtracted.dat,ok
5.22,33.64,0.06424,33.64,1.72502,1.673,0.004234,1.673,0.6493,sample_apo_chelata_70000-integrate_subtracted.dat,ok
5.53,26.3,0.07239,26.3,1.68879,1.652,0.007759,1.652,0.8325,sample_apo_holo_40000-integrate_subtracted.dat,ok
5.68,24.61,0.08316,24.61,1.73395,1.655,0.008941,1.655,0.7867,sample_apo_holo_70000-integrate_subtracted.dat,ok
26.4,31.25,0.4915,31.25,4.7313,5.016,0.2639,5.01,0.6791,sample_aptamer_0p250000-integrate_subtracted.dat,ok
23.35,62.01,0.6334,62.01,4.69846,5.279,0.1148,5.265,0.6889,sample_aptamer_0p50000-integrate_subtracted.dat,ok
20.78,115.1,0.3645,115.1,4.62562,5.11,0.03059,5.099,0.6858,sample_aptamer_10000-integrate_subtracted.dat,ok
20.68,176.3,0.5006,176.3,4.60962,5.052,0.02694,5.041,0.6925,sample_aptamer_20000-integrate_subtracted.dat,ok
20.17,210.7,0.378,210.7,4.46743,5.027,0.01831,5.016,0.6778,sample_aptamer_30000-integrate_subtracted.dat,ok
6.25,35.27,0.1545,35.27,2.03419,2.07,0.01145,2.07,0.8438,sample_asym0000-integrate_subtracted.dat,ok
11.53,0.0404,0.0001827,0.0404,3.23576,3.412,0.02562,3.411,0.6754,sample_b10000-integrate_subtracted.dat,ok
28.85,0.2308,0.002138,0.2308,10.0364,9.843,0.05158,9.814,0.8053,sample_b20000-integrate_subtracted.dat,ok
5.42,137.8,0.1141,137.8,1.85033,1.848,0.001816,1.848,0.8894,sample_blactam_400000-integrate_subtracted.dat,ok
5.6,139.0,0.06847,139.0,1.86013,1.841,0.001218,1.841,0.7232,sample_blactam_rt0000-integrate_subtracted.dat,ok
7.89,0.4305,0.0002787,0.4305,3.32362,2.716,0.001173,2.717,0.6668,sample_bsa0000-integrate_subtracted.dat,ok
,,,,,,,,,sample_bsa0p0000-integrate_subtracted.dat,autorg_failed
11.52,477.6,0.357,477.6,3.13211,3.205,0.004548,3.203,0.7632,sample_bsa10000-integrate_subtracted.dat,ok
13.93,447.3,0.3756,447.3,3.52046,3.643,0.006065,3.641,0.6606,sample_bsa100p0000-integrate_subtracted.dat,ok
12.39,0.2002,0.0002854,0.2002,3.46964,3.541,0.00766,3.536,0.7362,sample_bsa20000-integrate_subtracted.dat,ok
14.97,86.08,0.2243,86.08,3.93073,4.153,0.02216,4.148,0.6859,sample_bsa25p0000-integrate_subtracted.dat,ok
13.93,197.9,0.7557,197.9,3.18796,3.496,0.02877,3.486,0.6816,sample_bsa30000-integrate_subtracted.dat,ok
21.8,240.0,0.503,240.0,3.68711,4.262,0.0314,4.252,0.6809,sample_bsa50p0000-integrate_subtracted.dat,ok
18.73,344.1,0.4253,344.1,3.75669,3.955,0.015,3.95,0.6879,sample_bsa75p0000-integrate_subtracted.dat,ok
16.14,0.3028,0.0009455,0.3028,3.4075,3.835,0.02966,3.83,0.6884,sample_bsa_00020000-integrate_subtracted.dat,ok
11.56,59.2,0.1648,59.2,3.82405,3.709,0.01264,3.704,0.867,sample_bsa_00030000-integrate_subtracted.dat,ok
12.87,56.06,0.1371,56.06,3.75466,3.753,0.01298,3.747,0.7839,sample_bsa_00040000-integrate_subtracted.dat,ok
13.44,57.32,0.1881,57.32,3.71695,3.839,0.02202,3.831,0.7774,sample_bsa_00050000-integrate_subtracted.dat,ok
13.18,63.31,0.1524,63.31,3.62158,3.816,0.01479,3.808,0.7879,sample_bsa_00060000-integrate_subtracted.dat,ok
12.65,73.62,0.1564,73.62,3.60544,3.758,0.01045,3.752,0.7403,sample_bsa_00070000-integrate_subtracted.dat,ok
,,,,,,,,,sample_bsa_00080000-integrate_subtracted.dat,autorg_failed
10.33,389.1,0.2593,389.1,2.99961,3.032,0.002889,3.032,0.6363,sample_bsa_1p250000-integrate_subtracted.dat,ok
14.95,379.7,0.3374,379.7,3.01663,2.714,0.01271,2.718,0.5916,sample_bsa_2p50000-integrate_subtracted.dat,ok
13.81,381.3,0.4881,381.3,3.01058,2.817,0.01291,2.82,0.6728,sample_bsa_50000-integrate_subtracted.dat,ok
,,,,,,,,,sample_buffer70000-integrate_subtracted.dat,autorg_failed
,,,,,,,,,sample_buffer_00030000-integrate_subtracted.dat,autorg_failed
,,,,,,,,,sample_buffer_1000Fe0000-integrate_subtracted.dat,autorg_failed
,,,,,,,,,sample_buffer_20000-integrate_subtracted.dat,autorg_failed
,,,,,,,,,sample_buffer_50Fe0000-integrate_subtracted.dat,autorg_failed
11.45,0.0185,0.0001561,0.0185,4.81813,0.8822,0.2388,0.8664,0.531,sample_bufpH100000-integrate_subtracted.dat,ok
41.91,8.23,6.925,8.232,7.84768,9.724,19.21,9.894,0.5527,sample_c10000-integrate_subtracted.dat,ok
4.35,0.1041,8.539e-05,0.1041,1.70463,1.632,0.001056,1.632,0.6032,sample_c100000-integrate_subtracted.dat,ok
3.59,0.5018,0.0001013,0.5018,1.33019,1.414,0.0001847,1.414,0.6047,sample_c1000000-integrate_subtracted.dat,ok
3.6,0.4849,9.903e-05,0.4849,1.33536,1.398,0.0001949,1.398,0.6198,sample_c100_1340000-integrate_subtracted.dat,ok
57.54,1.646,0.01112,1.646,10.013,14.46,0.1981,14.11,0.4146,sample_c100_790000-integrate_subtracted.dat,ok
3.41,0.387,9.528e-05,0.387,1.53679,1.295,0.0002309,1.296,0.5882,sample_c100_940000-integrate_subtracted.dat,ok
4.42,0.06922,6.974e-05,0.06922,1.69912,1.646,0.001343,1.646,0.5964,sample_c10_1340000-integrate_subtracted.dat,ok
5.67,0.03134,0.0001143,0.03134,1.47324,1.662,0.01071,1.662,0.6192,sample_c10_790000-integrate_subtracted.dat,ok
9.13,0.08485,0.0001596,0.08485,1.55657,1.988,0.01359,1.987,0.5603,sample_c10_940000-integrate_subtracted.dat,ok
,,,,,,,,,sample_c20000-integrate_subtracted.dat,autorg_failed
4.17,0.2207,9.578e-05,0.2207,1.60449,1.572,0.0004844,1.572,0.6082,sample_c250000-integrate_subtracted.dat,ok
4.15,0.2113,9.342e-05,0.2113,1.59415,1.567,0.0005248,1.567,0.6066,sample_c25_1340000-integrate_subtracted.dat,ok
7.83,0.4366,0.0002594,0.4366,3.10071,2.828,0.001058,2.827,0.5794,sample_c25_790000-integrate_subtracted.dat,ok
3.74,0.1725,6.224e-05,0.1725,1.58461,1.435,0.0003782,1.435,0.5639,sample_c25_940000-integrate_subtracted.dat,ok
5.74,0.02891,9.034e-05,0.02891,1.60659,1.676,0.008208,1.676,0.6948,sample_c30000-integrate_subtracted.dat,ok
4.87,0.02789,9.128e-05,0.02789,1.61158,1.574,0.006547,1.574,0.8385,sample_c3_00020000-integrate_subtracted.dat,ok
4.35,0.02785,6.183e-05,0.02785,1.56757,1.518,0.003965,1.518,0.707,sample_c3_1340000-integrate_subtracted.dat,ok
4.64,0.02859,6.008e-05,0.02859,1.56015,1.552,0.004189,1.552,0.7209,sample_c3_134_00020000-integrate_subtracted.dat,ok
4.41,0.01268,4.567e-05,0.01268,1.44428,1.471,0.008131,1.471,0.6159,sample_c3_790000-integrate_subtracted.dat,ok
5.21,0.01322,5.098e-05,0.01322,1.43212,1.532,0.01052,1.532,0.6092,sample_c3_79_00020000-integrate_subtracted.dat,ok
5.36,0.02506,5.498e-05,0.02506,1.7451,1.756,0.005279,1.756,0.6621,sample_c3_940000-integrate_subtracted.dat,ok
4.9,0.02908,6.259e-05,0.02908,1.72036,1.702,0.004367,1.702,0.7395,sample_c3_94_00020000-integrate_subtracted.dat,ok
4.61,0.3498,0.0001731,0.3498,1.5208,1.508,0.000906,1.508,0.6318,sample_c500000-integrate_subtracted.dat,ok
4.18,0.3154,7.89e-05,0.3154,1.47027,1.487,0.0002977,1.487,0.6484,sample_c50_1340000-integrate_subtracted.dat,ok
9.89,1.379,0.0004116,1.379,4.86661,3.602,0.0005605,3.602,0.5823,sample_c50_790000-integrate_subtracted.dat,ok
3.42,0.3039,9.297e-05,0.3039,1.47726,1.312,0.0002997,1.312,0.5896,sample_c50_940000-integrate_subtracted.dat,ok
,,,,,,,,,sample_cSE3_DMPC0000-integrate_subtracted.dat,autorg_failed
36.41,88.67,2.368,88.66,11.5618,12.64,0.195,12.58,0.8603,sample_coilIDR0000-integrate_subtracted.dat,ok
37.9,170.8,2.712,170.8,12.086,12.45,0.1393,12.39,0.8502,sample_coilIDR_00020000-integrate_subtracted.dat,ok
35.91,249.4,3.893,249.4,10.1055,12.25,0.1196,12.2,0.8759,sample_coilIDR_00030000-integrate_subtracted.dat,ok
41.4,361.8,3.899,361.7,11.8592,13.12,0.1113,13.05,0.8412,sample_coilIDR_00040000-integrate_subtracted.dat,ok
,,,,,,,,,sample_coilIDR_00050000-integrate_subtracted.dat,autorg_failed
38.57,361.6,1.619,361.6,7.03612,9.981,0.08122,9.883,0.4904,sample_conc_18mgml0000-integrate_subtracted.dat,ok
10.6,291.5,0.1741,291.5,4.84447,3.831,0.001277,3.83,0.5317,sample_conc_36mgml0000-integrate_subtracted.dat,ok
41.48,143.9,1.918,143.9,8.93972,11.59,0.2024,11.48,0.6192,sample_conc_4p5mgml0000-integrate_subtracted.dat,ok
50.12,247.3,2.808,247.3,8.90481,11.88,0.2419,11.7,0.6086,sample_conc_9mgml0000-integrate_subtracted.dat,ok
51.23,7383.0,41.32,7382.0,12.3044,13.38,0.08319,13.28,0.7442,sample_cph10000-integrate_subtracted.dat,ok
51.58,7420.0,78.61,7419.0,11.3655,13.31,0.1816,13.21,0.7562,sample_cph1_10000-integrate_subtracted.dat,ok
43.92,7212.0,39.71,7211.0,12.8104,12.76,0.06764,12.67,0.7364,sample_cph1_20000-integrate_subtracted.dat,ok
101.55,17310.0,185.7,17300.0,17.5436,21.47,0.4205,21.25,0.673,sample_cph1_pfr0000-integrate_subtracted.dat,ok
,,,,,,,,,sample_cph1_pfr10000-integrate_subtracted.dat,autorg_failed
,,,,,,,,,sample_cph1_pfr20000-integrate_subtracted.dat,autorg_failed
83.03,33860.0,80.98,33860.0,20.0557,22.88,0.05693,22.73,0.6936,sample_cph1_pr0000-integrate_subtracted.dat,ok
61.49,4077.0,34.28,4076.0,12.1807,14.18,0.2175,14.06,0.6988,sample_cwc22_20mg_150mM_20degC0000-integrate_subtracted.dat,ok
47.46,4698.0,10.75,4697.0,12.7021,13.65,0.03517,13.54,0.6979,sample_cwc22_20mg_150mM_30degC0000-integrate_subtracted.dat,ok
4.12,50.49,0.06418,50.49,1.36505,1.358,0.002339,1.358,0.7519,sample_cytc_high0000-integrate_subtracted.dat,ok
3.43,98.64,0.08534,98.64,1.2803,1.31,0.0009368,1.311,0.6165,sample_cytc_highest0000-integrate_subtracted.dat,ok
3.67,14.46,0.06697,14.46,1.28768,1.264,0.007167,1.264,0.8915,sample_cytc_low0000-integrate_subtracted.dat,ok
3.45,26.08,0.04889,26.08,1.34259,1.286,0.002611,1.286,0.848,sample_cytc_med0000-integrate_subtracted.dat,ok
8.18,0.006411,7.785e-05,0.006411,2.37247,2.368,0.04597,2.368,0.6546,sample_d10000-integrate_subtracted.dat,ok
28.27,0.0156,0.000698,0.0156,11.8143,10.64,0.2318,10.63,0.8853,sample_d20000-integrate_subtracted.dat,ok
,,,,,,,,,sample_dGSN_D0000-integrate_subtracted.dat,autorg_failed
12.43,58.14,0.1184,58.14,3.62656,3.737,0.01199,3.735,0.7238,sample_dGSN_H0000-integrate_subtracted.dat,ok
6.48,0.005798,6.545e-05,0.005798,2.3249,2.31,0.02416,2.31,0.6558,sample_dOG_100000-integrate_subtracted.dat,ok
9.19,0.01544,0.0001375,0.01544,2.61819,2.579,0.04001,2.579,0.6628,sample_dOG_120000-integrate_subtracted.dat,ok
9.37,0.02572,0.000121,0.02572,2.65771,2.681,0.02026,2.681,0.7459,sample_dOG_140000-integrate_subtracted.dat,ok
10.79,0.0367,0.0001566,0.0367,2.81337,2.869,0.02485,2.868,0.7332,sample_dOG_160000-integrate_subtracted.dat,ok
11.87,0.05099,0.0001294,0.05099,2.93832,3.036,0.01764,3.035,0.7217,sample_dOG_180000-integrate_subtracted.dat,ok
11.83,0.06258,0.0001966,0.06258,3.02395,3.112,0.02053,3.11,0.7374,sample_dOG_200000-integrate_subtracted.dat,ok
11.47,0.07775,0.0002154,0.07775,3.10287,3.193,0.01582,3.191,0.6735,sample_dOG_220000-integrate_subtracted.dat,ok
14.63,0.09301,0.0002079,0.09301,3.22294,3.386,0.02468,3.383,0.6806,sample_dOG_240000-integrate_subtracted.dat,ok
18.74,0.1187,0.0003353,0.1187,3.28318,3.446,0.04582,3.444,0.6584,sample_dOG_260000-integrate_subtracted.dat,ok
11.76,0.1362,0.0002302,0.1362,3.37507,3.462,0.009985,3.46,0.6375,sample_dOG_280000-integrate_subtracted.dat,ok
20.39,0.1456,0.0005764,0.1456,3.44763,3.621,0.06791,3.618,0.6827,sample_dOG_300000-integrate_subtracted.dat,ok
15.25,0.1645,0.0003319,0.1645,3.47491,3.731,0.0185,3.726,0.6707,sample_dOG_320000-integrate_subtracted.dat,ok
11.89,0.1816,0.0002847,0.1816,3.53857,3.627,0.008811,3.624,0.6842,sample_dOG_340000-integrate_subtracted.dat,ok
16.03,0.2047,0.0004852,0.2046,3.53196,3.846,0.0235,3.841,0.6031,sample_dOG_360000-integrate_subtracted.dat,ok
,,,,,,,,,sample_dOG_40000-integrate_subtracted.dat,autorg_failed
4.67,0.0009059,4.19e-05,0.0009059,1.00096,1.61,0.09983,1.609,0.567,sample_dOG_60000-integrate_subtracted.dat,ok
4.01,0.001953,3.286e-05,0.001953,1.85709,1.744,0.01791,1.744,0.5243,sample_dOG_80000-integrate_subtracted.dat,ok
9.96,-1.174,0.0978,0.0,1.65834,6.687,0.1257,0.0,0.2971,sample_dd0000-integrate_subtracted.dat,ok
,,,,,,,,,sample_dmpc_20mgml0000-integrate_subtracted.dat,autorg_failed
,,,,,,,,,sample_dmpc_20mgml_00020000-integrate_subtracted.dat,autorg_failed
5.88,122.6,0.2038,122.6,2.19516,1.865,0.00381,1.864,0.5526,sample_dsDNA_ph4p50000-integrate_subtracted.dat,ok
12.63,161.3,0.3842,161.3,2.14896,2.658,0.02188,2.651,0.6562,sample_dsDNA_ph50000-integrate_subtracted.dat,ok
7.56,147.3,0.2936,147.3,2.20413,2.217,0.006935,2.216,0.7292,sample_dsDNA_ph5p250000-integrate_subtracted.dat,ok
13.99,170.2,0.4584,170.2,2.34673,2.661,0.03004,2.652,0.654,sample_dsDNA_ph5p50000-integrate_subtracted.dat,ok
6.0,136.6,0.1883,136.6,1.98481,1.861,0.003298,1.86,0.5497,sample_dsDNA_ph5p750000-integrate_subtracted.dat,ok
13.13,148.9,0.4828,148.9,2.24911,2.527,0.03247,2.522,0.6801,sample_dsDNA_ph60000-integrate_subtracted.dat,ok
13.13,195.5,0.3828,195.5,2.86224,3.022,0.01589,3.015,0.6874,sample_dsDNA_ph6p50000-integrate_subtracted.dat,ok
6.73,137.5,0.2249,137.5,2.16976,2.193,0.004596,2.192,0.7454,sample_dsDNA_ph70000-integrate_subtracted.dat,ok
24.04,0.07606,0.0009104,0.07605,9.3269,8.364,0.06613,8.322,0.7895,sample_e10000-integrate_subtracted.dat,ok
25.03,0.07188,0.001244,0.07187,9.62414,8.698,0.1034,8.655,0.8091,sample_e20000-integrate_subtracted.dat,ok
29.47,0.1175,0.002344,0.1175,11.3283,10.2,0.1228,10.14,0.7993,sample_e30000-integrate_subtracted.dat,ok
,,,,,,,,,sample_e50000-integrate_subtracted.dat,autorg_failed
39.88,0.1211,0.003518,0.1211,10.3906,13.8,0.2127,13.76,0.8889,sample_f10000-integrate_subtracted.dat,ok
,,,,,,,,,sample_f20000-integrate_subtracted.dat,autorg_failed
,,,,,,,,,sample_f30000-integrate_subtracted.dat,autorg_failed
10.32,21.38,0.133,21.38,3.96845,3.81,0.01983,3.811,0.8684,sample_ferritin_00170000-integrate_subtracted.dat,ok
,,,,,,,,,sample_ferritin_00340000-integrate_subtracted.dat,autorg_failed
14.25,100.5,0.3147,100.5,4.17851,4.125,0.01938,4.121,0.7521,sample_ferritin_00680000-integrate_subtracted.dat,ok
12.69,201.6,0.5445,201.6,4.0925,3.988,0.01298,3.987,0.8296,sample_ferritin_01250000-integrate_subtracted.dat,ok
20.42,439.3,0.7011,439.3,4.08421,4.43,0.01983,4.412,0.6822,sample_ferritin_0250000-integrate_subtracted.dat,ok
17.54,913.9,1.669,913.9,4.15621,4.312,0.01689,4.301,0.6999,sample_ferritin_050000-integrate_subtracted.dat,ok
23.48,1862.0,2.44,1862.0,4.07907,4.477,0.02202,4.454,0.6361,sample_ferritin_10000-integrate_subtracted.dat,ok
23.0,3709.0,3.815,3709.0,4.18231,4.421,0.01606,4.4,0.6934,sample_ferritin_20000-integrate_subtracted.dat,ok
14.24,56.44,0.2579,56.44,4.78318,4.702,0.02139,4.698,0.8339,sample_flnc_0p770000-integrate_subtracted.dat,ok
20.18,313.6,0.6751,313.6,6.40836,6.492,0.01707,6.485,0.8929,sample_flnc_1p740000-integrate_subtracted.dat,ok
28.14,1676.0,2.922,1676.0,7.39985,7.571,0.02018,7.557,0.8464,sample_flnc_4p540000-integrate_subtracted.dat,ok
33.11,2621.0,4.343,2621.0,7.91016,8.339,0.02614,8.304,0.7371,sample_flnc_6p030000-integrate_subtracted.dat,ok
34.05,2555.0,4.873,2555.0,7.95863,8.328,0.03226,8.289,0.6106,sample_flnc_7p1_lowVol0000-integrate_subtracted.dat,ok
21.81,267.8,0.718,267.8,6.97979,6.952,0.02071,6.944,0.8941,sample_flnc_aggr0000-integrate_subtracted.dat,ok
24.23,0.04825,0.0009192,0.04824,8.98427,8.479,0.09187,8.426,0.7976,sample_g10000-integrate_subtracted.dat,ok
48.47,0.1016,0.006224,0.1016,8.31403,14.98,0.6339,14.91,0.8638,sample_g20000-integrate_subtracted.dat,ok
27.24,0.01656,0.0007704,0.01656,8.78439,9.666,0.277,9.633,0.8733,sample_g30000-integrate_subtracted.dat,ok
25.32,0.03333,0.001428,0.03333,9.209,9.54,0.2103,9.53,0.8922,sample_g40000-integrate_subtracted.dat,ok
31.72,731.7,3.469,731.6,9.92169,9.925,0.04547,9.888,0.8663,sample_gfptir_dim_1pt20000-integrate_subtracted.dat,ok
30.29,743.5,3.107,743.4,9.76786,9.588,0.03404,9.558,0.8645,sample_gfptir_dim_2pt00000-integrate_subtracted.dat,ok
35.68,1163.0,5.038,1163.0,9.90837,10.14,0.04562,10.1,0.8202,sample_gfptir_dim_3pt00000-integrate_subtracted.dat,ok
38.77,2543.0,13.91,2542.0,10.3377,10.8,0.0687,10.74,0.7559,sample_gfptir_dim_5pt00000-integrate_subtracted.dat,ok
25.33,168.2,0.7382,168.2,8.16938,8.222,0.03388,8.186,0.8761,sample_gfptir_mon_0pt90000-integrate_subtracted.dat,ok
30.2,715.8,2.832,715.7,8.9106,9.01,0.03777,8.97,0.8447,sample_gfptir_mon_1pt50000-integrate_subtracted.dat,ok
29.54,887.1,2.83,887.0,8.89391,9.049,0.03024,9.006,0.8509,sample_gfptir_mon_3pt30000-integrate_subtracted.dat,ok
,,,,,,,,,sample_gquad_pH4p820000-integrate_subtracted.dat,autorg_failed
,,,,,,,,,sample_h10000-integrate_subtracted.dat,autorg_failed
22.65,0.01153,0.0004821,0.01152,9.32651,8.353,0.1844,8.341,0.8801,sample_h20000-integrate_subtracted.dat,ok
29.58,0.03368,0.001063,0.03368,10.7932,10.75,0.176,10.73,0.8975,sample_h30000-integrate_subtracted.dat,ok
,,,,,,,,,sample_h40000-integrate_subtracted.dat,autorg_failed
,,,,,,,,,sample_hGSN_D0000-integrate_subtracted.dat,autorg_failed
9.2,73.78,0.09496,73.78,3.31781,3.278,0.003799,3.278,0.6056,sample_hGSN_H0000-integrate_subtracted.dat,ok
54.84,4252.0,21.92,4251.0,14.0125,15.6,0.0756,15.48,0.7529,sample_hN0Pfl0000-integrate_subtracted.dat,ok
54.83,1857.0,15.32,1857.0,12.882,14.53,0.1569,14.41,0.7423,sample_hN0Pfld20000-integrate_subtracted.dat,ok
48.06,819.3,3.781,819.1,12.0562,13.32,0.07685,13.2,0.7172,sample_hN0Pfld40000-integrate_subtracted.dat,ok
10.9,0.01787,0.0001221,0.01787,2.78511,2.832,0.04357,2.831,0.7339,sample_hOG_100000-integrate_subtracted.dat,ok
20.67,0.7702,0.00107,0.7702,4.00311,4.831,0.01758,4.813,0.6127,sample_hOG_1000000-integrate_subtracted.dat,ok
11.87,0.03389,0.000225,0.03389,3.03574,3.128,0.04376,3.126,0.7307,sample_hOG_120000-integrate_subtracted.dat,ok
16.92,0.05027,0.000316,0.05027,3.22271,3.513,0.08089,3.508,0.633,sample_hOG_140000-integrate_subtracted.dat,ok
13.62,0.06922,0.0002196,0.06922,3.43084,3.577,0.02487,3.574,0.7007,sample_hOG_160000-integrate_subtracted.dat,ok
12.12,0.09066,0.0002586,0.09066,3.6501,3.663,0.01638,3.66,0.6809,sample_hOG_180000-integrate_subtracted.dat,ok
,,,,,,,,,sample_hOG_20000-integrate_subtracted.dat,autorg_failed
21.03,0.1164,0.0005371,0.1164,3.79636,4.237,0.07819,4.224,0.6405,sample_hOG_200000-integrate_subtracted.dat,ok
7.26,0.005517,7.224e-05,0.005517,2.41179,2.407,0.04021,2.407,0.59,sample_hOG_80000-integrate_subtracted.dat,ok
23.76,0.7159,0.001556,0.7159,4.35531,5.107,0.03805,5.087,0.6652,sample_hOG_800000-integrate_subtracted.dat,ok
21.18,0.7232,0.001462,0.7232,4.16138,4.98,0.02722,4.963,0.6726,sample_hOG_850000-integrate_subtracted.dat,ok
24.92,0.7461,0.001801,0.7461,4.56307,4.953,0.04807,4.935,0.669,sample_hOG_900000-integrate_subtracted.dat,ok
20.9,0.7632,0.001036,0.7631,4.65792,4.87,0.0188,4.853,0.6082,sample_hOG_950000-integrate_subtracted.dat,ok
,,,,,,,,,sample_hOG_H2O_1p750000-integrate_subtracted.dat,autorg_failed
,,,,,,,,,sample_hOG_H2O_2p330000-integrate_subtracted.dat,autorg_failed
,,,,,,,,,sample_hOG_H2O_2p920000-integrate_subtracted.dat,autorg_failed
7.76,0.0003848,5.415e-05,0.0003848,1.95742,1.181,0.7728,1.179,0.5197,sample_hOG_H2O_4p10000-integrate_subtracted.dat,ok
,,,,,,,,,sample_hOG_H2O_4p690000-integrate_subtracted.dat,autorg_failed
5.52,0.0007771,5.952e-05,0.0007771,1.00426,1.495,0.3028,1.494,0.5641,sample_hOG_H2O_5p260000-integrate_subtracted.dat,ok
5.76,0.0009264,4.391e-05,0.0009264,1.03155,1.719,0.148,1.718,0.5313,sample_hOG_H2O_5p850000-integrate_subtracted.dat,ok
5.56,0.001158,6.713e-05,0.001158,1.00353,1.886,0.1477,1.885,0.5348,sample_hOG_H2O_6p140000-integrate_subtracted.dat,ok
5.46,0.00156,3.828e-05,0.00156,1.91683,2.042,0.05833,2.042,0.6236,sample_hOG_H2O_6p430000-integrate_subtracted.dat,ok
13.29,0.002591,0.0001455,0.002591,2.29587,2.231,0.6811,2.234,0.5684,sample_hOG_H2O_7p310000-integrate_subtracted.dat,ok
9.05,0.003014,8.561e-05,0.003014,2.17996,2.238,0.1803,2.238,0.5801,sample_hOG_H2O_7p60000-integrate_subtracted.dat,ok
11.84,0.00536,0.0001402,0.00536,2.38379,2.21,0.271,2.212,0.6393,sample_hOG_H2O_8p190000-integrate_subtracted.dat,ok
10.1,0.006066,9.185e-05,0.006066,2.42498,2.479,0.1017,2.479,0.6555,sample_hOG_H2O_8p770000-integrate_subtracted.dat,ok
19.37,46.25,0.7377,46.24,6.83456,6.757,0.08614,6.741,0.8725,sample_hUMPS_0p490000-integrate_subtracted.dat,ok
10.94,28.97,0.285,28.97,4.05859,3.926,0.03218,3.924,0.8407,sample_hUMPS_0p520000-integrate_subtracted.dat,ok
10.15,22.23,0.2487,22.23,3.59655,3.548,0.0434,3.547,0.8773,sample_hUMPS_0p570000-integrate_subtracted.dat,ok
9.24,14.46,0.1655,14.46,3.21468,3.053,0.03829,3.051,0.8752,sample_hUMPS_0p57_00020000-integrate_subtracted.dat,ok
18.64,87.64,0.6344,87.64,6.9111,6.604,0.03311,6.596,0.895,sample_hUMPS_0p980000-integrate_subtracted.dat,ok
12.18,60.75,0.5038,60.75,4.09472,4.01,0.03941,4.007,0.8227,sample_hUMPS_1p040000-integrate_subtracted.dat,ok
,,,,,,,,,sample_hUMPS_1p10000-integrate_subtracted.dat,autorg_failed
9.49,44.23,0.202,44.23,3.69081,3.481,0.01398,3.481,0.9052,sample_hUMPS_1p150000-integrate_subtracted.dat,ok
,,,,,,,,,sample_hUMPS_1p50000-integrate_subtracted.dat,autorg_failed
,,,,,,,,,sample_hUMPS_1p950000-integrate_subtracted.dat,autorg_failed
11.98,115.5,0.5568,115.5,4.20224,4.049,0.02032,4.047,0.8995,sample_hUMPS_2p080000-integrate_subtracted.dat,ok
11.15,89.98,0.3413,89.98,3.74504,3.685,0.01639,3.683,0.8791,sample_hUMPS_2p30000-integrate_subtracted.dat,ok
9.33,60.92,0.2824,60.92,3.29299,3.145,0.01369,3.144,0.9028,sample_hUMPS_2p3_00020000-integrate_subtracted.dat,ok
,,,,,,,,,sample_hUMPS_30000-integrate_subtracted.dat,autorg_failed
22.6,458.8,1.806,458.8,7.47281,7.463,0.02349,7.439,0.8867,sample_hUMPS_3p90000-integrate_subtracted.dat,ok
13.76,251.9,0.8151,251.9,4.31756,4.307,0.01832,4.3,0.8311,sample_hUMPS_4p170000-integrate_subtracted.dat,ok
12.15,217.3,0.7191,217.3,3.95609,3.817,0.01575,3.813,0.8718,sample_hUMPS_4p60000-integrate_subtracted.dat,ok
10.46,120.0,0.4053,120.0,3.34805,3.342,0.01265,3.339,0.8792,sample_hUMPS_4p6_00020000-integrate_subtracted.dat,ok
,,,,,,,,,sample_hUMPS_60000-integrate_subtracted.dat,autorg_failed
5.66,8.057,0.06922,8.057,2.6077,2.307,0.0143,2.306,0.1876,sample_hnRNPA2_LCD0000-integrate_subtracted.dat,ok
9.39,11.47,0.1357,11.47,2.41002,2.636,0.05909,2.634,0.5931,sample_hnRNPA2_LCD_pH_110000-integrate_subtracted.dat,ok
3.21,5.84,0.04343,5.84,1.43751,1.132,0.0102,1.132,0.1836,sample_hnRNPA2_LCD_pH_70000-integrate_subtracted.dat,ok
11.11,389.1,0.4046,389.1,2.95589,3.023,0.006251,3.022,0.7335,sample_hu_D209N0000-integrate_subtracted.dat,ok
10.82,235.9,0.178,235.9,2.90914,2.984,0.004593,2.983,0.7847,sample_hu_D209N_00020000-integrate_subtracted.dat,ok
12.57,389.3,0.429,389.3,3.01799,3.181,0.007993,3.179,0.7068,sample_hu_WT0000-integrate_subtracted.dat,ok
8.53,206.9,0.2711,206.9,2.99121,2.96,0.003814,2.96,0.7982,sample_hu_WT_00020000-integrate_subtracted.dat,ok
12.77,342.7,0.2684,342.7,2.82901,2.987,0.00624,2.985,0.6985,sample_human_D209N_M1P0000-integrate_subtracted.dat,ok
8.47,302.7,0.1347,302.7,2.77412,2.794,0.001539,2.794,0.7917,sample_human_D209N_apo0000-integrate_subtracted.dat,ok
10.65,338.0,0.2391,338.0,2.84733,2.915,0.003681,2.914,0.6978,sample_human_D209N_g16bp0000-integrate_subtracted.dat,ok
14.53,302.5,0.3872,302.5,2.89834,3.172,0.01146,3.168,0.6782,sample_human_WT_M1P0000-integrate_subtracted.dat,ok
8.47,248.2,0.1134,248.2,2.77429,2.761,0.001657,2.761,0.7092,sample_human_WT_apo0000-integrate_subtracted.dat,ok
7.53,261.7,0.1464,261.7,2.71298,2.691,0.001238,2.691,0.6093,sample_human_WT_g16biP0000-integrate_subtracted.dat,ok
11.73,300.3,0.3377,300.3,2.90403,3.089,0.007186,3.087,0.7233,sample_human_WT_g16bp0000-integrate_subtracted.dat,ok
50.83,0.0721,0.005687,0.0721,9.32313,17.87,0.5869,17.86,0.9063,sample_i10000-integrate_subtracted.dat,ok
42.14,0.01617,0.002148,0.01618,10.4354,16.5,0.6719,16.57,0.8332,sample_i20000-integrate_subtracted.dat,ok
,,,,,,,,,sample_i30000-integrate_subtracted.dat,autorg_failed
10.44,0.01294,0.0001594,0.01294,2.65033,2.826,0.07245,2.826,0.7466,sample_j10000-integrate_subtracted.dat,ok
32.7,0.01348,0.001566,0.01348,8.25439,11.47,1.082,11.38,0.6094,sample_j20000-integrate_subtracted.dat,ok
,,,,,,,,,sample_j30000-integrate_subtracted.dat,autorg_failed
37.05,0.7668,0.009587,0.7668,11.7677,12.37,0.09415,12.34,0.8718,sample_k10000-integrate_subtracted.dat,ok
8.36,23.02,0.1312,23.02,2.83605,2.818,0.01725,2.817,0.8649,sample_k102_0N_1p390000-integrate_subtracted.dat,ok
8.4,35.97,0.1334,35.97,2.94566,2.878,0.009195,2.877,0.8555,sample_k102_0N_2p050000-integrate_subtracted.dat,ok
9.27,51.6,0.2452,51.6,2.98226,2.993,0.01555,2.991,0.7972,sample_k102_0N_2p770000-integrate_subtracted.dat,ok
8.1,46.47,0.1777,46.47,2.80942,2.788,0.009922,2.788,0.8908,sample_k102_0N_2p780000-integrate_subtracted.dat,ok
9.93,24.4,0.192,24.4,3.85114,3.425,0.02464,3.422,0.7687,sample_k102_100N_1p260000-integrate_subtracted.dat,ok
10.6,36.49,0.299,36.49,3.71648,3.53,0.02819,3.526,0.8097,sample_k102_100N_1p860000-integrate_subtracted.dat,ok
11.31,48.5,0.2644,48.49,3.75979,3.679,0.02308,3.673,0.7518,sample_k102_100N_2p520000-integrate_subtracted.dat,ok
10.13,28.78,0.2778,28.78,3.96911,3.526,0.0242,3.523,0.8585,sample_k102_150N_1p560000-integrate_subtracted.dat,ok
10.75,41.32,0.2334,41.32,3.67119,3.614,0.01939,3.61,0.8353,sample_k102_150N_2p300000-integrate_subtracted.dat,ok
12.95,56.03,0.265,56.03,3.70927,3.861,0.02661,3.853,0.7499,sample_k102_150N_3p110000-integrate_subtracted.dat,ok
9.45,24.45,0.2083,24.45,3.52889,3.321,0.02272,3.319,0.882,sample_k102_50N_1p480000-integrate_subtracted.dat,ok
,,,,,,,,,sample_k102_50N_1p48_t370000-integrate_subtracted.dat,autorg_failed
9.03,23.23,0.1854,23.23,3.34998,3.183,0.01923,3.181,0.8541,sample_k102_50N_1p48_t500000-integrate_subtracted.dat,ok
17.1,43.43,0.4361,43.43,3.61867,4.019,0.1017,4.002,0.6764,sample_k102_50N_2p180000-integrate_subtracted.dat,ok
10.25,38.5,0.2046,38.5,3.41759,3.372,0.01601,3.369,0.8582,sample_k102_50N_2p18_t370000-integrate_subtracted.dat,ok
9.7,37.17,0.2709,37.17,3.34575,3.251,0.02384,3.249,0.8483,sample_k102_50N_2p18_t500000-integrate_subtracted.dat,ok
12.51,56.78,0.3491,56.78,3.64792,3.777,0.03387,3.768,0.7316,sample_k102_50N_2p950000-integrate_subtracted.dat,ok
10.56,52.42,0.3187,52.42,3.45837,3.448,0.0252,3.444,0.833,sample_k102_50N_2p95_t370000-integrate_subtracted.dat,ok
10.27,50.76,0.1829,50.76,3.39563,3.364,0.0132,3.36,0.8536,sample_k102_50N_2p95_t500000-integrate_subtracted.dat,ok
32.7,0.09279,0.002234,0.09278,10.2295,11.64,0.142,11.61,0.8677,sample_k20000-integrate_subtracted.dat,ok
5.37,6.982,0.03866,6.982,1.85367,1.85,0.01071,1.85,0.7736,sample_kr_PASA_0p3020000-integrate_subtracted.dat,ok
6.35,14.31,0.05454,14.31,2.0176,2.035,0.01052,2.035,0.7802,sample_kr_PASA_0p6980000-integrate_subtracted.dat,ok
6.8,347.2,0.1605,347.2,2.05773,2.088,0.001224,2.088,0.73,sample_kr_PASA_15p7800000-integrate_subtracted.dat,ok
6.01,30.17,0.05683,30.17,2.02085,2.041,0.004942,2.041,0.8232,sample_kr_PASA_1p5450000-integrate_subtracted.dat,ok
6.03,64.1,0.08067,64.1,2.01154,2.038,0.002845,2.038,0.9005,sample_kr_PASA_3p2170000-integrate_subtracted.dat,ok
6.57,144.6,0.1317,144.6,2.11859,2.118,0.002577,2.118,0.8357,sample_kr_PASA_6p6490000-integrate_subtracted.dat,ok
16.67,575.2,1.31,575.2,2.98824,3.363,0.02539,3.353,0.6574,sample_link_A0000-integrate_subtracted.dat,ok
15.23,348.9,0.7326,348.9,2.72595,2.969,0.02229,2.962,0.689,sample_link_B0000-integrate_subtracted.dat,ok
8.93,203.7,0.3057,203.6,2.44777,2.516,0.006453,2.514,0.7118,sample_link_C0000-integrate_subtracted.dat,ok
6.11,67.76,0.171,67.76,2.14219,2.099,0.004725,2.099,0.8896,sample_link_D0000-integrate_subtracted.dat,ok
6.03,22.58,0.08505,22.58,2.10536,2.053,0.008265,2.053,0.8274,sample_link_E0000-integrate_subtracted.dat,ok
5.39,9.269,0.1108,9.269,2.03447,1.954,0.02248,1.954,0.8397,sample_link_F0000-integrate_subtracted.dat,ok
8.96,398.3,0.4755,398.3,2.40515,2.474,0.005337,2.472,0.7299,sample_loop_A0000-integrate_subtracted.dat,ok
9.11,280.7,0.3425,280.7,2.26987,2.416,0.005324,2.414,0.6739,sample_loop_B0000-integrate_subtracted.dat,ok
7.41,149.6,0.2781,149.6,2.22956,2.261,0.00667,2.26,0.8293,sample_loop_C0000-integrate_subtracted.dat,ok
7.41,62.17,0.1332,62.17,2.16217,2.188,0.006882,2.188,0.8148,sample_loop_D0000-integrate_subtracted.dat,ok
6.8,17.55,0.1295,17.55,2.04414,2.058,0.02424,2.058,0.8418,sample_loop_E0000-integrate_subtracted.dat,ok
5.07,9.585,0.07066,9.585,2.06554,1.93,0.0122,1.93,0.7753,sample_loop_F0000-integrate_subtracted.dat,ok
4.43,23.8,0.08818,23.8,1.62577,1.665,0.005533,1.665,0.5295,sample_lys120000-integrate_subtracted.dat,ok
4.53,23.84,0.06856,23.84,1.53867,1.559,0.005216,1.559,0.8409,sample_lys40000-integrate_subtracted.dat,ok
4.47,23.99,0.0729,23.99,1.52607,1.59,0.004778,1.59,0.6902,sample_lys750000-integrate_subtracted.dat,ok
4.24,138.5,0.08661,138.5,1.51478,1.475,0.001117,1.475,0.6638,sample_lys_0p5_sec0000-integrate_subtracted.dat,ok
3.94,136.8,0.06692,136.8,1.44704,1.47,0.0006004,1.471,0.6132,sample_lys_1_sec0000-integrate_subtracted.dat,ok
,,,,,,,,,sample_lyzo0p0000-integrate_subtracted.dat,autorg_failed
4.01,77.07,0.03162,77.07,1.4591,1.447,0.0007414,1.447,0.6597,sample_lyzo100p0000-integrate_subtracted.dat,ok
4.77,22.84,0.06305,22.84,1.49278,1.721,0.004914,1.721,0.3845,sample_lyzo25p0000-integrate_subtracted.dat,ok
5.02,47.33,0.05204,47.33,1.4771,1.524,0.002598,1.524,0.806,sample_lyzo50p0000-integrate_subtracted.dat,ok
4.32,57.38,0.04412,57.38,1.48032,1.476,0.001247,1.476,0.6111,sample_lyzo75p0000-integrate_subtracted.dat,ok
8.53,0.01287,0.0001333,0.01287,2.36989,2.033,0.05559,2.039,0.6783,sample_m10000-integrate_subtracted.dat,ok
6.72,11.93,0.1454,11.92,2.66346,2.47,0.02268,2.469,0.7697,sample_m12_0N_0p760000-integrate_subtracted.dat,ok
6.43,18.49,0.1411,18.49,2.64593,2.453,0.01353,2.453,0.661,sample_m12_0N_1p120000-integrate_subtracted.dat,ok
8.22,24.73,0.1602,24.73,2.8373,2.742,0.01989,2.74,0.8305,sample_m12_0N_1p520000-integrate_subtracted.dat,ok
8.32,12.16,0.1346,12.16,3.4281,3.023,0.02239,3.022,0.8676,sample_m12_100N_0p720000-integrate_subtracted.dat,ok
9.81,18.54,0.194,18.54,3.56756,3.345,0.03077,3.343,0.8482,sample_m12_100N_1p070000-integrate_subtracted.dat,ok
9.77,27.04,0.2193,27.04,3.62444,3.274,0.02605,3.272,0.8044,sample_m12_100N_1p440000-integrate_subtracted.dat,ok
8.21,13.3,0.1253,13.3,3.21462,2.923,0.02058,2.922,0.8532,sample_m12_150N_0p910000-integrate_subtracted.dat,ok
11.54,24.64,0.2051,24.64,3.5126,3.627,0.02911,3.622,0.8161,sample_m12_150N_1p350000-integrate_subtracted.dat,ok
10.9,33.31,0.2516,33.31,3.60411,3.57,0.02891,3.565,0.7686,sample_m12_150N_1p820000-integrate_subtracted.dat,ok
10.01,20.51,0.1566,20.51,3.89158,3.445,0.02396,3.442,0.7874,sample_m12_200N_1p090000-integrate_subtracted.dat,ok
11.22,30.31,0.2518,30.31,3.87667,3.607,0.02781,3.602,0.7696,sample_m12_200N_1p610000-integrate_subtracted.dat,ok
9.58,38.81,0.2126,38.81,3.80255,3.349,0.01566,3.347,0.7328,sample_m12_200N_2p180000-integrate_subtracted.dat,ok
8.84,15.67,0.1766,15.67,3.39181,3.081,0.03301,3.079,0.8153,sample_m12_50N_0p970000-integrate_subtracted.dat,ok
7.62,38.17,0.1091,38.17,1.26739,2.064,0.01452,2.059,0.4218,sample_m12_50N_0p97_t370000-integrate_subtracted.dat,ok
7.58,15.42,0.1545,15.42,3.00153,2.788,0.02165,2.787,0.867,sample_m12_50N_0p97_t500000-integrate_subtracted.dat,ok
10.16,26.68,0.1787,26.68,3.3861,3.302,0.02121,3.298,0.8389,sample_m12_50N_1p430000-integrate_subtracted.dat,ok
10.12,26.0,0.2092,26.0,3.24866,3.294,0.03373,3.29,0.7208,sample_m12_50N_1p43_t370000-integrate_subtracted.dat,ok
9.86,25.41,0.1906,25.41,3.25965,3.183,0.0278,3.179,0.8017,sample_m12_50N_1p43_t500000-integrate_subtracted.dat,ok
10.18,34.85,0.1747,34.85,3.36776,3.306,0.01536,3.303,0.8076,sample_m12_50N_1p930000-integrate_subtracted.dat,ok
10.45,36.53,0.2784,36.53,3.34283,3.34,0.0316,3.336,0.7274,sample_m12_50N_1p93_t370000-integrate_subtracted.dat,ok
12.09,36.05,0.272,36.05,3.23148,3.404,0.03916,3.397,0.6973,sample_m12_50N_1p93_t500000-integrate_subtracted.dat,ok
7.16,24.21,0.1037,24.21,2.7012,2.561,0.00914,2.56,0.8896,sample_m1_0N_1p440000-integrate_subtracted.dat,ok
8.08,39.54,0.1031,39.54,2.83293,2.755,0.007855,2.754,0.8969,sample_m1_0N_2p130000-integrate_subtracted.dat,ok
7.66,48.54,0.1297,48.54,2.68664,2.652,0.006814,2.651,0.9027,sample_m1_0N_2p880000-integrate_subtracted.dat,ok
11.04,28.15,0.2802,28.15,3.90795,3.635,0.04183,3.629,0.7065,sample_m1_100N_1p340000-integrate_subtracted.dat,ok
11.25,40.97,0.235,40.97,3.63413,3.63,0.02463,3.624,0.783,sample_m1_100N_1p980000-integrate_subtracted.dat,ok
13.7,55.98,0.3261,55.98,3.65755,3.891,0.03383,3.881,0.7031,sample_m1_100N_2p680000-integrate_subtracted.dat,ok
10.51,27.47,0.2045,27.46,3.65409,3.551,0.02374,3.547,0.8302,sample_m1_150N_1p520000-integrate_subtracted.dat,ok
10.66,41.79,0.1965,41.79,3.70617,3.546,0.015,3.543,0.8505,sample_m1_150N_2p240000-integrate_subtracted.dat,ok
9.99,55.2,0.2795,55.2,3.66434,3.438,0.01354,3.436,0.8563,sample_m1_150N_3p030000-integrate_subtracted.dat,ok
11.68,37.11,0.2513,37.11,3.67174,3.667,0.02741,3.661,0.7883,sample_m1_50N_1p780000-integrate_subtracted.dat,ok
8.17,56.7,0.1572,56.7,1.41135,2.484,0.01111,2.478,0.412,sample_m1_50N_1p78_t370000-integrate_subtracted.dat,ok
10.34,34.45,0.2468,34.45,3.43766,3.381,0.02702,3.377,0.6758,sample_m1_50N_1p78_t500000-integrate_subtracted.dat,ok
14.1,59.03,0.3473,59.03,3.64483,3.983,0.04139,3.969,0.6238,sample_m1_50N_2p630000-integrate_subtracted.dat,ok
12.79,74.61,0.2703,74.61,2.78957,3.306,0.03011,3.289,0.5396,sample_m1_50N_2p63_t370000-integrate_subtracted.dat,ok
11.67,49.88,0.2901,49.88,3.48226,3.568,0.03015,3.561,0.7897,sample_m1_50N_2p63_t500000-integrate_subtracted.dat,ok
13.62,75.63,0.4312,75.63,3.66061,3.916,0.02999,3.906,0.7441,sample_m1_50N_3p560000-integrate_subtracted.dat,ok
11.71,74.38,0.2512,74.38,3.63118,3.612,0.01643,3.606,0.7367,sample_m1_50N_3p56_t370000-integrate_subtracted.dat,ok
12.16,77.21,0.3407,77.21,3.70775,3.862,0.02007,3.853,0.6949,sample_m1_50N_3p56_t500000-integrate_subtracted.dat,ok
13.15,0.006072,0.0001619,0.006072,2.71814,2.627,0.2969,2.63,0.6999,sample_m20000-integrate_subtracted.dat,ok
17.96,0.004368,0.0002482,0.004368,8.21198,6.32,0.2684,6.298,0.8037,sample_m30000-integrate_subtracted.dat,ok
,,,,,,,,,sample_m40000-integrate_subtracted.dat,autorg_failed
7.27,18.21,0.1449,18.21,2.6948,2.582,0.01792,2.582,0.8864,sample_m4_0N_1p180000-integrate_subtracted.dat,ok
7.91,29.8,0.1251,29.8,2.81899,2.748,0.01016,2.747,0.8806,sample_m4_0N_1p760000-integrate_subtracted.dat,ok
7.87,39.87,0.2227,39.87,2.73709,2.692,0.01527,2.691,0.7946,sample_m4_0N_2p350000-integrate_subtracted.dat,ok
10.02,22.44,0.2371,22.44,3.75755,3.407,0.03703,3.403,0.7109,sample_m4_100N_1p100000-integrate_subtracted.dat,ok
10.01,32.35,0.1868,32.35,3.48327,3.443,0.02043,3.439,0.806,sample_m4_100N_1p630000-integrate_subtracted.dat,ok
11.04,41.76,0.2355,41.76,3.59334,3.541,0.02235,3.536,0.8225,sample_m4_100N_2p200000-integrate_subtracted.dat,ok
9.1,21.13,0.1428,21.13,3.60579,3.239,0.01593,3.238,0.8708,sample_m4_150N_1p140000-integrate_subtracted.dat,ok
10.84,32.05,0.1537,32.05,3.6779,3.552,0.01845,3.548,0.7954,sample_m4_150N_1p690000-integrate_subtracted.dat,ok
11.76,43.74,0.1888,43.74,3.6299,3.657,0.01996,3.651,0.7362,sample_m4_150N_2p280000-integrate_subtracted.dat,ok
11.06,24.15,0.2131,24.15,3.50744,3.53,0.03874,3.524,0.7792,sample_m4_50N_1p250000-integrate_subtracted.dat,ok
9.53,47.3,0.1473,47.3,1.95577,2.513,0.01862,2.503,0.5696,sample_m4_50N_1p25_t370000-integrate_subtracted.dat,ok
8.2,21.39,0.1682,21.39,3.54697,2.951,0.01666,2.95,0.8776,sample_m4_50N_1p25_t500000-integrate_subtracted.dat,ok
9.27,33.64,0.1714,33.64,3.53081,3.267,0.01448,3.265,0.8798,sample_m4_50N_1p840000-integrate_subtracted.dat,ok
11.2,57.37,0.2139,57.37,2.07926,2.86,0.02751,2.847,0.5294,sample_m4_50N_1p84_t370000-integrate_subtracted.dat,ok
9.71,33.33,0.1452,33.33,3.29383,3.209,0.01696,3.206,0.7663,sample_m4_50N_1p84_t500000-integrate_subtracted.dat,ok
10.23,48.91,0.231,48.91,3.47283,3.394,0.01608,3.39,0.8459,sample_m4_50N_2p490000-integrate_subtracted.dat,ok
10.7,74.06,0.2414,74.06,1.94532,2.996,0.01953,2.985,0.5231,sample_m4_50N_2p49_t370000-integrate_subtracted.dat,ok
9.81,43.5,0.2539,43.5,3.43983,3.283,0.0166,3.28,0.8714,sample_m4_50N_2p49_t500000-integrate_subtracted.dat,ok
,,,,,,,,,sample_m50000-integrate_subtracted.dat,autorg_failed
7.17,13.69,0.1051,13.69,2.66019,2.569,0.01699,2.569,0.849,sample_m7_0N_0p880000-integrate_subtracted.dat,ok
7.76,22.43,0.1569,22.43,2.87841,2.735,0.01468,2.734,0.855,sample_m7_0N_1p300000-integrate_subtracted.dat,ok
7.29,27.87,0.1627,27.87,2.75293,2.622,0.01244,2.621,0.8892,sample_m7_0N_1p760000-integrate_subtracted.dat,ok
9.25,16.23,0.1994,16.23,3.62182,3.26,0.02987,3.258,0.8612,sample_m7_100N_0p880000-integrate_subtracted.dat,ok
10.03,25.15,0.1454,25.15,3.47641,3.34,0.01662,3.337,0.7937,sample_m7_100N_1p300000-integrate_subtracted.dat,ok
10.4,33.92,0.2149,33.92,3.52972,3.438,0.02277,3.434,0.7343,sample_m7_100N_1p760000-integrate_subtracted.dat,ok
9.67,17.57,0.1781,17.57,3.6506,3.346,0.02516,3.344,0.8365,sample_m7_150N_1p060000-integrate_subtracted.dat,ok
9.78,27.99,0.2131,27.99,3.43099,3.322,0.02056,3.32,0.8525,sample_m7_150N_1p560000-integrate_subtracted.dat,ok
10.43,37.68,0.2432,37.68,3.56295,3.435,0.0226,3.432,0.7979,sample_m7_150N_2p110000-integrate_subtracted.dat,ok
7.89,15.89,0.1441,15.89,3.29011,2.932,0.01985,2.931,0.8163,sample_m7_50N_0p960000-integrate_subtracted.dat,ok
8.44,17.44,0.1452,17.44,3.41017,3.019,0.02347,3.017,0.7827,sample_m7_50N_0p96_t370000-integrate_subtracted.dat,ok
9.13,15.63,0.1869,15.63,3.22843,3.035,0.03486,3.033,0.7535,sample_m7_50N_0p96_t500000-integrate_subtracted.dat,ok
10.72,26.15,0.2118,26.15,3.42816,3.456,0.03135,3.451,0.7457,sample_m7_50N_1p420000-integrate_subtracted.dat,ok
9.35,27.17,0.2192,27.17,3.22596,3.1,0.02482,3.097,0.6391,sample_m7_50N_1p42_t370000-integrate_subtracted.dat,ok
8.77,24.03,0.1482,24.03,3.0753,2.965,0.01623,2.963,0.7219,sample_m7_50N_1p42_t500000-integrate_subtracted.dat,ok
10.52,35.24,0.1764,35.24,3.36648,3.355,0.02081,3.351,0.7983,sample_m7_50N_1p920000-integrate_subtracted.dat,ok
9.52,35.47,0.2232,35.47,3.31134,3.191,0.02237,3.188,0.8019,sample_m7_50N_1p92_t370000-integrate_subtracted.dat,ok
8.92,32.5,0.1625,32.5,3.21692,3.064,0.01638,3.062,0.8243,sample_m7_50N_1p92_t500000-integrate_subtracted.dat,ok
8.05,18.22,0.1225,18.22,2.90108,2.783,0.01699,2.783,0.8846,sample_m9_0N_0p980000-integrate_subtracted.dat,ok
8.22,29.16,0.1197,29.16,2.88295,2.809,0.009305,2.808,0.8896,sample_m9_0N_1p450000-integrate_subtracted.dat,ok
8.88,41.91,0.1278,41.91,2.95905,2.922,0.01123,2.92,0.85,sample_m9_0N_1p960000-integrate_subtracted.dat,ok
9.39,18.5,0.1539,18.5,3.57178,3.279,0.02653,3.277,0.8494,sample_m9_100N_0p900000-integrate_subtracted.dat,ok
10.06,26.74,0.1655,26.74,3.56689,3.404,0.01844,3.401,0.8235,sample_m9_100N_1p320000-integrate_subtracted.dat,ok
10.58,37.78,0.2328,37.78,3.59079,3.488,0.0214,3.484,0.7586,sample_m9_100N_1p790000-integrate_subtracted.dat,ok
9.42,19.55,0.1953,19.55,3.55691,3.332,0.0235,3.33,0.8532,sample_m9_150N_1p020000-integrate_subtracted.dat,ok
9.91,28.94,0.2338,28.94,3.67497,3.417,0.02605,3.415,0.8545,sample_m9_150N_1p510000-integrate_subtracted.dat,ok
10.66,39.81,0.1889,39.81,3.61738,3.519,0.01785,3.515,0.7912,sample_m9_150N_2p040000-integrate_subtracted.dat,ok
9.89,23.05,0.1885,23.05,3.59506,3.394,0.01925,3.392,0.8703,sample_m9_200N_1p330000-integrate_subtracted.dat,ok
10.45,36.8,0.2165,36.8,3.5688,3.505,0.01601,3.502,0.869,sample_m9_200N_1p970000-integrate_subtracted.dat,ok
11.29,50.07,0.2523,50.07,3.69739,3.614,0.01728,3.61,0.8269,sample_m9_200N_2p660000-integrate_subtracted.dat,ok
9.59,22.32,0.1212,22.32,3.36479,3.258,0.01602,3.256,0.8784,sample_m9_50N_1p170000-integrate_subtracted.dat,ok
10.01,23.37,0.226,23.37,3.34785,3.268,0.03307,3.265,0.8033,sample_m9_50N_1p17_t370000-integrate_subtracted.dat,ok
9.15,21.71,0.1426,21.71,3.26381,3.08,0.01749,3.078,0.8562,sample_m9_50N_1p17_t500000-integrate_subtracted.dat,ok
10.14,37.07,0.2488,37.07,3.52626,3.339,0.02193,3.336,0.8257,sample_m9_50N_1p730000-integrate_subtracted.dat,ok
10.73,35.07,0.2282,35.07,3.22993,3.392,0.02825,3.387,0.7578,sample_m9_50N_1p73_t370000-integrate_subtracted.dat,ok
10.84,33.86,0.2873,33.86,3.21636,3.315,0.04394,3.31,0.6314,sample_m9_50N_1p73_t500000-integrate_subtracted.dat,ok
10.44,48.72,0.2543,48.72,3.44952,3.426,0.02149,3.422,0.8173,sample_m9_50N_2p340000-integrate_subtracted.dat,ok
11.04,47.6,0.2489,47.6,3.29349,3.389,0.02498,3.383,0.7699,sample_m9_50N_2p34_t370000-integrate_subtracted.dat,ok
10.19,46.69,0.223,46.69,3.2594,3.252,0.01793,3.248,0.7286,sample_m9_50N_2p34_t500000-integrate_subtracted.dat,ok
38.4,83.77,5.204,83.75,9.50796,10.83,0.7991,10.73,0.6718,sample_mMDA10000-integrate_subtracted.dat,ok
,,,,,,,,,sample_mRNA_D2O0000-integrate_subtracted.dat,autorg_failed
43.02,453.6,4.889,453.6,7.16268,10.47,0.1971,10.33,0.628,sample_m_1mg0000-integrate_subtracted.dat,ok
,,,,,,,,,sample_m_20mg0000-integrate_subtracted.dat,autorg_failed
14.33,10290.0,3.761,10290.0,6.36957,5.378,0.0008859,5.38,0.6103,sample_m_40mg0000-integrate_subtracted.dat,ok
15.46,0.1268,0.0002248,0.1268,5.11234,5.074,0.01076,5.073,0.8929,sample_mab10000-integrate_subtracted.dat,ok
37.29,1.608,0.003167,1.608,6.58409,6.608,0.05975,6.623,0.6169,sample_mab100000-integrate_subtracted.dat,ok
13.58,8.897,0.003159,8.897,6.73921,5.016,0.0008913,5.015,0.5604,sample_mab1050000-integrate_subtracted.dat,ok
12.15,8.046,0.001803,8.046,6.03094,4.437,0.0004451,4.436,0.5615,sample_mab1250000-integrate_subtracted.dat,ok
40.71,2.668,0.00536,2.669,7.18743,7.092,0.06229,7.113,0.617,sample_mab150000-integrate_subtracted.dat,ok
19.31,0.2364,0.0004382,0.2364,5.29089,5.416,0.01578,5.411,0.7997,sample_mab20000-integrate_subtracted.dat,ok
26.9,3.848,0.004123,3.848,7.31368,7.79,0.01287,7.767,0.7226,sample_mab200000-integrate_subtracted.dat,ok
29.0,5.158,0.004358,5.158,7.84301,8.358,0.01116,8.329,0.675,sample_mab250000-integrate_subtracted.dat,ok
18.96,5.338,0.001494,5.338,7.74916,6.801,0.001158,6.797,0.5726,sample_mab300000-integrate_subtracted.dat,ok
19.37,5.989,0.001625,5.989,7.82113,6.929,0.001064,6.924,0.5714,sample_mab350000-integrate_subtracted.dat,ok
25.85,0.5321,0.0009001,0.5321,5.74079,6.079,0.02495,6.065,0.7291,sample_mab40000-integrate_subtracted.dat,ok
25.49,0.6499,0.001135,0.6499,5.94383,6.26,0.02701,6.245,0.7419,sample_mab50000-integrate_subtracted.dat,ok
21.05,9.452,0.002828,9.452,8.094,7.469,0.001319,7.462,0.566,sample_mab52p50000-integrate_subtracted.dat,ok
18.26,9.845,0.003253,9.845,7.46241,6.553,0.001255,6.549,0.5605,sample_mab700000-integrate_subtracted.dat,ok
6.37,43.22,0.09836,43.22,2.57083,2.558,0.003511,2.557,0.4237,sample_mix120000-integrate_subtracted.dat,ok
,,,,,,,,,sample_mix40000-integrate_subtracted.dat,autorg_failed
,,,,,,,,,sample_mix750000-integrate_subtracted.dat,autorg_failed
8.17,253.2,0.1691,253.2,2.94514,2.902,0.001518,2.902,0.6062,sample_mou_WT0000-integrate_subtracted.dat,ok
12.46,213.7,0.3741,213.7,2.92735,3.219,0.01158,3.216,0.5518,sample_mou_WT_00020000-integrate_subtracted.dat,ok
8.19,191.0,0.1532,191.0,2.66717,2.657,0.002813,2.657,0.8956,sample_mouse_WT_G16bP0000-integrate_subtracted.dat,ok
9.36,214.0,0.3523,214.0,2.92808,2.932,0.006815,2.932,0.8733,sample_mouse_WT_M1P0000-integrate_subtracted.dat,ok
8.16,186.6,0.2006,186.6,2.74692,2.744,0.00346,2.744,0.9619,sample_mouse_WT_apo0000-integrate_subtracted.dat,ok
10.51,218.9,0.2872,218.9,2.86388,2.941,0.00673,2.94,0.7898,sample_mouse_WT_g16bp0000-integrate_subtracted.dat,ok
,,,,,,,,,sample_n10000-integrate_subtracted.dat,autorg_failed
34.19,0.03473,0.001868,0.03473,10.8438,11.89,0.3534,11.86,0.8989,sample_n20000-integrate_subtracted.dat,ok
38.38,0.08924,0.00508,0.08923,11.8955,13.6,0.4114,13.57,0.9009,sample_n30000-integrate_subtracted.dat,ok
,,,,,,,,,sample_n40000-integrate_subtracted.dat,autorg_failed
,,,,,,,,,sample_n50000-integrate_subtracted.dat,autorg_failed
,,,,,,,,,sample_nanotube0000-integrate_subtracted.dat,autorg_failed
10.84,22.79,0.5075,0.0,2.54406,6.734,0.07327,0.0,0.2641,sample_nds_100uM0000-integrate_subtracted.dat,ok
3.16,5.574,0.07506,6.854,1.58366,2.422,0.04294,26.41,0.2347,sample_nds_tir_monomer_100uM0000-integrate_subtracted.dat,ok
4.06,141.0,0.06325,141.0,1.47496,1.469,0.0005818,1.47,0.6456,sample_new_mask0000-integrate_subtracted.dat,ok
6.23,48.03,0.2045,48.03,1.98003,1.975,0.01046,1.975,0.6596,sample_noTT0000-integrate_subtracted.dat,ok
14.47,0.0296,0.0002173,0.0296,2.56952,0.6242,0.2644,0.3853,0.6845,sample_o10000-integrate_subtracted.dat,ok
6.67,0.01651,7.275e-05,0.01651,3.27918,2.814,0.006503,2.815,0.55,sample_o20000-integrate_subtracted.dat,ok
,,,,,,,,,sample_o30000-integrate_subtracted.dat,autorg_failed
,,,,,,,,,sample_o40000-integrate_subtracted.dat,autorg_failed
,,,,,,,,,sample_o50000-integrate_subtracted.dat,autorg_failed
4.19,140.6,0.09693,140.6,1.44461,1.474,0.0009951,1.475,0.6569,sample_old_mask0000-integrate_subtracted.dat,ok
6.78,0.05589,0.0001096,0.05589,2.89362,2.77,0.002609,2.771,0.5784,sample_p1020000-integrate_subtracted.dat,ok
,,,,,,,,,sample_p1030000-integrate_subtracted.dat,autorg_failed
,,,,,,,,,sample_p1040000-integrate_subtracted.dat,autorg_failed
,,,,,,,,,sample_p1050000-integrate_subtracted.dat,autorg_failed
,,,,,,,,,sample_p1060000-integrate_subtracted.dat,autorg_failed
34.29,0.03185,0.001749,0.03185,9.5234,13.64,0.2882,13.7,0.9028,sample_p1080000-integrate_subtracted.dat,ok
,,,,,,,,,sample_p1090000-integrate_subtracted.dat,autorg_failed
20.72,0.001474,0.0004286,0.001474,10.2838,6.265,1.845,6.103,0.5445,sample_p1120000-integrate_subtracted.dat,ok
,,,,,,,,,sample_p1130000-integrate_subtracted.dat,autorg_failed
6.78,0.01318,8.849e-05,0.01318,2.56229,2.614,0.01682,2.616,0.7469,sample_p1170000-integrate_subtracted.dat,ok
7.42,0.01036,0.000125,0.01036,2.71492,2.63,0.03219,2.632,0.7196,sample_p1180000-integrate_subtracted.dat,ok
,,,,,,,,,sample_p1190000-integrate_subtracted.dat,autorg_failed
,,,,,,,,,sample_p1200000-integrate_subtracted.dat,autorg_failed
,,,,,,,,,sample_p1210000-integrate_subtracted.dat,autorg_failed
5.99,0.02739,0.0001287,0.02739,2.60023,2.472,0.006267,2.473,0.7942,sample_p1220000-integrate_subtracted.dat,ok
,,,,,,,,,sample_p1230000-integrate_subtracted.dat,autorg_failed
,,,,,,,,,sample_p1240000-integrate_subtracted.dat,autorg_failed
,,,,,,,,,sample_p1250000-integrate_subtracted.dat,autorg_failed
,,,,,,,,,sample_p1260000-integrate_subtracted.dat,autorg_failed
2.54,0.001462,3.033e-05,0.001462,1.27298,0.5972,0.05517,0.5969,0.5536,sample_p220000-integrate_subtracted.dat,ok
,,,,,,,,,sample_p250000-integrate_subtracted.dat,autorg_failed
,,,,,,,,,sample_p280000-integrate_subtracted.dat,autorg_failed
,,,,,,,,,sample_p290000-integrate_subtracted.dat,autorg_failed
,,,,,,,,,sample_p300000-integrate_subtracted.dat,autorg_failed
,,,,,,,,,sample_p310000-integrate_subtracted.dat,autorg_failed
,,,,,,,,,sample_p320000-integrate_subtracted.dat,autorg_failed
45.28,0.02417,0.004954,0.02417,8.35343,17.55,1.689,17.59,0.7536,sample_p340000-integrate_subtracted.dat,ok
40.78,0.0162,0.002788,0.0162,8.74326,15.96,1.041,16.0,0.768,sample_p350000-integrate_subtracted.dat,ok
,,,,,,,,,sample_p400000-integrate_subtracted.dat,autorg_failed
,,,,,,,,,sample_p410000-integrate_subtracted.dat,autorg_failed
,,,,,,,,,sample_p480000-integrate_subtracted.dat,autorg_failed
,,,,,,,,,sample_p500000-integrate_subtracted.dat,autorg_failed
,,,,,,,,,sample_p510000-integrate_subtracted.dat,autorg_failed
46.15,0.03419,0.004221,0.03419,10.2215,13.85,1.352,13.83,0.9505,sample_p530000-integrate_subtracted.dat,ok
6.38,0.01482,9.509e-05,0.01482,2.27419,2.24,0.01307,2.239,0.6828,sample_p53_BC_10000-integrate_subtracted.dat,ok
6.9,0.01616,0.0001114,0.01616,2.27347,2.299,0.01521,2.298,0.6162,sample_p53_BC_20000-integrate_subtracted.dat,ok
7.05,0.0195,0.0001298,0.0195,2.49833,2.41,0.01471,2.409,0.8164,sample_p53_BC_30000-integrate_subtracted.dat,ok
6.74,0.01643,5.716e-05,0.01643,2.19394,2.211,0.009123,2.21,0.7053,sample_p53_BC_40000-integrate_subtracted.dat,ok
5.76,0.01466,5.451e-05,0.01466,2.04228,1.988,0.007653,1.987,0.7969,sample_p53_BC_50000-integrate_subtracted.dat,ok
5.53,0.01439,7.857e-05,0.01439,1.94123,1.918,0.01029,1.918,0.8194,sample_p53_BC_60000-integrate_subtracted.dat,ok
5.9,0.01621,5.899e-05,0.01621,1.9204,1.949,0.009106,1.949,0.7796,sample_p53_BC_70000-integrate_subtracted.dat,ok
,,,,,,,,,sample_p53_BH_0p2420000-integrate_subtracted.dat,autorg_failed
,,,,,,,,,sample_p53_BH_0p3330000-integrate_subtracted.dat,autorg_failed
4.75,0.001419,4.92e-05,0.001419,1.9812,1.856,0.05122,1.856,0.5575,sample_p53_BH_0p4860000-integrate_subtracted.dat,ok
6.61,0.002135,6.1e-05,0.002135,2.18727,2.054,0.08432,2.053,0.6073,sample_p53_BH_0p6380000-integrate_subtracted.dat,ok
5.52,0.003069,4.294e-05,0.003069,2.22831,2.015,0.02735,2.014,0.5696,sample_p53_BH_0p9180000-integrate_subtracted.dat,ok
6.6,0.00308,8.669e-05,0.00308,2.09595,2.154,0.07485,2.153,0.8242,sample_p53_BH_1p1770000-integrate_subtracted.dat,ok
10.7,0.006358,0.0001117,0.006357,2.24646,2.465,0.1102,2.462,0.6469,sample_p53_BH_1p9810000-integrate_subtracted.dat,ok
6.67,0.008202,6.958e-05,0.008202,2.82598,2.37,0.01749,2.369,0.6678,sample_p53_BH_2p3040000-integrate_subtracted.dat,ok
7.47,0.01628,0.0001105,0.01628,2.61893,2.556,0.01852,2.554,0.7644,sample_p53_BH_3p7830000-integrate_subtracted.dat,ok
6.48,0.01367,9.727e-05,0.01367,2.37662,2.253,0.01659,2.253,0.7089,sample_p53_BH_4p1930000-integrate_subtracted.dat,ok
7.46,0.03582,0.0001253,0.03582,1.24092,1.854,0.01762,1.851,0.5884,sample_p53_BH_7p4560000-integrate_subtracted.dat,ok
12.36,0.02674,0.0002655,0.02674,2.21327,2.513,0.09393,2.508,0.6386,sample_p53_BH_7p6920000-integrate_subtracted.dat,ok
,,,,,,,,,sample_p53_BL_0p2490000-integrate_subtracted.dat,autorg_failed
18.43,0.02149,0.0002999,0.0215,3.07092,7.839,0.0293,7.859,0.4866,sample_p53_BL_0p5000000-integrate_subtracted.dat,ok
,,,,,,,,,sample_p53_BL_0p5650000-integrate_subtracted.dat,autorg_failed
,,,,,,,,,sample_p53_BL_0p9610000-integrate_subtracted.dat,autorg_failed
6.11,0.007041,6.732e-05,0.007041,2.41917,2.228,0.01771,2.228,0.828,sample_p53_BL_1p0140000-integrate_subtracted.dat,ok
5.89,0.006024,7.264e-05,0.006024,2.40803,2.151,0.02189,2.151,0.7821,sample_p53_BL_1p8710000-integrate_subtracted.dat,ok
6.17,0.007499,5.659e-05,0.007499,2.28707,2.22,0.01517,2.219,0.7151,sample_p53_BL_2p2180000-integrate_subtracted.dat,ok
,,,,,,,,,sample_p53_BL_4p3540000-integrate_subtracted.dat,autorg_failed
8.39,0.02051,0.0001019,0.02051,2.09209,2.237,0.02306,2.236,0.6732,sample_p53_BL_6p4000000-integrate_subtracted.dat,ok
7.2,0.02956,0.0001342,0.02956,2.5025,2.468,0.01079,2.467,0.7072,sample_p53_BL_7p8150000-integrate_subtracted.dat,ok
8.61,0.02671,0.0001768,0.02671,2.22776,2.378,0.03128,2.376,0.6607,sample_p53_BL_8p1310000-integrate_subtracted.dat,ok
6.05,0.001147,6.372e-05,0.001147,1.9352,1.866,0.168,1.865,0.5948,sample_p53_CH_0p250000-integrate_subtracted.dat,ok
,,,,,,,,,sample_p53_CH_0p50000-integrate_subtracted.dat,autorg_failed
8.57,0.0043,0.0001014,0.004299,1.87038,1.981,0.1227,1.98,0.6305,sample_p53_CH_10000-integrate_subtracted.dat,ok
5.97,0.007946,5.729e-05,0.007946,1.90961,1.947,0.01673,1.946,0.6374,sample_p53_CH_20000-integrate_subtracted.dat,ok
5.79,0.01616,7.468e-05,0.01616,1.9453,1.946,0.01047,1.945,0.6912,sample_p53_CH_40000-integrate_subtracted.dat,ok
6.33,0.02588,9.337e-05,0.02588,1.94643,2.002,0.009384,2.001,0.6885,sample_p53_CH_80000-integrate_subtracted.dat,ok
,,,,,,,,,sample_p53_CL_0p250000-integrate_subtracted.dat,autorg_failed
5.08,0.002126,8.535e-05,0.002126,1.67938,1.798,0.07995,1.797,0.6935,sample_p53_CL_0p50000-integrate_subtracted.dat,ok
8.36,0.004592,0.0001308,0.004592,1.79345,1.912,0.1468,1.911,0.6311,sample_p53_CL_10000-integrate_subtracted.dat,ok
10.7,0.008752,0.000123,0.008752,1.78208,1.933,0.1193,1.932,0.664,sample_p53_CL_20000-integrate_subtracted.dat,ok
5.24,0.01569,5.706e-05,0.01569,1.82246,1.832,0.007672,1.832,0.7886,sample_p53_CL_40000-integrate_subtracted.dat,ok
5.82,0.02745,7.524e-05,0.02745,1.82002,1.879,0.006746,1.878,0.7531,sample_p53_CL_80000-integrate_subtracted.dat,ok
7.27,0.042,0.0001451,0.042,2.23714,2.303,0.01081,2.301,0.7402,sample_p53_HS_BC0000-integrate_subtracted.dat,ok
,,,,,,,,,sample_p550000-integrate_subtracted.dat,autorg_failed
11.98,0.01162,0.0002249,0.01162,3.14939,4.012,0.08672,4.0,0.6346,sample_p570000-integrate_subtracted.dat,ok
34.51,0.01135,0.002067,0.01135,8.003,11.21,1.781,11.19,0.8658,sample_p580000-integrate_subtracted.dat,ok
,,,,,,,,,sample_p610000-integrate_subtracted.dat,autorg_failed
11.28,0.04464,0.0001887,0.04464,2.25419,2.524,0.02727,2.52,0.6347,sample_p630000-integrate_subtracted.dat,ok
,,,,,,,,,sample_p63_BH_0p1660000-integrate_subtracted.dat,autorg_failed
4.93,0.0009683,5.076e-05,0.0009683,1.49208,1.657,0.1208,1.657,0.5369,sample_p63_BH_0p2020000-integrate_subtracted.dat,ok
5.87,0.00144,8.191e-05,0.00144,1.60805,1.809,0.1659,1.809,0.6504,sample_p63_BH_0p3180000-integrate_subtracted.dat,ok
6.34,0.001867,7.408e-05,0.001867,1.69253,1.74,0.1424,1.74,0.5642,sample_p63_BH_0p3530000-integrate_subtracted.dat,ok
9.64,0.003727,0.0001229,0.003727,1.79297,1.939,0.2482,1.937,0.6238,sample_p63_BH_0p6710000-integrate_subtracted.dat,ok
4.98,0.003645,6.671e-05,0.003645,1.91339,1.769,0.03773,1.768,0.6161,sample_p63_BH_0p7520000-integrate_subtracted.dat,ok
5.1,0.0077,8.04e-05,0.0077,2.05893,1.875,0.01807,1.874,0.7785,sample_p63_BH_1p2980000-integrate_subtracted.dat,ok
8.41,0.007887,0.000129,0.007887,1.83184,1.787,0.1084,1.787,0.6441,sample_p63_BH_1p3380000-integrate_subtracted.dat,ok
5.47,0.01231,7.527e-05,0.01231,2.00547,1.963,0.01127,1.963,0.7654,sample_p63_BH_2p4560000-integrate_subtracted.dat,ok
5.94,0.01573,8.08e-05,0.01573,2.01698,2.0,0.01135,1.999,0.7847,sample_p63_BH_2p8580000-integrate_subtracted.dat,ok
5.79,0.03526,0.0001047,0.03526,1.96331,1.946,0.006942,1.945,0.8191,sample_p63_BH_6p6650000-integrate_subtracted.dat,ok
5.89,0.04176,0.0001209,0.04176,1.92928,1.948,0.005856,1.948,0.7582,sample_p63_BH_7p5660000-integrate_subtracted.dat,ok
,,,,,,,,,sample_p63_BL_0p2020000-integrate_subtracted.dat,autorg_failed
4.36,0.001966,4.43e-05,0.001966,1.64623,1.614,0.04172,1.614,0.5558,sample_p63_BL_0p3260000-integrate_subtracted.dat,ok
8.49,0.002403,6.96e-05,0.002403,1.69893,1.984,0.1683,1.982,0.5708,sample_p63_BL_0p4000000-integrate_subtracted.dat,ok
5.32,0.002933,4.667e-05,0.002933,1.84977,1.835,0.03257,1.835,0.5777,sample_p63_BL_0p5510000-integrate_subtracted.dat,ok
5.81,0.004265,6.497e-05,0.004265,2.05896,1.966,0.03307,1.966,0.7739,sample_p63_BL_0p7800000-integrate_subtracted.dat,ok
4.92,0.005611,5.639e-05,0.005611,1.9256,1.786,0.01642,1.786,0.732,sample_p63_BL_1p1460000-integrate_subtracted.dat,ok
5.59,0.007383,8.429e-05,0.007383,1.92991,1.889,0.02627,1.888,0.6632,sample_p63_BL_1p2270000-integrate_subtracted.dat,ok
5.35,0.01266,8.109e-05,0.01266,1.90979,1.874,0.01244,1.873,0.7765,sample_p63_BL_2p1120000-integrate_subtracted.dat,ok
5.42,0.01374,6.387e-05,0.01374,1.80557,1.848,0.01007,1.848,0.7987,sample_p63_BL_2p6770000-integrate_subtracted.dat,ok
5.74,0.02222,7.776e-05,0.02222,1.86938,1.898,0.008706,1.897,0.7558,sample_p63_BL_4p0110000-integrate_subtracted.dat,ok
6.28,0.03417,8.873e-05,0.03417,1.7278,1.832,0.00841,1.831,0.6792,sample_p63_BL_6p8170000-integrate_subtracted.dat,ok
8.29,0.05109,0.0001535,0.05109,2.33349,2.466,0.01157,2.463,0.676,sample_p63_HS_1ul0000-integrate_subtracted.dat,ok
8.85,0.06397,0.0002322,0.06397,2.55544,2.672,0.01291,2.669,0.696,sample_p63_HS_2ul0000-integrate_subtracted.dat,ok
10.22,0.09849,0.0001874,0.09849,2.94006,3.028,0.008927,3.024,0.6986,sample_p63_HS_4ul0000-integrate_subtracted.dat,ok
,,,,,,,,,sample_p63_HS_8ul0000-integrate_subtracted.dat,autorg_failed
5.36,0.03191,8.835e-05,0.03191,1.91361,1.882,0.005406,1.882,0.8131,sample_p63_HS_pure0000-integrate_subtracted.dat,ok
7.04,0.04043,0.0001122,0.04043,1.86438,1.972,0.009423,1.972,0.761,sample_p63_LS_1ul0000-integrate_subtracted.dat,ok
6.27,0.0484,6.891e-05,0.0484,1.97388,2.033,0.003527,2.033,0.8088,sample_p63_LS_2ul0000-integrate_subtracted.dat,ok
7.06,0.06812,0.00015,0.06812,2.12533,2.229,0.007316,2.228,0.7871,sample_p63_LS_4ul0000-integrate_subtracted.dat,ok
7.33,0.09887,0.0001133,0.09887,2.19011,2.186,0.003638,2.185,0.5745,sample_p63_LS_8ul0000-integrate_subtracted.dat,ok
5.38,0.03071,7.151e-05,0.03071,1.75738,1.807,0.005036,1.807,0.6924,sample_p63_LS_pure0000-integrate_subtracted.dat,ok
,,,,,,,,,sample_p640000-integrate_subtracted.dat,autorg_failed
,,,,,,,,,sample_p650000-integrate_subtracted.dat,autorg_failed
,,,,,,,,,sample_p680000-integrate_subtracted.dat,autorg_failed
,,,,,,,,,sample_p710000-integrate_subtracted.dat,autorg_failed
6.82,0.02537,9.338e-05,0.02537,2.50078,2.532,0.006888,2.534,0.869,sample_p720000-integrate_subtracted.dat,ok
2.91,1.49,0.02959,1.49,1.00302,1.025,0.02988,1.025,0.5263,sample_p72r_hs_0p2330000-integrate_subtracted.dat,ok
4.62,1.492,0.04664,1.492,1.15687,1.347,0.08086,1.347,0.5115,sample_p72r_hs_0p2350000-integrate_subtracted.dat,ok
3.52,1.277,0.02782,1.277,1.72045,1.372,0.02923,1.371,0.5364,sample_p72r_hs_0p2450000-integrate_subtracted.dat,ok
6.04,2.585,0.06948,2.585,1.88945,1.824,0.08748,1.824,0.6082,sample_p72r_hs_0p4050000-integrate_subtracted.dat,ok
7.4,2.382,0.07353,2.382,2.05612,1.896,0.1357,1.896,0.6045,sample_p72r_hs_0p4570000-integrate_subtracted.dat,ok
5.75,2.817,0.06039,2.817,1.58757,1.781,0.05815,1.78,0.5414,sample_p72r_hs_0p4580000-integrate_subtracted.dat,ok
6.66,5.358,0.05696,5.358,2.05167,2.178,0.02983,2.177,0.5067,sample_p72r_hs_0p8620000-integrate_subtracted.dat,ok
7.55,4.626,0.07197,4.626,1.82941,2.041,0.07045,2.04,0.6235,sample_p72r_hs_0p9250000-integrate_subtracted.dat,ok
6.9,4.755,0.07089,4.755,1.74072,1.961,0.06059,1.96,0.6121,sample_p72r_hs_0p9320000-integrate_subtracted.dat,ok
11.51,8.205,0.1319,8.205,2.07735,2.372,0.1234,2.37,0.6596,sample_p72r_hs_1p6240000-integrate_subtracted.dat,ok
10.89,8.664,0.1558,8.664,2.10554,2.367,0.1372,2.364,0.6003,sample_p72r_hs_1p6340000-integrate_subtracted.dat,ok
8.51,8.612,0.1055,8.612,1.90724,2.116,0.07388,2.115,0.6422,sample_p72r_hs_1p8110000-integrate_subtracted.dat,ok
10.62,15.09,0.2039,15.09,2.06896,2.228,0.09138,2.227,0.6678,sample_p72r_hs_3p1720000-integrate_subtracted.dat,ok
9.19,15.13,0.1242,15.13,2.02961,2.255,0.05121,2.253,0.5729,sample_p72r_hs_3p3530000-integrate_subtracted.dat,ok
11.57,18.81,0.1553,18.81,2.33722,2.654,0.06401,2.651,0.6636,sample_p72r_hs_3p3910000-integrate_subtracted.dat,ok
12.19,25.91,0.1954,25.91,2.232,2.516,0.06725,2.513,0.6749,sample_p72r_hs_5p3310000-integrate_subtracted.dat,ok
10.94,28.62,0.102,28.62,2.17048,2.408,0.0285,2.406,0.6624,sample_p72r_hs_5p5640000-integrate_subtracted.dat,ok
11.03,27.92,0.194,27.92,2.15253,2.352,0.05966,2.351,0.6578,sample_p72r_hs_6p6480000-integrate_subtracted.dat,ok
5.38,1.7,0.04712,1.7,1.35016,1.663,0.08938,1.662,0.5367,sample_p72r_ls_0p2140000-integrate_subtracted.dat,ok
6.5,1.789,0.05702,1.789,1.53986,1.896,0.1378,1.894,0.5694,sample_p72r_ls_0p2500000-integrate_subtracted.dat,ok
5.8,2.737,0.0558,2.737,1.61593,1.85,0.0615,1.849,0.5679,sample_p72r_ls_0p4440000-integrate_subtracted.dat,ok
5.43,3.027,0.04552,3.027,1.54374,1.817,0.0405,1.816,0.5572,sample_p72r_ls_0p4470000-integrate_subtracted.dat,ok
8.02,5.702,0.08957,5.702,1.97433,2.113,0.07517,2.112,0.6163,sample_p72r_ls_0p8730000-integrate_subtracted.dat,ok
8.89,5.053,0.087,5.053,1.81787,2.094,0.1067,2.093,0.6426,sample_p72r_ls_0p9380000-integrate_subtracted.dat,ok
10.91,8.786,0.1594,8.786,1.97709,2.268,0.1402,2.266,0.6131,sample_p72r_ls_1p6760000-integrate_subtracted.dat,ok
10.01,8.492,0.08781,8.492,1.86063,2.467,0.07471,2.463,0.5628,sample_p72r_ls_1p6840000-integrate_subtracted.dat,ok
9.95,16.42,0.1621,16.42,2.00541,2.325,0.06511,2.323,0.5737,sample_p72r_ls_3p1830000-integrate_subtracted.dat,ok
10.57,14.84,0.07912,14.84,2.116,2.346,0.03826,2.345,0.655,sample_p72r_ls_3p3940000-integrate_subtracted.dat,ok
10.61,28.32,0.1485,28.32,2.21815,2.431,0.03773,2.429,0.5994,sample_p72r_ls_6p2140000-integrate_subtracted.dat,ok
10.97,33.41,0.2118,33.41,2.1949,2.49,0.04678,2.488,0.6727,sample_p72r_ls_6p4750000-integrate_subtracted.dat,ok
9.95,0.007992,0.0001254,0.007992,3.20902,3.211,0.06253,3.208,0.6722,sample_p730000-integrate_subtracted.dat,ok
4.22,0.001016,4.492e-05,0.001016,2.09348,1.716,0.0515,1.716,0.7633,sample_p73_BH_0p2100000-integrate_subtracted.dat,ok
11.11,0.00276,0.0001814,0.00276,1.9039,2.907,0.3797,2.9,0.5365,sample_p73_BH_0p4440000-integrate_subtracted.dat,ok
4.62,0.001304,5.24e-05,0.001304,1.72536,1.706,0.06331,1.706,0.8223,sample_p73_BH_0p5850000-integrate_subtracted.dat,ok
,,,,,,,,,sample_p73_BH_0p7340000-integrate_subtracted.dat,autorg_failed
6.09,0.003094,7.034e-05,0.003094,1.7775,1.92,0.06397,1.919,0.5881,sample_p73_BH_0p8410000-integrate_subtracted.dat,ok
5.29,0.005617,6.049e-05,0.005617,1.83283,1.856,0.02133,1.855,0.7047,sample_p73_BH_1p4030000-integrate_subtracted.dat,ok
5.75,0.0101,7.55e-05,0.0101,2.17043,2.029,0.01468,2.028,0.7996,sample_p73_BH_1p5760000-integrate_subtracted.dat,ok
5.16,0.01059,7.998e-05,0.01059,1.92395,1.868,0.01453,1.867,0.7771,sample_p73_BH_2p2240000-integrate_subtracted.dat,ok
5.3,0.01558,0.0001018,0.01558,1.87131,1.86,0.01237,1.86,0.6797,sample_p73_BH_3p0040000-integrate_subtracted.dat,ok
5.3,0.01893,9.616e-05,0.01893,1.88992,1.85,0.008773,1.849,0.7465,sample_p73_BH_3p6450000-integrate_subtracted.dat,ok
5.49,0.03079,0.0001113,0.03079,1.91048,1.867,0.006666,1.866,0.7395,sample_p73_BH_5p3420000-integrate_subtracted.dat,ok
5.44,0.02712,9.983e-05,0.02712,1.9085,1.886,0.006925,1.886,0.7888,sample_p73_BH_5p3620000-integrate_subtracted.dat,ok
,,,,,,,,,sample_p73_BL_0p2110000-integrate_subtracted.dat,autorg_failed
6.61,0.002432,7.271e-05,0.002432,1.77489,1.913,0.1155,1.912,0.6278,sample_p73_BL_0p4670000-integrate_subtracted.dat,ok
5.08,0.002384,3.884e-05,0.002384,1.75143,1.75,0.03486,1.75,0.6456,sample_p73_BL_0p4760000-integrate_subtracted.dat,ok
5.3,0.00388,7.192e-05,0.00388,2.00206,1.902,0.03686,1.901,0.7451,sample_p73_BL_0p8420000-integrate_subtracted.dat,ok
9.45,0.004852,0.0001224,0.004852,1.69233,1.855,0.1876,1.854,0.5733,sample_p73_BL_0p8490000-integrate_subtracted.dat,ok
,,,,,,,,,sample_p73_BL_1p5850000-integrate_subtracted.dat,autorg_failed
10.39,0.009651,0.0001213,0.009651,1.88809,2.116,0.0892,2.114,0.5787,sample_p73_BL_1p7180000-integrate_subtracted.dat,ok
5.85,0.01611,5.403e-05,0.01611,1.88728,1.92,0.008479,1.919,0.7137,sample_p73_BL_3p0740000-integrate_subtracted.dat,ok
5.01,0.0154,9.5e-05,0.0154,1.78694,1.757,0.0107,1.756,0.7191,sample_p73_BL_3p1560000-integrate_subtracted.dat,ok
8.63,0.03008,0.0001309,0.03008,1.45928,1.369,0.04415,1.372,0.5399,sample_p73_BL_5p2060000-integrate_subtracted.dat,ok
31.06,0.6256,0.002337,0.6257,11.0805,11.48,0.01909,11.51,0.6064,sample_p73_BL_5p6150000-integrate_subtracted.dat,ok
5.41,0.03453,8.672e-05,0.03453,1.76201,1.811,0.005616,1.81,0.7195,sample_p73_BL_6p8430000-integrate_subtracted.dat,ok
9.44,0.04861,0.0001509,0.04861,2.36615,2.6,0.01414,2.596,0.6323,sample_p73_HS_1ul0000-integrate_subtracted.dat,ok
8.8,0.05751,0.000189,0.05751,2.58533,2.674,0.01058,2.671,0.7374,sample_p73_HS_2ul0000-integrate_subtracted.dat,ok
9.88,0.08541,0.0002151,0.08541,2.8198,2.936,0.00993,2.932,0.6864,sample_p73_HS_4ul0000-integrate_subtracted.dat,ok
10.92,0.1512,0.000315,0.1512,3.03281,3.187,0.008685,3.183,0.7398,sample_p73_HS_8ul0000-integrate_subtracted.dat,ok
5.74,0.03164,0.000121,0.03164,1.89481,1.91,0.007637,1.91,0.7285,sample_p73_HS_pure0000-integrate_subtracted.dat,ok
5.52,0.03493,9.84e-05,0.03493,1.84136,1.868,0.005679,1.868,0.7996,sample_p73_LS_1ul0000-integrate_subtracted.dat,ok
6.23,0.04861,0.0001402,0.04861,2.0271,2.04,0.006332,2.039,0.7626,sample_p73_LS_2ul0000-integrate_subtracted.dat,ok
6.53,0.06543,0.0001498,0.06543,2.1061,2.158,0.00518,2.157,0.7942,sample_p73_LS_4ul0000-integrate_subtracted.dat,ok
12.95,0.09104,0.0004108,0.09104,2.23677,0.4311,0.2108,0.5664,0.6029,sample_p73_LS_8ul0000-integrate_subtracted.dat,ok
5.03,0.02624,8.529e-05,0.02624,1.70606,1.73,0.006063,1.73,0.7993,sample_p73_LS_pure0000-integrate_subtracted.dat,ok
27.28,0.007321,0.001186,0.007321,5.95573,10.32,0.938,10.32,0.6683,sample_p740000-integrate_subtracted.dat,ok
,,,,,,,,,sample_p760000-integrate_subtracted.dat,autorg_failed
,,,,,,,,,sample_p810000-integrate_subtracted.dat,autorg_failed
7.51,2.168,0.05884,2.168,1.46372,2.018,0.1323,2.016,0.5885,sample_p82l_hs_0p2770000-integrate_subtracted.dat,ok
6.74,1.818,0.07701,1.818,1.25384,1.943,0.1748,1.942,0.5559,sample_p82l_hs_0p2800000-integrate_subtracted.dat,ok
5.65,2.377,0.05498,2.377,1.50882,2.009,0.0549,2.008,0.5046,sample_p82l_hs_0p3030000-integrate_subtracted.dat,ok
7.93,3.002,0.08443,3.002,1.69967,2.06,0.1403,2.058,0.5485,sample_p82l_hs_0p5280000-integrate_subtracted.dat,ok
8.55,3.484,0.09127,3.484,1.8344,2.291,0.152,2.289,0.627,sample_p82l_hs_0p5830000-integrate_subtracted.dat,ok
7.1,3.164,0.07451,3.164,1.65464,2.065,0.1041,2.064,0.5727,sample_p82l_hs_0p5910000-integrate_subtracted.dat,ok
7.27,5.375,0.07996,5.375,1.82891,2.083,0.06038,2.082,0.5958,sample_p82l_hs_1p1230000-integrate_subtracted.dat,ok
8.38,4.983,0.09214,4.983,1.87649,1.822,0.132,1.822,0.6333,sample_p82l_hs_1p1470000-integrate_subtracted.dat,ok
8.49,4.971,0.1091,4.971,1.92355,2.159,0.1057,2.158,0.6326,sample_p82l_hs_1p1530000-integrate_subtracted.dat,ok
10.79,9.079,0.09529,9.079,1.96764,2.333,0.09038,2.331,0.5738,sample_p82l_hs_2p1830000-integrate_subtracted.dat,ok
8.09,9.084,0.08801,9.084,2.00255,2.199,0.05029,2.198,0.6464,sample_p82l_hs_2p2970000-integrate_subtracted.dat,ok
11.83,8.736,0.1567,8.736,1.98499,2.201,0.1888,2.2,0.5851,sample_p82l_hs_2p3270000-integrate_subtracted.dat,ok
11.31,20.72,0.1401,20.72,2.32112,2.627,0.05008,2.624,0.6541,sample_p82l_hs_3p9480000-integrate_subtracted.dat,ok
12.75,19.07,0.3041,19.07,2.24907,2.212,0.1957,2.215,0.6671,sample_p82l_hs_4p1950000-integrate_subtracted.dat,ok
13.7,19.76,0.2296,19.76,2.28032,2.523,0.128,2.521,0.6697,sample_p82l_hs_4p5410000-integrate_subtracted.dat,ok
10.84,29.94,0.1376,29.94,2.09949,2.292,0.037,2.291,0.6619,sample_p82l_hs_8p3450000-integrate_subtracted.dat,ok
9.68,36.23,0.1901,36.23,2.29465,2.5,0.0317,2.499,0.6693,sample_p82l_hs_8p4220000-integrate_subtracted.dat,ok
12.54,32.32,0.2331,32.32,2.16338,2.572,0.07201,2.568,0.6726,sample_p82l_hs_8p9170000-integrate_subtracted.dat,ok
7.36,2.001,0.05735,2.001,1.26165,2.039,0.1396,2.037,0.5081,sample_p82l_ls_0p2730000-integrate_subtracted.dat,ok
5.4,1.843,0.04766,1.843,1.02072,1.471,0.1069,1.47,0.5578,sample_p82l_ls_0p2810000-integrate_subtracted.dat,ok
10.36,3.039,0.09065,3.039,1.7606,2.034,0.3106,2.034,0.5867,sample_p82l_ls_0p5290000-integrate_subtracted.dat,ok
7.2,3.176,0.07293,3.176,1.63033,1.98,0.115,1.978,0.5819,sample_p82l_ls_0p5330000-integrate_subtracted.dat,ok
8.02,5.321,0.08275,5.321,1.88616,2.095,0.07181,2.094,0.5981,sample_p82l_ls_1p0370000-integrate_subtracted.dat,ok
10.85,5.136,0.1145,5.136,1.89934,2.311,0.1924,2.308,0.5971,sample_p82l_ls_1p0480000-integrate_subtracted.dat,ok
10.23,9.433,0.1059,9.433,2.04949,2.422,0.07894,2.42,0.5748,sample_p82l_ls_1p8440000-integrate_subtracted.dat,ok
11.71,9.58,0.179,9.579,2.08138,2.391,0.1607,2.388,0.6387,sample_p82l_ls_1p9920000-integrate_subtracted.dat,ok
11.95,15.83,0.1373,15.83,2.02027,2.438,0.08038,2.434,0.6455,sample_p82l_ls_4p0850000-integrate_subtracted.dat,ok
11.55,20.07,0.1689,20.07,2.31351,2.613,0.05908,2.61,0.6411,sample_p82l_ls_4p1870000-integrate_subtracted.dat,ok
11.53,28.92,0.1591,28.92,2.0813,2.285,0.04897,2.284,0.6762,sample_p82l_ls_8p0340000-integrate_subtracted.dat,ok
9.45,28.42,0.1258,28.42,2.14008,2.281,0.02776,2.28,0.6658,sample_p82l_ls_8p0480000-integrate_subtracted.dat,ok
27.18,0.004378,0.0006387,0.004378,7.21926,9.492,1.061,9.506,0.8759,sample_p840000-integrate_subtracted.dat,ok
20.35,0.01498,0.0005379,0.01498,3.53921,9.637,0.08723,9.715,0.5381,sample_p870000-integrate_subtracted.dat,ok
40.5,0.02968,0.003506,0.02969,9.1757,15.85,0.6319,15.89,0.8516,sample_p880000-integrate_subtracted.dat,ok
,,,,,,,,,sample_p890000-integrate_subtracted.dat,autorg_failed
8.34,0.01632,0.0001266,0.01632,2.66861,2.678,0.0267,2.68,0.7448,sample_p920000-integrate_subtracted.dat,ok
8.89,0.005386,9.921e-05,0.005386,3.0936,2.968,0.06511,2.968,0.6631,sample_p930000-integrate_subtracted.dat,ok
,,,,,,,,,sample_p940000-integrate_subtracted.dat,autorg_failed
4.3,41.61,0.1034,41.61,1.34619,1.369,0.004819,1.369,0.8111,sample_pH4p50000-integrate_subtracted.dat,ok
3.57,38.77,0.08347,38.77,1.1408,1.146,0.003959,1.146,0.8222,sample_pH50000-integrate_subtracted.dat,ok
25.5,209.5,1.581,209.5,7.13927,10.04,0.04036,10.04,0.3446,sample_pH5_Li0000-integrate_subtracted.dat,ok
4.13,39.18,0.0645,39.18,1.26059,1.289,0.002972,1.289,0.8448,sample_pH5p20000-integrate_subtracted.dat,ok
4.49,48.06,0.1084,48.06,1.23011,1.265,0.005422,1.265,0.8467,sample_pH5p40000-integrate_subtracted.dat,ok
5.85,79.2,0.176,79.2,1.8939,1.914,0.004592,1.913,0.7978,sample_pH5p60000-integrate_subtracted.dat,ok
3.44,42.81,0.09115,42.81,1.10405,1.127,0.003319,1.127,0.7676,sample_pH5p80000-integrate_subtracted.dat,ok
4.24,51.52,0.1085,51.52,1.28462,1.325,0.004124,1.325,0.8236,sample_pH5p90000-integrate_subtracted.dat,ok
4.11,36.1,0.07062,36.1,1.28612,1.312,0.003737,1.312,0.7618,sample_pH60000-integrate_subtracted.dat,ok
4.57,48.22,0.1183,48.22,1.34752,1.393,0.005115,1.393,0.7079,sample_pH6p50000-integrate_subtracted.dat,ok
,,,,,,,,,sample_pH70000-integrate_subtracted.dat,autorg_failed
9.59,43.17,0.2299,43.17,1.7035,1.905,0.04124,1.903,0.6687,sample_pH7p50000-integrate_subtracted.dat,ok
9.8,44.57,0.1876,44.57,1.78314,1.95,0.03089,1.949,0.6409,sample_pH80000-integrate_subtracted.dat,ok
51.38,32.26,12.4,32.3,12.7542,12.82,13.13,11.86,0.5813,sample_pep1_0M_d10000-integrate_subtracted.dat,ok
4.05,15.17,0.09503,15.17,1.38935,1.393,0.009532,1.392,0.6852,sample_pep1_0M_d20000-integrate_subtracted.dat,ok
3.69,10.4,0.0689,10.4,1.40608,1.341,0.01099,1.341,0.7849,sample_pep1_0M_d30000-integrate_subtracted.dat,ok
4.97,5.906,0.08654,5.906,1.53391,1.476,0.03764,1.476,0.6032,sample_pep1_0M_d40000-integrate_subtracted.dat,ok
,,,,,,,,,sample_pep1_0M_d50000-integrate_subtracted.dat,autorg_failed
7.2,18.47,0.1464,18.47,1.34243,1.34,0.05736,1.341,0.6376,sample_pep1_1M_d10000-integrate_subtracted.dat,ok
4.65,13.72,0.08196,13.72,1.41991,1.465,0.01476,1.464,0.7828,sample_pep1_1M_d20000-integrate_subtracted.dat,ok
3.95,9.839,0.06713,9.839,1.40734,1.385,0.01065,1.385,0.8287,sample_pep1_1M_d30000-integrate_subtracted.dat,ok
,,,,,,,,,sample_pep1_1M_d40000-integrate_subtracted.dat,autorg_failed
,,,,,,,,,sample_pep1_1M_d50000-integrate_subtracted.dat,autorg_failed
5.02,14.1,0.1402,14.1,1.31549,1.395,0.03078,1.394,0.6053,sample_pep1_4M_d10000-integrate_subtracted.dat,ok
6.45,11.5,0.1364,11.5,1.29038,1.435,0.0637,1.434,0.6292,sample_pep1_4M_d20000-integrate_subtracted.dat,ok
3.64,7.874,0.09694,7.874,1.35981,1.312,0.01936,1.312,0.7429,sample_pep1_4M_d30000-integrate_subtracted.dat,ok
6.62,6.201,0.1295,6.201,1.24141,1.362,0.1427,1.361,0.6184,sample_pep1_4M_d40000-integrate_subtracted.dat,ok
,,,,,,,,,sample_pep1_4M_d50000-integrate_subtracted.dat,autorg_failed
11.63,176.2,0.4485,176.2,3.49598,3.835,0.0116,3.83,0.3649,sample_pep2_0M_d10000-integrate_subtracted.dat,ok
,,,,,,,,,sample_pep2_0M_d20000-integrate_subtracted.dat,autorg_failed
,,,,,,,,,sample_pep2_0M_d30000-integrate_subtracted.dat,autorg_failed
41.65,33.33,3.823,33.32,11.005,12.19,1.822,12.06,0.6881,sample_pep2_0M_d40000-integrate_subtracted.dat,ok
52.17,1097.0,23.17,1097.0,12.1645,14.56,0.2834,14.42,0.6527,sample_pep2_1M_d10000-integrate_subtracted.dat,ok
65.13,981.0,56.3,980.9,11.6504,17.53,0.8593,17.38,0.6897,sample_pep2_1M_d20000-integrate_subtracted.dat,ok
,,,,,,,,,sample_pep2_1M_d30000-integrate_subtracted.dat,autorg_failed
54.85,215.1,19.42,215.1,11.1629,13.74,1.763,13.63,0.6901,sample_pep2_1M_d40000-integrate_subtracted.dat,ok
,,,,,,,,,sample_pep2_2M_d10000-integrate_subtracted.dat,autorg_failed
,,,,,,,,,sample_pep2_2M_d20000-integrate_subtracted.dat,autorg_failed
50.38,861.9,15.69,861.8,11.2561,14.49,0.217,14.38,0.7019,sample_pep2_2M_d30000-integrate_subtracted.dat,ok
,,,,,,,,,sample_pep2_2M_d40000-integrate_subtracted.dat,autorg_failed
18.0,265.7,0.7207,265.7,8.60464,6.667,0.008805,6.66,0.5484,sample_pep2_4M_d10000-integrate_subtracted.dat,ok
25.59,275.5,1.317,275.4,9.5561,8.981,0.032,8.94,0.5529,sample_pep2_4M_d20000-integrate_subtracted.dat,ok
25.26,236.7,1.352,236.7,9.01182,8.813,0.03768,8.769,0.6038,sample_pep2_4M_d30000-integrate_subtracted.dat,ok
,,,,,,,,,sample_pep2_4M_d40000-integrate_subtracted.dat,autorg_failed
28.27,122.7,1.765,122.7,7.91622,9.177,0.1259,9.145,0.8946,sample_pep2_8M_d10000-integrate_subtracted.dat,ok
39.97,143.7,6.167,143.7,8.36543,11.06,0.5917,10.96,0.6775,sample_pep2_8M_d20000-integrate_subtracted.dat,ok
25.77,39.27,1.18,39.27,10.7431,9.15,0.1672,9.096,0.7311,sample_pep2_8M_d30000-integrate_subtracted.dat,ok
,,,,,,,,,sample_pep2_8M_d40000-integrate_subtracted.dat,autorg_failed
48.87,43.43,11.6,43.44,11.7766,4.172,8.547,3.744,0.5548,sample_pep3_0M_d10000-integrate_subtracted.dat,ok
5.35,16.46,0.1369,16.46,1.30883,1.427,0.02857,1.427,0.5911,sample_pep3_0M_d20000-integrate_subtracted.dat,ok
6.71,12.66,0.1232,12.66,1.31592,1.506,0.05433,1.505,0.6115,sample_pep3_0M_d30000-integrate_subtracted.dat,ok
7.38,8.163,0.1496,8.163,1.30234,1.433,0.1052,1.433,0.6099,sample_pep3_0M_d40000-integrate_subtracted.dat,ok
7.25,4.652,0.1603,4.652,1.23223,1.324,0.2622,1.323,0.6029,sample_pep3_0M_d50000-integrate_subtracted.dat,ok
5.18,19.04,0.1112,19.04,1.23067,1.372,0.01989,1.371,0.6,sample_pep3_1M_d10000-integrate_subtracted.dat,ok
6.78,15.76,0.2233,15.76,1.25928,1.404,0.08389,1.403,0.6335,sample_pep3_1M_d20000-integrate_subtracted.dat,ok
6.51,12.19,0.147,12.19,1.17548,1.338,0.07009,1.337,0.6192,sample_pep3_1M_d30000-integrate_subtracted.dat,ok
5.03,7.412,0.1382,7.412,1.23035,1.321,0.0537,1.321,0.6295,sample_pep3_1M_d40000-integrate_subtracted.dat,ok
3.87,4.88,0.09809,4.88,1.01704,1.187,0.04729,1.186,0.5703,sample_pep3_1M_d50000-integrate_subtracted.dat,ok
4.03,13.15,0.07811,13.15,1.36924,1.382,0.01017,1.381,0.7502,sample_pep3_4M_d10000-integrate_subtracted.dat,ok
4.59,12.43,0.1251,12.43,1.28396,1.394,0.02472,1.393,0.5655,sample_pep3_4M_d20000-integrate_subtracted.dat,ok
8.09,8.866,0.1988,8.865,1.34735,1.55,0.1634,1.549,0.6205,sample_pep3_4M_d30000-integrate_subtracted.dat,ok
5.42,5.915,0.1207,5.915,1.28433,1.419,0.06434,1.418,0.6206,sample_pep3_4M_d40000-integrate_subtracted.dat,ok
2.9,3.799,0.08832,3.799,1.00205,1.099,0.03221,1.099,0.5344,sample_pep3_4M_d50000-integrate_subtracted.dat,ok
43.6,1317.0,12.6,1317.0,12.1064,14.17,0.08401,14.1,0.7677,sample_pfr_100000-integrate_subtracted.dat,ok
,,,,,,,,,sample_pfr_10_20000-integrate_subtracted.dat,autorg_failed
,,,,,,,,,sample_pfr_10_bsa0000-integrate_subtracted.dat,autorg_failed
,,,,,,,,,sample_pfr_10_bsa_20000-integrate_subtracted.dat,autorg_failed
,,,,,,,,,sample_pfr_10_bsa_30000-integrate_subtracted.dat,autorg_failed
,,,,,,,,,sample_pfr_10_peg0000-integrate_subtracted.dat,autorg_failed
,,,,,,,,,sample_pfr_10_peg_20000-integrate_subtracted.dat,autorg_failed
,,,,,,,,,sample_pfr_10_peg_30000-integrate_subtracted.dat,autorg_failed
,,,,,,,,,sample_pfr_5_2800000-integrate_subtracted.dat,autorg_failed
,,,,,,,,,sample_pfr_5_280_30000-integrate_subtracted.dat,autorg_failed
,,,,,,,,,sample_pfr_5_6600000-integrate_subtracted.dat,autorg_failed
,,,,,,,,,sample_pfr_5_660_20000-integrate_subtracted.dat,autorg_failed
,,,,,,,,,sample_pfr_5_660_30000-integrate_subtracted.dat,autorg_failed
,,,,,,,,,sample_plasmid_0p50000-integrate_subtracted.dat,autorg_failed
,,,,,,,,,sample_plasmid_0p5r0000-integrate_subtracted.dat,autorg_failed
,,,,,,,,,sample_plasmid_10000-integrate_subtracted.dat,autorg_failed
,,,,,,,,,sample_plasmid_1p50000-integrate_subtracted.dat,autorg_failed
,,,,,,,,,sample_plasmid_1p5r0000-integrate_subtracted.dat,autorg_failed
,,,,,,,,,sample_plasmid_1r0000-integrate_subtracted.dat,autorg_failed
,,,,,,,,,sample_plasmid_20000-integrate_subtracted.dat,autorg_failed
,,,,,,,,,sample_plasmid_2r0000-integrate_subtracted.dat,autorg_failed
12.64,247.0,0.3515,247.0,2.66849,2.953,0.01207,2.947,0.615,sample_pmm2_A10000-integrate_subtracted.dat,ok
8.61,120.4,0.2565,120.4,2.8946,2.876,0.005947,2.876,0.9024,sample_pmm2_A20000-integrate_subtracted.dat,ok
8.71,62.15,0.1722,62.15,2.87952,2.866,0.008917,2.865,0.8946,sample_pmm2_A30000-integrate_subtracted.dat,ok
9.34,30.21,0.1551,30.21,2.82786,2.862,0.02172,2.862,0.9246,sample_pmm2_A40000-integrate_subtracted.dat,ok
8.96,222.3,0.3492,222.3,2.92785,2.897,0.005029,2.896,0.8998,sample_pmm2_A50000-integrate_subtracted.dat,ok
9.41,120.9,0.203,120.9,2.89574,2.912,0.005835,2.912,0.9043,sample_pmm2_A60000-integrate_subtracted.dat,ok
9.3,60.55,0.164,60.54,2.8825,2.883,0.0101,2.883,0.9192,sample_pmm2_A70000-integrate_subtracted.dat,ok
,,,,,,,,,sample_pmm2_A80000-integrate_subtracted.dat,autorg_failed
8.04,229.3,0.2606,229.3,2.82002,2.776,0.002978,2.776,0.9132,sample_pmm2_B10000-integrate_subtracted.dat,ok
9.0,123.4,0.2041,123.4,2.79056,2.783,0.005804,2.782,0.8652,sample_pmm2_B20000-integrate_subtracted.dat,ok
8.99,61.56,0.1611,61.56,2.7871,2.789,0.008459,2.789,0.9303,sample_pmm2_B30000-integrate_subtracted.dat,ok
9.22,30.48,0.1274,30.48,2.79199,2.782,0.01489,2.782,0.83,sample_pmm2_B40000-integrate_subtracted.dat,ok
8.93,228.5,0.1656,228.5,2.80812,2.818,0.002496,2.818,0.823,sample_pmm2_B50000-integrate_subtracted.dat,ok
7.77,120.5,0.1742,120.5,2.80279,2.756,0.00386,2.756,0.9145,sample_pmm2_B60000-integrate_subtracted.dat,ok
8.76,61.44,0.1637,61.44,2.78234,2.776,0.01137,2.775,0.8667,sample_pmm2_B70000-integrate_subtracted.dat,ok
7.9,31.43,0.1338,31.43,2.77366,2.77,0.0124,2.77,0.8652,sample_pmm2_B80000-integrate_subtracted.dat,ok
4.82,0.002449,3.593e-05,0.002449,1.60764,1.617,0.02833,1.617,0.8065,sample_polyE_0p6250000-integrate_subtracted.dat,ok
44.31,0.0089,0.001478,0.008918,13.1066,15.78,4.766,14.55,0.5311,sample_polyE_100000-integrate_subtracted.dat,ok
5.23,0.004615,3.182e-05,0.004615,1.52609,1.581,0.01888,1.581,0.8746,sample_polyE_1p250000-integrate_subtracted.dat,ok
26.87,0.01991,0.000645,0.01991,9.41571,1.716,1.241,1.627,0.472,sample_polyE_200000-integrate_subtracted.dat,ok
3.99,0.008266,2.29e-05,0.008266,1.43789,1.38,0.004218,1.38,0.6293,sample_polyE_2p50000-integrate_subtracted.dat,ok
37.37,0.0348,0.001319,0.03478,9.96244,7.462,0.9894,7.075,0.5493,sample_polyE_300000-integrate_subtracted.dat,ok
3.25,0.01375,2.912e-05,0.01375,1.10352,1.199,0.002318,1.199,0.5843,sample_polyE_50000-integrate_subtracted.dat,ok
4.36,0.001278,2.695e-05,0.001278,1.45495,1.55,0.04462,1.55,0.8148,sample_polyK_0p6250000-integrate_subtracted.dat,ok
29.73,0.01011,0.0004903,0.0101,11.5614,2.109,1.878,1.743,0.5958,sample_polyK_100000-integrate_subtracted.dat,ok
4.36,0.002712,2.625e-05,0.002712,1.55638,1.531,0.01419,1.531,0.7251,sample_polyK_1p250000-integrate_subtracted.dat,ok
69.24,0.02092,0.006824,0.02091,14.6955,17.26,6.404,16.57,0.5416,sample_polyK_200000-integrate_subtracted.dat,ok
3.97,0.005668,2.44e-05,0.005668,1.60433,1.47,0.006706,1.47,0.6125,sample_polyK_2p50000-integrate_subtracted.dat,ok
39.43,0.02592,0.001618,0.02591,8.81021,8.774,1.475,8.333,0.538,sample_polyK_300000-integrate_subtracted.dat,ok
,,,,,,,,,sample_polyK_50000-integrate_subtracted.dat,autorg_failed
,,,,,,,,,sample_pr_100000-integrate_subtracted.dat,autorg_failed
45.44,1154.0,10.58,1154.0,12.7223,14.3,0.09237,14.2,0.7931,sample_pr_10_20000-integrate_subtracted.dat,ok
,,,,,,,,,sample_pr_10_bsa0000-integrate_subtracted.dat,autorg_failed
,,,,,,,,,sample_pr_10_bsa_20000-integrate_subtracted.dat,autorg_failed
,,,,,,,,,sample_pr_10_bsa_30000-integrate_subtracted.dat,autorg_failed
,,,,,,,,,sample_pr_10_peg0000-integrate_subtracted.dat,autorg_failed
,,,,,,,,,sample_pr_10_peg_20000-integrate_subtracted.dat,autorg_failed
,,,,,,,,,sample_pr_10_peg_30000-integrate_subtracted.dat,autorg_failed
,,,,,,,,,sample_pr_5_2800000-integrate_subtracted.dat,autorg_failed
51.05,1908.0,17.64,1908.0,11.4369,12.84,0.148,12.74,0.733,sample_pr_5_280_20000-integrate_subtracted.dat,ok
52.18,1947.0,20.81,1947.0,11.3782,12.99,0.1936,12.88,0.7188,sample_pr_5_280_30000-integrate_subtracted.dat,ok
,,,,,,,,,sample_pr_5_660_30000-integrate_subtracted.dat,autorg_failed
7.65,140.3,0.1296,140.3,2.88785,2.745,0.001762,2.745,0.6091,sample_proNGF_15uM_6_0_10000-integrate_subtracted.dat,ok
8.57,67.24,0.1473,67.24,2.79013,2.801,0.007986,2.8,0.8921,sample_proNGF_15uM_6_0_20000-integrate_subtracted.dat,ok
9.17,32.24,0.1334,32.24,2.77543,2.803,0.01841,2.802,0.8188,sample_proNGF_15uM_6_0_30000-integrate_subtracted.dat,ok
6.42,13.44,0.06246,13.44,2.62337,2.433,0.009854,2.433,0.9012,sample_proNGF_15uM_6_0_40000-integrate_subtracted.dat,ok
11.23,6.723,0.1053,6.723,2.24962,1.924,0.1861,1.93,0.5936,sample_proNGF_15uM_6_0_50000-integrate_subtracted.dat,ok
12.76,148.5,0.3118,148.5,2.92465,3.188,0.0145,3.184,0.6776,sample_proNGF_15uM_6_1_10000-integrate_subtracted.dat,ok
10.13,98.34,0.1858,98.34,5.02843,3.637,0.003929,3.637,0.5635,sample_proNGF_15uM_6_1_20000-integrate_subtracted.dat,ok
8.75,32.84,0.1524,32.84,2.91773,2.766,0.01568,2.766,0.7786,sample_proNGF_15uM_6_1_30000-integrate_subtracted.dat,ok
7.67,13.68,0.06777,13.68,2.60454,2.576,0.01406,2.576,0.7347,sample_proNGF_15uM_6_1_40000-integrate_subtracted.dat,ok
7.15,6.686,0.06823,6.686,2.65106,2.513,0.02984,2.512,0.6505,sample_proNGF_15uM_6_1_50000-integrate_subtracted.dat,ok
9.71,146.9,0.2913,146.9,2.87391,2.947,0.008243,2.946,0.7626,sample_proNGF_15uM_7_0_10000-integrate_subtracted.dat,ok
8.67,66.15,0.145,66.15,2.76714,2.774,0.007605,2.773,0.845,sample_proNGF_15uM_7_0_20000-integrate_subtracted.dat,ok
8.06,30.74,0.0805,30.74,2.70833,2.697,0.008565,2.696,0.8408,sample_proNGF_15uM_7_0_30000-integrate_subtracted.dat,ok
7.12,13.61,0.07452,13.61,2.5296,2.423,0.01252,2.423,0.7024,sample_proNGF_15uM_7_0_40000-integrate_subtracted.dat,ok
8.61,6.15,0.07616,6.15,2.31064,2.359,0.06396,2.358,0.6559,sample_proNGF_15uM_7_0_50000-integrate_subtracted.dat,ok
12.07,150.8,0.389,150.8,2.86414,3.087,0.01637,3.084,0.7044,sample_proNGF_15uM_7_1_10000-integrate_subtracted.dat,ok
10.34,69.77,0.1748,69.77,2.83323,2.885,0.01332,2.884,0.7034,sample_proNGF_15uM_7_1_20000-integrate_subtracted.dat,ok
12.57,43.96,0.2337,43.96,3.49046,3.631,0.03081,3.627,0.746,sample_proNGF_15uM_7_1_30000-integrate_subtracted.dat,ok
8.24,16.72,0.09037,16.72,2.85683,2.772,0.01684,2.771,0.6625,sample_proNGF_15uM_7_1_40000-integrate_subtracted.dat,ok
8.96,6.797,0.1184,6.797,2.47924,2.548,0.08747,2.547,0.6733,sample_proNGF_15uM_7_1_50000-integrate_subtracted.dat,ok
10.88,304.5,0.2406,304.5,2.81964,2.926,0.004492,2.924,0.7788,sample_proNGF_1D10000-integrate_subtracted.dat,ok
11.48,123.5,0.1759,123.5,2.77226,2.854,0.009576,2.853,0.7535,sample_proNGF_1D1l0000-integrate_subtracted.dat,ok
10.52,145.2,0.1894,145.2,2.95689,3.007,0.006349,3.005,0.8347,sample_proNGF_1D20000-integrate_subtracted.dat,ok
8.81,55.28,0.143,55.28,2.83948,2.841,0.009239,2.84,0.8898,sample_proNGF_1D2l0000-integrate_subtracted.dat,ok
9.28,71.53,0.1047,71.53,2.73871,2.753,0.005393,2.753,0.9282,sample_proNGF_1D30000-integrate_subtracted.dat,ok
7.97,26.88,0.1016,26.88,2.63711,2.608,0.01163,2.607,0.8799,sample_proNGF_1D3l0000-integrate_subtracted.dat,ok
7.52,32.53,0.1028,32.53,2.68319,2.609,0.008772,2.608,0.7971,sample_proNGF_1D40000-integrate_subtracted.dat,ok
6.34,11.47,0.05309,11.47,2.48367,2.34,0.009056,2.34,0.7219,sample_proNGF_1D4l0000-integrate_subtracted.dat,ok
7.44,13.86,0.07085,13.86,2.54103,2.505,0.01577,2.504,0.6968,sample_proNGF_1D50000-integrate_subtracted.dat,ok
8.93,5.777,0.07406,5.777,2.21103,2.35,0.07261,2.349,0.6243,sample_proNGF_1D5l0000-integrate_subtracted.dat,ok
6.37,6.346,0.05136,6.346,2.33544,2.266,0.02216,2.266,0.6272,sample_proNGF_1D60000-integrate_subtracted.dat,ok
11.06,296.3,0.4258,296.3,2.84824,2.931,0.008466,2.93,0.7893,sample_proNGF_2D10000-integrate_subtracted.dat,ok
10.79,139.3,0.1814,139.3,2.91974,3.005,0.00718,3.003,0.795,sample_proNGF_2D20000-integrate_subtracted.dat,ok
7.96,68.62,0.1152,68.62,2.74677,2.727,0.005256,2.727,0.9121,sample_proNGF_2D30000-integrate_subtracted.dat,ok
8.28,29.44,0.1176,29.44,2.69516,2.682,0.01226,2.681,0.8947,sample_proNGF_2D40000-integrate_subtracted.dat,ok
6.4,14.32,0.06218,14.32,2.54039,2.4,0.008902,2.4,0.8136,sample_proNGF_2D50000-integrate_subtracted.dat,ok
7.87,6.526,0.05715,6.526,2.31604,2.372,0.03759,2.372,0.5788,sample_proNGF_2D60000-integrate_subtracted.dat,ok
88.7,1065.0,51.14,1065.0,15.3231,25.45,0.7973,25.25,0.6595,sample_proNGF_30uM_6_0_10000-integrate_subtracted.dat,ok
10.51,74.15,0.2285,74.15,3.16939,3.234,0.01558,3.232,0.8015,sample_proNGF_30uM_6_0_20000-integrate_subtracted.dat,ok
7.85,32.31,0.141,32.31,2.82901,2.693,0.013,2.693,0.9084,sample_proNGF_30uM_6_0_30000-integrate_subtracted.dat,ok
7.47,14.27,0.06679,14.27,2.64572,2.526,0.01319,2.526,0.7632,sample_proNGF_30uM_6_0_40000-integrate_subtracted.dat,ok
7.56,6.795,0.06424,6.795,2.32682,2.391,0.03894,2.39,0.6222,sample_proNGF_30uM_6_0_50000-integrate_subtracted.dat,ok
7.77,138.8,0.1108,138.8,2.82559,2.755,0.00157,2.755,0.6097,sample_proNGF_30uM_6_1_10000-integrate_subtracted.dat,ok
8.69,68.83,0.1513,68.83,2.76017,2.836,0.00679,2.835,0.7271,sample_proNGF_30uM_6_1_20000-integrate_subtracted.dat,ok
10.86,34.47,0.1608,34.47,2.80782,3.032,0.02744,3.03,0.6848,sample_proNGF_30uM_6_1_30000-integrate_subtracted.dat,ok
8.35,17.19,0.1087,17.19,2.85292,2.789,0.01707,2.788,0.8641,sample_proNGF_30uM_6_1_40000-integrate_subtracted.dat,ok
7.31,6.697,0.05887,6.697,2.3013,2.358,0.02871,2.357,0.6805,sample_proNGF_30uM_6_1_50000-integrate_subtracted.dat,ok
14.46,147.4,0.2732,147.4,2.81668,3.244,0.01647,3.239,0.6159,sample_proNGF_30uM_7_0_10000-integrate_subtracted.dat,ok
9.15,68.74,0.2122,68.74,2.81561,2.85,0.01157,2.85,0.8317,sample_proNGF_30uM_7_0_20000-integrate_subtracted.dat,ok
8.14,15.09,0.0738,15.09,2.62592,2.614,0.01642,2.613,0.723,sample_proNGF_30uM_7_0_40000-integrate_subtracted.dat,ok
7.6,6.44,0.05471,6.44,2.27013,2.335,0.03421,2.334,0.58,sample_proNGF_30uM_7_0_50000-integrate_subtracted.dat,ok
77.77,1024.0,47.54,1024.0,14.8139,23.97,0.7142,23.73,0.674,sample_proNGF_30uM_7_1_10000-integrate_subtracted.dat,ok
8.42,68.48,0.139,68.48,2.78362,2.781,0.006269,2.781,0.8971,sample_proNGF_30uM_7_1_20000-integrate_subtracted.dat,ok
9.68,33.4,0.1118,33.4,2.75309,2.893,0.01632,2.891,0.8126,sample_proNGF_30uM_7_1_30000-integrate_subtracted.dat,ok
6.81,29.86,0.0909,29.86,1.56087,1.552,0.01751,1.551,0.4599,sample_proNGF_30uM_7_1_40000-integrate_subtracted.dat,ok
15.46,158.4,0.4201,158.4,2.94194,3.53,0.02515,3.522,0.6328,sample_proNGF_60uM_0_10000-integrate_subtracted.dat,ok
8.94,67.74,0.1532,67.74,2.75703,2.835,0.007887,2.834,0.8793,sample_proNGF_60uM_0_20000-integrate_subtracted.dat,ok
7.75,31.3,0.1047,31.3,2.69518,2.603,0.01006,2.602,0.9093,sample_proNGF_60uM_0_30000-integrate_subtracted.dat,ok
6.97,14.53,0.06712,14.53,2.63679,2.478,0.01186,2.478,0.7686,sample_proNGF_60uM_0_40000-integrate_subtracted.dat,ok
8.98,7.228,0.1175,7.228,2.54901,2.592,0.07121,2.592,0.692,sample_proNGF_60uM_0_50000-integrate_subtracted.dat,ok
10.97,240.0,0.2929,240.0,5.44243,3.965,0.002691,3.964,0.5719,sample_proNGF_60uM_1_10000-integrate_subtracted.dat,ok
9.39,72.86,0.2278,72.86,2.8636,2.986,0.01105,2.985,0.7997,sample_proNGF_60uM_1_20000-integrate_subtracted.dat,ok
9.43,33.52,0.1634,33.52,2.88088,2.846,0.01801,2.845,0.7936,sample_proNGF_60uM_1_30000-integrate_subtracted.dat,ok
9.07,14.95,0.07589,14.95,2.76952,2.782,0.01945,2.781,0.7091,sample_proNGF_60uM_1_40000-integrate_subtracted.dat,ok
10.74,6.51,0.08928,6.51,2.31936,2.673,0.1064,2.671,0.6633,sample_proNGF_60uM_1_50000-integrate_subtracted.dat,ok
7.71,319.5,0.1993,319.5,2.93535,2.779,0.001089,2.779,0.6086,sample_proNGF_6_10000-integrate_subtracted.dat,ok
12.17,164.0,0.2102,164.0,2.8696,3.113,0.009062,3.11,0.706,sample_proNGF_6_20000-integrate_subtracted.dat,ok
9.89,122.7,0.2393,122.7,4.7538,3.635,0.003088,3.635,0.5707,sample_proNGF_6_30000-integrate_subtracted.dat,ok
13.76,62.99,0.3438,62.99,3.90561,4.148,0.03225,4.142,0.7352,sample_proNGF_6_40000-integrate_subtracted.dat,ok
8.61,18.05,0.1361,18.05,2.59137,2.627,0.02729,2.627,0.9239,sample_proNGF_6_50000-integrate_subtracted.dat,ok
11.55,8.463,0.1076,8.463,2.36882,2.647,0.1017,2.644,0.6583,sample_proNGF_6_60000-integrate_subtracted.dat,ok
10.29,232.7,0.2598,232.7,4.74561,3.792,0.002278,3.792,0.5702,sample_proNGF_7_10000-integrate_subtracted.dat,ok
84.06,445.7,33.26,445.6,14.3075,22.52,1.458,22.35,0.6765,sample_proNGF_7_20000-integrate_subtracted.dat,ok
9.07,37.02,0.1685,37.02,3.0235,2.913,0.01508,2.912,0.8799,sample_proNGF_7_30000-integrate_subtracted.dat,ok
7.44,16.39,0.09792,16.39,2.76017,2.581,0.01376,2.581,0.8586,sample_proNGF_7_40000-integrate_subtracted.dat,ok
9.15,7.355,0.08826,7.355,2.51415,2.548,0.05668,2.547,0.6834,sample_proNGF_7_50000-integrate_subtracted.dat,ok
6.51,76.55,0.08803,76.55,2.01687,2.064,0.003152,2.064,0.8119,sample_pureprotein0000-integrate_subtracted.dat,ok
105.53,0.3532,0.02644,0.3531,17.5697,29.27,1.974,28.78,0.6369,sample_rHDL_f10000-integrate_subtracted.dat,ok
110.54,0.2499,0.02152,0.2498,19.7157,29.1,2.331,28.68,0.6769,sample_rHDL_f20000-integrate_subtracted.dat,ok
79.23,0.2159,0.009813,0.2159,15.4603,22.62,0.9492,22.44,0.6987,sample_rHDL_f30000-integrate_subtracted.dat,ok
110.55,0.2892,0.01754,0.2891,21.2367,29.2,1.752,28.85,0.6832,sample_rHDL_f40000-integrate_subtracted.dat,ok
61.46,0.2016,0.003059,0.2015,11.2527,18.29,0.2724,18.05,0.6105,sample_rHDL_m10000-integrate_subtracted.dat,ok
111.65,0.3124,0.02704,0.3123,22.09,32.75,1.846,32.32,0.6314,sample_rHDL_m20000-integrate_subtracted.dat,ok
21.05,0.2194,0.0003388,0.2194,10.4466,7.313,0.006237,7.306,0.5264,sample_rHDL_m30000-integrate_subtracted.dat,ok
21.95,0.08526,0.0003625,0.08525,6.09447,6.33,0.0408,6.32,0.7829,sample_rHDL_p10000-integrate_subtracted.dat,ok
20.55,0.1061,0.0002885,0.1061,3.79192,4.228,0.03968,4.221,0.6565,sample_rHDL_p20000-integrate_subtracted.dat,ok
8.47,0.2355,0.0001392,0.2355,2.82414,2.837,0.00171,2.837,0.8005,sample_rHDL_p30000-integrate_subtracted.dat,ok
,,,,,,,,,sample_rectangle_sheet0000-integrate_subtracted.dat,autorg_failed
11.49,233.3,0.3541,233.3,4.90549,4.157,0.003701,4.157,0.5937,sample_sCph1_Pfr0000-integrate_subtracted.dat,ok
11.12,206.4,0.2922,206.4,4.44648,4.019,0.003681,4.018,0.5948,sample_sCph1_Pr0000-integrate_subtracted.dat,ok
11.85,12.33,0.1329,12.33,4.20065,4.083,0.04915,4.08,0.6292,sample_sa410000-integrate_subtracted.dat,ok
20.12,7.446,0.213,7.446,4.09411,4.837,0.321,4.821,0.6621,sample_sa420000-integrate_subtracted.dat,ok
24.88,6.43,0.3726,6.43,4.41763,5.023,1.294,5.013,0.6083,sample_sa430000-integrate_subtracted.dat,ok
14.17,4.362,0.09492,4.362,3.64436,4.04,0.1803,4.034,0.582,sample_sa440000-integrate_subtracted.dat,ok
12.64,11.9,0.1308,11.9,4.31754,4.105,0.03932,4.101,0.6821,sample_sa450000-integrate_subtracted.dat,ok
17.46,9.361,0.2082,9.361,4.26278,4.736,0.1747,4.726,0.6621,sample_sa460000-integrate_subtracted.dat,ok
19.11,9.987,0.2748,9.986,4.23952,6.234,0.2173,6.209,0.599,sample_sa470000-integrate_subtracted.dat,ok
17.2,5.606,0.1808,5.606,4.08512,4.929,0.2951,4.912,0.5988,sample_sa480000-integrate_subtracted.dat,ok
,,,,,,,,,sample_sample10000-integrate_subtracted.dat,autorg_failed
,,,,,,,,,sample_sample1_00020000-integrate_subtracted.dat,autorg_failed
55.48,52.85,7.89,52.85,13.5285,19.7,1.44,19.74,0.9784,sample_sample1_00030000-integrate_subtracted.dat,ok
,,,,,,,,,sample_sample20000-integrate_subtracted.dat,autorg_failed
5.5,23.82,0.142,23.82,1.88125,1.854,0.01196,1.853,0.7234,sample_sample30000-integrate_subtracted.dat,ok
6.42,31.75,0.1289,31.75,2.03974,2.053,0.01109,2.052,0.73,sample_sample40000-integrate_subtracted.dat,ok
7.48,45.84,0.1817,45.84,2.07128,2.382,0.01125,2.38,0.5653,sample_sample4_00020000-integrate_subtracted.dat,ok
,,,,,,,,,sample_sample50000-integrate_subtracted.dat,autorg_failed
,,,,,,,,,sample_sample5_00020000-integrate_subtracted.dat,autorg_failed
37.25,29.87,3.406,29.87,6.29826,15.79,0.5575,15.82,0.6012,sample_sample60000-integrate_subtracted.dat,ok
,,,,,,,,,sample_sample70000-integrate_subtracted.dat,autorg_failed
,,,,,,,,,sample_sample80000-integrate_subtracted.dat,autorg_failed
5.25,0.004022,4.981e-05,0.004022,1.52717,1.549,0.03587,1.549,0.8847,sample_sample_00000-integrate_subtracted.dat,ok
34.18,20.29,1.044,20.28,7.25558,8.789,0.6986,8.694,0.555,sample_sample_0p1960000-integrate_subtracted.dat,ok
,,,,,,,,,sample_sample_0p2550000-integrate_subtracted.dat,autorg_failed
68.66,86.89,8.825,86.88,11.4385,20.61,1.487,20.43,0.6086,sample_sample_0p4400000-integrate_subtracted.dat,ok
,,,,,,,,,sample_sample_0p4760000-integrate_subtracted.dat,autorg_failed
24.48,60.55,0.4755,60.55,6.31164,6.807,0.0924,6.779,0.7118,sample_sample_0p8420000-integrate_subtracted.dat,ok
,,,,,,,,,sample_sample_0p9220000-integrate_subtracted.dat,autorg_failed
,,,,,,,,,sample_sample_100000-integrate_subtracted.dat,autorg_failed
18.44,97.11,0.2654,97.11,5.30561,5.66,0.02003,5.646,0.7378,sample_sample_1p6340000-integrate_subtracted.dat,ok
25.31,175.7,0.894,175.7,7.34303,7.326,0.05471,7.288,0.7068,sample_sample_1p9390000-integrate_subtracted.dat,ok
,,,,,,,,,sample_sample_200000-integrate_subtracted.dat,autorg_failed
62.24,0.03372,0.009384,0.03372,10.5945,18.03,4.375,17.94,0.6802,sample_sample_300000-integrate_subtracted.dat,ok
16.14,154.3,0.2185,154.3,4.43433,4.647,0.009774,4.641,0.6729,sample_sample_3p1120000-integrate_subtracted.dat,ok
32.13,318.0,1.294,318.0,6.5912,7.167,0.06723,7.118,0.6202,sample_sample_3p9780000-integrate_subtracted.dat,ok
5.49,0.005245,7.579e-05,0.005245,1.86189,1.864,0.03498,1.863,0.7823,sample_sample_400000-integrate_subtracted.dat,ok
4.58,0.005221,5.726e-05,0.005221,1.65117,1.573,0.01927,1.573,0.677,sample_sample_500000-integrate_subtracted.dat,ok
4.44,0.00526,5.667e-05,0.00526,1.65597,1.555,0.01798,1.555,0.8116,sample_sample_600000-integrate_subtracted.dat,ok
9.78,258.1,0.2164,258.1,3.62737,3.463,0.001828,3.462,0.5792,sample_sample_7p6350000-integrate_subtracted.dat,ok
,,,,,,,,,sample_sample_82_high0000-integrate_subtracted.dat,autorg_failed
3.66,16.55,0.08072,14.97,1.81845,2.697,0.008361,8.263,0.2397,sample_sample_82_low0000-integrate_subtracted.dat,ok
3.7,25.83,0.1188,22.92,1.8528,2.682,0.004939,5.03,0.2311,sample_sample_82_med0000-integrate_subtracted.dat,ok
45.35,22.22,3.958,22.22,11.0173,15.52,1.898,15.56,0.7619,sample_sample_83_high0000-integrate_subtracted.dat,ok
,,,,,,,,,sample_sample_83_low0000-integrate_subtracted.dat,autorg_failed
,,,,,,,,,sample_sample_83_med0000-integrate_subtracted.dat,autorg_failed
10.03,34.73,0.1418,34.73,4.18226,4.159,0.006767,4.161,0.4099,sample_sample_85_high0000-integrate_subtracted.dat,ok
45.31,198.4,3.698,198.4,12.9803,14.26,0.1735,14.28,0.6905,sample_sample_85_med0000-integrate_subtracted.dat,ok
37.21,88.05,2.303,88.06,10.4184,13.5,0.1722,13.56,0.9027,sample_sample_85low0000-integrate_subtracted.dat,ok
26.67,585.8,1.522,585.8,5.97875,6.58,0.03163,6.546,0.6982,sample_sample_8p0890000-integrate_subtracted.dat,ok
37.59,29.55,0.7749,29.55,7.33556,8.743,0.4346,8.662,0.6822,sample_sample_hs_0p2470000-integrate_subtracted.dat,ok
23.59,52.99,0.4155,52.99,7.61543,7.405,0.0586,7.376,0.7081,sample_sample_hs_0p4840000-integrate_subtracted.dat,ok
21.9,96.4,0.5575,96.4,7.06043,7.036,0.03929,7.013,0.6617,sample_sample_hs_1p0880000-integrate_subtracted.dat,ok
22.2,181.6,0.6824,181.6,6.62317,6.91,0.02987,6.886,0.7421,sample_sample_hs_2p1500000-integrate_subtracted.dat,ok
35.35,337.7,1.48,337.7,6.42345,7.319,0.08705,7.256,0.6162,sample_sample_hs_4p1370000-integrate_subtracted.dat,ok
29.46,569.2,1.001,569.1,5.74846,6.477,0.03019,6.444,0.6961,sample_sample_hs_8p1830000-integrate_subtracted.dat,ok
77.65,9721.0,53.97,9719.0,14.4457,17.56,0.1926,17.31,0.6388,sample_scph1_pfr0000-integrate_subtracted.dat,ok
,,,,,,,,,sample_scph1_pr0000-integrate_subtracted.dat,autorg_failed
5.49,43.91,0.1382,43.91,2.24251,1.898,0.005649,1.897,0.6059,sample_siTF0000-integrate_subtracted.dat,ok
27.09,308.3,1.961,308.2,4.61058,7.265,0.07368,7.152,0.6113,sample_smVAL11_Ab1_0000-integrate_subtracted.dat,ok
23.14,155.8,1.035,155.7,4.67288,6.39,0.06293,6.312,0.5676,sample_smVAL11_Ab20000-integrate_subtracted.dat,ok
23.36,259.9,1.988,259.9,3.89159,6.359,0.08677,6.249,0.5854,sample_smVAL11_Ab40000-integrate_subtracted.dat,ok
19.99,118.9,1.032,118.9,3.81491,5.357,0.07683,5.304,0.6135,sample_smVAL11_Ab50000-integrate_subtracted.dat,ok
23.63,64.79,1.082,64.77,4.04884,6.316,0.1668,6.201,0.6052,sample_smVAL11_Ab60000-integrate_subtracted.dat,ok
32.27,46.05,1.147,46.05,5.36415,6.873,0.3857,6.802,0.6753,sample_smVAL130000-integrate_subtracted.dat,ok
34.64,248.5,3.728,248.5,6.06434,8.336,0.2088,8.222,0.6443,sample_smVAL13_Ab10000-integrate_subtracted.dat,ok
32.5,105.2,2.507,105.2,5.90944,7.466,0.4004,7.37,0.682,sample_smVAL13_Ab20000-integrate_subtracted.dat,ok
30.92,57.86,1.449,57.85,5.7331,7.491,0.3021,7.411,0.6811,sample_smVAL13_Ab30000-integrate_subtracted.dat,ok
29.89,230.9,2.449,230.9,6.24148,7.082,0.152,7.016,0.6907,sample_smVAL13_Ab40000-integrate_subtracted.dat,ok
27.21,101.2,1.364,101.2,5.75715,6.856,0.1802,6.783,0.6777,sample_smVAL13_Ab6_Ab50000-integrate_subtracted.dat,ok
25.89,80.62,1.08,80.6,4.63369,6.675,0.1399,6.574,0.6132,sample_smVAL1_Ab310000-integrate_subtracted.dat,ok
,,,,,,,,,sample_smg0p10000-integrate_subtracted.dat,autorg_failed
5.07,0.001497,3.952e-05,0.001497,1.86053,1.783,0.04546,1.784,0.8701,sample_smg0p250000-integrate_subtracted.dat,ok
4.66,0.003808,3.992e-05,0.003808,1.90509,1.784,0.01577,1.784,0.845,sample_smg0p50000-integrate_subtracted.dat,ok
6.09,0.008547,5.492e-05,0.008547,1.87332,1.907,0.01712,1.907,0.8845,sample_smg10000-integrate_subtracted.dat,ok
75.76,31.75,0.09146,31.74,15.6647,18.06,0.1009,17.89,0.6624,sample_smg1mab1050000-integrate_subtracted.dat,ok
46.42,16.75,0.02189,16.75,9.23206,9.929,0.03736,9.869,0.654,sample_smg1mab1250000-integrate_subtracted.dat,ok
89.0,46.01,0.1882,46.01,20.1428,23.72,0.1118,23.55,0.4839,sample_smg1mab52p50000-integrate_subtracted.dat,ok
78.38,33.07,0.09382,33.07,16.0695,18.43,0.08768,18.25,0.6178,sample_smg1mab700000-integrate_subtracted.dat,ok
35.44,13.9,0.01119,13.9,7.9436,8.557,0.01757,8.505,0.6893,sample_smg1mab70_00020000-integrate_subtracted.dat,ok
4.55,0.009328,3.996e-05,0.009328,1.74997,1.714,0.007321,1.714,0.857,sample_smg1p250000-integrate_subtracted.dat,ok
,,,,,,,,,sample_smg1p25mab52p50000-integrate_subtracted.dat,autorg_failed
4.89,0.0114,4.421e-05,0.0114,1.79377,1.698,0.007226,1.698,0.6824,sample_smg1p50000-integrate_subtracted.dat,ok
81.64,51.25,0.1132,51.24,19.7552,22.45,0.05049,22.31,0.4474,sample_smg1p5mab700000-integrate_subtracted.dat,ok
4.89,0.01403,3.912e-05,0.01403,1.82545,1.714,0.004802,1.715,0.7329,sample_smg1p750000-integrate_subtracted.dat,ok
,,,,,,,,,sample_smg1p75mab52p50000-integrate_subtracted.dat,autorg_failed
6.52,0.018,6.009e-05,0.018,1.93069,1.936,0.01041,1.936,0.8879,sample_smg20000-integrate_subtracted.dat,ok
9.84,0.1719,0.0001625,0.1719,1.73396,1.152,0.0138,1.156,0.6104,sample_smg200000-integrate_subtracted.dat,ok
19.23,0.1923,0.0004084,0.1923,5.45008,5.604,0.01829,5.598,0.7901,sample_smg2mab10000-integrate_subtracted.dat,ok
88.19,33.02,0.2931,33.01,15.3381,18.02,0.3759,17.85,0.6393,sample_smg2mab1050000-integrate_subtracted.dat,ok
24.3,0.2586,0.0006127,0.2586,5.77025,6.06,0.02954,6.051,0.6717,sample_smg2mab20000-integrate_subtracted.dat,ok
24.62,0.3001,0.0006842,0.3001,5.91194,6.169,0.0284,6.158,0.7404,sample_smg2mab30000-integrate_subtracted.dat,ok
26.86,0.3786,0.0008323,0.3786,6.37852,6.73,0.0319,6.714,0.7482,sample_smg2mab40000-integrate_subtracted.dat,ok
17.9,0.7696,0.0005743,0.7696,7.31424,6.359,0.003006,6.356,0.5789,sample_smg2mab50000-integrate_subtracted.dat,ok
,,,,,,,,,sample_smg2mab700000-integrate_subtracted.dat,autorg_failed
4.49,0.02005,3.509e-05,0.02005,1.83611,1.685,0.003378,1.686,0.621,sample_smg2p50000-integrate_subtracted.dat,ok
,,,,,,,,,sample_smg2p5mab700000-integrate_subtracted.dat,autorg_failed
4.56,0.03668,5.871e-05,0.03668,1.84147,1.702,0.002249,1.702,0.6471,sample_smg40000-integrate_subtracted.dat,ok
,,,,,,,,,sample_smg60000-integrate_subtracted.dat,autorg_failed
8.74,0.008102,0.0001185,0.008102,2.77597,2.81,0.04884,2.809,0.9382,sample_smgp250000-integrate_subtracted.dat,ok
39.45,12.67,0.0199,12.67,9.47532,10.18,0.02574,10.12,0.7148,sample_smgp25mab52p50000-integrate_subtracted.dat,ok
21.22,11.66,0.003715,11.66,8.48808,7.564,0.001403,7.557,0.5562,sample_smgp25mab700000-integrate_subtracted.dat,ok
72.74,19.47,0.06461,19.46,13.0852,14.91,0.1199,14.8,0.6459,sample_smgp5mab52p50000-integrate_subtracted.dat,ok
60.0,16.15,0.02903,16.15,9.99028,9.911,0.08564,9.948,0.5936,sample_smgp5mab700000-integrate_subtracted.dat,ok
,,,,,,,,,sample_spNW15_0p8260000-integrate_subtracted.dat,autorg_failed
,,,,,,,,,sample_spNW15_1p0310000-integrate_subtracted.dat,autorg_failed
12.46,118.3,0.2853,118.3,3.42357,3.516,0.01479,3.513,0.7401,sample_spNW15_1p70000-integrate_subtracted.dat,ok
8.63,57.38,0.1283,57.38,3.37831,3.128,0.00457,3.128,0.5972,sample_spNW15_1p7730000-integrate_subtracted.dat,ok
8.61,90.07,0.1121,90.06,3.4121,3.118,0.002688,3.117,0.5973,sample_spNW15_2p5630000-integrate_subtracted.dat,ok
8.74,98.41,0.1531,98.41,3.49439,3.146,0.003295,3.146,0.5954,sample_spNW15_2p8580000-integrate_subtracted.dat,ok
13.27,191.7,0.3562,191.7,3.5244,3.746,0.01197,3.742,0.7555,sample_spNW15_4p60000-integrate_subtracted.dat,ok
14.8,275.7,0.727,275.7,3.79295,4.158,0.01735,4.152,0.7282,sample_spNW15_5p50000-integrate_subtracted.dat,ok
,,,,,,,,,sample_spNW15_DMPC0000-integrate_subtracted.dat,autorg_failed
13.28,159.5,0.288,159.5,3.77921,3.892,0.01045,3.889,0.7954,sample_spNW15_ddm_1p40000-integrate_subtracted.dat,ok
14.53,258.6,0.425,258.5,3.85862,4.075,0.01212,4.071,0.7344,sample_spNW15_ddm_3p90000-integrate_subtracted.dat,ok
13.87,302.7,0.3847,302.7,3.936,4.077,0.008334,4.073,0.7341,sample_spNW15_ddm_4p70000-integrate_subtracted.dat,ok
24.62,74.43,0.78,74.42,6.74673,7.304,0.112,7.256,0.8077,sample_spNW25_0p7100000-integrate_subtracted.dat,ok
34.75,157.5,2.066,157.4,7.87293,10.14,0.141,10.01,0.6313,sample_spNW25_1p4000000-integrate_subtracted.dat,ok
39.45,228.9,4.091,228.9,9.09707,11.44,0.1985,11.3,0.6256,sample_spNW25_1p9600000-integrate_subtracted.dat,ok
51.25,421.2,10.44,421.1,8.72333,16.15,0.2748,15.94,0.6131,sample_spNW25_2p6080000-integrate_subtracted.dat,ok
73.46,602.4,44.88,602.3,12.4482,20.32,1.136,20.19,0.615,sample_spNW25_2p9520000-integrate_subtracted.dat,ok
6.91,53.29,0.2038,53.29,2.12762,2.103,0.01091,2.103,0.7598,sample_sticky0000-integrate_subtracted.dat,ok
15.6,29.31,0.3134,29.31,5.32746,5.171,0.05684,5.153,0.7232,sample_tau0N3R_A_00000-integrate_subtracted.dat,ok
16.2,27.62,0.269,27.62,6.11564,5.577,0.04103,5.564,0.8226,sample_tau0N3R_A_4000000-integrate_subtracted.dat,ok
16.04,35.28,0.2651,35.28,5.72302,5.302,0.03862,5.286,0.7934,sample_tau0N3R_PAD12_A0000-integrate_subtracted.dat,ok
19.68,30.38,0.4056,30.37,6.10535,6.306,0.09579,6.271,0.7276,sample_tau0N3R_PAD12_B0000-integrate_subtracted.dat,ok
,,,,,,,,,sample_tau0N3R_PAD12_C0000-integrate_subtracted.dat,autorg_failed
,,,,,,,,,sample_tau0N3R_WT_C0000-integrate_subtracted.dat,autorg_failed
18.95,13.43,0.364,13.43,3.17826,4.413,0.2776,4.372,0.6175,sample_tauK18_100mMNaCl0000-integrate_subtracted.dat,ok
11.65,16.12,0.2102,16.12,4.19815,3.872,0.05013,3.864,0.6213,sample_tauK19_100mMNaCl0000-integrate_subtracted.dat,ok
,,,,,,,,,sample_tau_0p820000-integrate_subtracted.dat,autorg_failed
3.27,11.4,0.1597,9.83,1.56419,2.42,0.01942,14.06,0.2436,sample_tau_1p650000-integrate_subtracted.dat,ok
7.04,68.96,0.1753,66.29,1.1899,4.043,0.006572,5.167,0.295,sample_tau_3p30000-integrate_subtracted.dat,ok
29.18,396.9,1.869,396.9,8.83274,8.936,0.03892,8.917,0.8826,sample_tir_dim_0pt890000-integrate_subtracted.dat,ok
28.75,857.4,3.251,857.4,9.04494,8.9,0.02942,8.885,0.9058,sample_tir_dim_1pt770000-integrate_subtracted.dat,ok
27.62,1651.0,4.338,1651.0,8.90511,8.759,0.02084,8.743,0.8844,sample_tir_dim_3pt710000-integrate_subtracted.dat,ok
29.73,2895.0,4.843,2895.0,8.77139,8.73,0.0154,8.714,0.8234,sample_tir_dim_6pt330000-integrate_subtracted.dat,ok
,,,,,,,,,sample_tir_gfp_cut0000-integrate_subtracted.dat,autorg_failed
23.25,98.85,0.5145,98.84,7.46246,7.381,0.03387,7.35,0.7254,sample_tir_mon_0pt870000-integrate_subtracted.dat,ok
23.24,222.8,1.199,222.8,7.74804,7.468,0.03862,7.439,0.8623,sample_tir_mon_1pt690000-integrate_subtracted.dat,ok
24.05,408.7,1.37,408.6,7.63863,7.602,0.02612,7.575,0.8773,sample_tir_mon_2pt620000-integrate_subtracted.dat,ok
31.36,676.2,3.23,676.1,8.06134,7.995,0.05804,7.961,0.7323,sample_tir_mon_3pt540000-integrate_subtracted.dat,ok
3.36,11.67,0.0708,10.28,1.66777,2.468,0.0109,10.65,0.3026,sample_tir_tetramer0000-integrate_subtracted.dat,ok
24.4,14.39,0.8906,14.39,7.56419,2.199,1.607,2.102,0.5814,sample_tr0000-integrate_subtracted.dat,ok
,,,,,,,,,sample_tr20000-integrate_subtracted.dat,autorg_failed
26.62,66.91,1.855,66.89,6.91366,5.175,0.573,4.945,0.5866,sample_trehalose_hystidine10pc0000-integrate_subtracted.dat,ok
,,,,,,,,,sample_triangle0000-integrate_subtracted.dat,autorg_failed
28.78,27.22,0.6342,27.2,5.95122,6.953,0.3586,6.705,0.5828,sample_tris0000-integrate_subtracted.dat,ok
,,,,,,,,,sample_umps_0pt50000-integrate_subtracted.dat,autorg_failed
,,,,,,,,,sample_umps_10000-integrate_subtracted.dat,autorg_failed
,,,,,,,,,sample_watB0000-integrate_subtracted.dat,autorg_failed
40.0,-10.86,2.959,0.0,7.86471,25.38,2.808,0.0,0.5423,sample_water0000-integrate_subtracted.dat,ok
,,,,,,,,,sample_water20000-integrate_subtracted.dat,autorg_failed
,,,,,,,,,sample_water_00020000-integrate_subtracted.dat,autorg_failed
2.81,818.2,0.1935,818.2,1.01397,1.005,0.0002185,1.005,0.5873,sample_water_GNP0000-integrate_subtracted.dat,ok
,,,,,,,,,sample_water_sample0000-integrate_subtracted.dat,autorg_failed
4.86,2.089,0.04379,2.089,1.48222,1.611,0.05484,1.611,0.5653,sample_wt_hs_0p3090000-integrate_subtracted.dat,ok
9.35,3.078,0.0942,3.078,1.81007,2.003,0.2302,2.003,0.6433,sample_wt_hs_0p5840000-integrate_subtracted.dat,ok
10.39,5.814,0.0939,5.814,1.88947,2.121,0.1462,2.12,0.6065,sample_wt_hs_1p1970000-integrate_subtracted.dat,ok
,,,,,,,,,sample_wt_hs_1p7660000-integrate_subtracted.dat,autorg_failed
6.85,9.657,0.08214,9.657,1.97394,2.157,0.03315,2.156,0.5729,sample_wt_hs_2p1840000-integrate_subtracted.dat,ok
6.61,12.34,0.06071,12.34,2.22148,2.184,0.01297,2.184,0.7828,sample_wt_hs_3p6390000-integrate_subtracted.dat,ok
13.68,21.49,0.1891,21.49,2.27721,2.606,0.09878,2.604,0.6569,sample_wt_hs_4p4870000-integrate_subtracted.dat,ok
8.73,26.28,0.1636,26.28,2.0668,2.271,0.02886,2.27,0.6731,sample_wt_hs_7p5660000-integrate_subtracted.dat,ok
11.63,32.38,0.2374,32.38,2.05424,2.295,0.06641,2.293,0.6662,sample_wt_hs_8p8740000-integrate_subtracted.dat,ok
7.65,2.378,0.09045,2.378,1.28396,1.974,0.1613,1.973,0.5087,sample_wt_ls_0p3760000-integrate_subtracted.dat,ok
9.18,3.738,0.09508,3.738,1.96315,2.193,0.1558,2.192,0.6136,sample_wt_ls_0p7170000-integrate_subtracted.dat,ok
8.32,34.51,0.1165,34.51,2.06123,2.223,0.01497,2.222,0.6562,sample_wt_ls_10p4960000-integrate_subtracted.dat,ok
9.73,6.866,0.1098,6.866,2.03216,2.296,0.1119,2.294,0.6483,sample_wt_ls_1p3160000-integrate_subtracted.dat,ok
11.35,11.39,0.1328,11.39,1.95771,2.551,0.1003,2.547,0.6273,sample_wt_ls_2p4260000-integrate_subtracted.dat,ok
12.91,19.35,0.1125,19.35,2.14877,2.305,0.07956,2.304,0.5762,sample_wt_ls_5p3300000-integrate_subtracted.dat,ok
