Dmax_est,Dmax_true,Rg_guinier,Rg_true,dmax_over_rg,in_window,method,nchannel_max,noise,params,rel_err,rg_gui_err,seed,shape,time_ms,x_converged,x_nmax,x_nsol,x_rg_nn,x_sigma
4.342080432282934,4.0,1.549451801694862,1.54919333851277,2.581988897421939,True,shannon,5,0.0,,0.08552010807073351,0.00016683726663839715,0,sphere,22.58448700013105,True,5,3,,0.01497803408305165
4.339290541174272,4.0,1.549451801694862,1.54919333851277,2.581988897421939,True,shannon_ex,5,0.0,,0.08482263529356793,0.00016683726663839715,0,sphere,18.789533998642582,True,5,2,,0.012393546708102221
5.0188990258838,4.0,1.549451801694862,1.54919333851277,2.581988897421939,True,dnn,5,0.0,,0.25472475647095005,0.00016683726663839715,0,sphere,0.23348800459643826,,,,1.5232269222122485,
4.648355405084586,4.0,1.549451801694862,1.54919333851277,2.581988897421939,True,three_rg,5,0.0,,0.16208885127114647,0.00016683726663839715,0,sphere,0.0018280043150298297,,,,,
5.487183117385608,4.0,1.5889526401695837,1.54919333851277,2.581988897421939,True,shannon,5,0.02,,0.37179577934640196,0.025664518861785623,0,sphere,18.11558699409943,True,6,3,,0.0
4.705287467397915,4.0,1.5889526401695837,1.54919333851277,2.581988897421939,True,shannon_ex,5,0.02,,0.17632186684947881,0.025664518861785623,0,sphere,16.857487004017457,True,5,4,,0.017428425058269248
5.0205629234176845,4.0,1.5889526401695837,1.54919333851277,2.581988897421939,True,dnn,5,0.02,,0.2551407308544211,0.025664518861785623,0,sphere,0.20264899649191648,,,,1.5234014279710055,
4.766857920508751,4.0,1.5889526401695837,1.54919333851277,2.581988897421939,True,three_rg,5,0.02,,0.19171448012718773,0.025664518861785623,0,sphere,0.0015789992175996304,,,,,
4.814178146660359,4.0,1.5856976767655901,1.54919333851277,2.581988897421939,True,shannon,5,0.02,,0.20354453666508965,0.0235634490191291,1,sphere,18.545378996350337,False,6,0,,0.6723358149486316
4.340065137843528,4.0,1.5856976767655901,1.54919333851277,2.581988897421939,True,shannon_ex,5,0.02,,0.08501628446088194,0.0235634490191291,1,sphere,18.49397899786709,True,5,2,,0.011618950038846165
5.018672890519657,4.0,1.5856976767655901,1.54919333851277,2.581988897421939,True,dnn,5,0.02,,0.2546682226299142,0.0235634490191291,1,sphere,0.2440410025883466,,,,1.52327126406698,
4.757093030296771,4.0,1.5856976767655901,1.54919333851277,2.581988897421939,True,three_rg,5,0.02,,0.18927325757419267,0.0235634490191291,1,sphere,0.001749001967255026,,,,,
5.459076206526127,4.0,1.5999637182080801,1.54919333851277,2.581988897421939,True,shannon,5,0.02,,0.36476905163153184,0.032772139172796706,2,sphere,18.194352996943053,True,6,1,,0.009599782309249516
4.318634629994101,4.0,1.5999637182080801,1.54919333851277,2.581988897421939,True,shannon_ex,5,0.02,,0.07965865749852519,0.032772139172796706,2,sphere,17.105605998949613,True,5,3,,0.0005163977795041852
5.019428719301637,4.0,1.5999637182080801,1.54919333851277,2.581988897421939,True,dnn,5,0.02,,0.25485717982540934,0.032772139172796706,2,sphere,0.20263199985492975,,,,1.523338702023648,
4.79989115462424,4.0,1.5999637182080801,1.54919333851277,2.581988897421939,True,three_rg,5,0.02,,0.19997278865606005,0.032772139172796706,2,sphere,0.0011400043149478734,,,,,
5.464633409517397,4.0,1.5929222064887976,1.54919333851277,2.581988897421939,True,shannon,5,0.05,,0.36615835237934924,0.028226862902733185,0,sphere,17.59142699302174,True,6,7,,0.006371688825955513
4.327413392245674,4.0,1.5929222064887976,1.54919333851277,2.581988897421939,True,shannon_ex,5,0.05,,0.08185334806141853,0.028226862902733185,0,sphere,17.234842001926154,True,5,3,,0.008262364472068295
5.0230338447559895,4.0,1.5929222064887976,1.54919333851277,2.581988897421939,True,dnn,5,0.05,,0.25575846118899737,0.028226862902733185,0,sphere,0.2216180000687018,,,,1.5236610982599075,
4.778766619466393,4.0,1.5929222064887976,1.54919333851277,2.581988897421939,True,three_rg,5,0.05,,0.19469165486659823,0.028226862902733185,0,sphere,0.0014649995137006044,,,,,
4.816141994643923,4.0,1.5915869116470491,1.54919333851277,2.581988897421939,True,shannon,5,0.05,,0.2040354986609807,0.027364933788688376,1,sphere,18.05678700475255,False,6,0,,0.6716496767150169
4.340839734512784,4.0,1.5915869116470491,1.54919333851277,2.581988897421939,True,shannon_ex,5,0.05,,0.08520993362819596,0.027364933788688376,1,sphere,18.754860997432843,True,5,2,,0.012393546708102665
5.018330437323636,4.0,1.5915869116470491,1.54919333851277,2.581988897421939,True,dnn,5,0.05,,0.2545826093309089,0.027364933788688376,1,sphere,0.19588899886002764,,,,1.5233376820360645,
4.774760734941148,4.0,1.5915869116470491,1.54919333851277,2.581988897421939,True,three_rg,5,0.05,,0.1936901837352869,0.027364933788688376,1,sphere,0.0011840020306408405,,,,,
5.462279448159168,4.0,1.6037899474483146,1.54919333851277,2.581988897421939,False,shannon,5,0.05,,0.365569862039792,0.03524195952711585,2,sphere,19.043254003918264,True,6,7,,0.003436692744531733
4.814892896097694,4.0,1.6037899474483146,1.54919333851277,2.581988897421939,False,shannon_ex,5,0.05,,0.20372322402442355,0.03524195952711585,2,sphere,18.961525995109696,False,6,0,,0.5360208951254215
5.020224418671797,4.0,1.6037899474483146,1.54919333851277,2.581988897421939,False,dnn,5,0.05,,0.25505610466794915,0.03524195952711585,2,sphere,0.20608799968613312,,,,1.5235063727679024,
4.811369842344944,4.0,1.6037899474483146,1.54919333851277,2.581988897421939,False,three_rg,5,0.05,,0.202842460586236,0.03524195952711585,2,sphere,0.001567997969686985,,,,,
5.4727736340039925,4.0,1.5990239351376925,1.54919333851277,2.581988897421939,True,shannon,5,0.1,,0.36819340850099813,0.032165511809365194,0,sphere,16.579326998908073,True,6,7,,0.0
4.353749679000391,4.0,1.5990239351376925,1.54919333851277,2.581988897421939,True,shannon_ex,5,0.1,,0.08843741975009767,0.032165511809365194,0,sphere,17.03780399839161,True,5,3,,0.012909944487606406
5.027086629740618,4.0,1.5990239351376925,1.54919333851277,2.581988897421939,True,dnn,5,0.1,,0.2567716574351544,0.032165511809365194,0,sphere,0.21575999562628567,,,,1.5240883714262663,
4.797071805413077,4.0,1.5990239351376925,1.54919333851277,2.581988897421939,True,three_rg,5,0.1,,0.19926795135326936,0.032165511809365194,0,sphere,0.0019350045477040112,,,,,
4.816346488059055,4.0,1.5953449778267859,1.54919333851277,2.581988897421939,True,shannon,5,0.1,,0.20408662201476369,0.029790755076652655,1,sphere,18.971653997141402,False,6,0,,0.671640235665067
4.5447135778610654,4.0,1.5953449778267859,1.54919333851277,2.581988897421939,True,shannon_ex,5,0.1,,0.13617839446526636,0.029790755076652655,1,sphere,18.14447299693711,True,5,5,,0.006816450689456577
5.017435539555048,4.0,1.5953449778267859,1.54919333851277,2.581988897421939,True,dnn,5,0.1,,0.2543588848887619,0.029790755076652655,1,sphere,0.19768899801420048,,,,1.5234513700329793,
4.786034933480358,4.0,1.5953449778267859,1.54919333851277,2.581988897421939,True,three_rg,5,0.1,,0.19650873337008945,0.029790755076652655,1,sphere,0.001209999027196318,,,,,
5.459726823199567,4.0,1.5912931574466902,1.54919333851277,2.581988897421939,True,shannon,5,0.1,,0.36493170579989176,0.027175316267713922,2,sphere,16.77966199349612,True,6,6,,0.004243448419857021
5.178953330648197,4.0,1.5912931574466902,1.54919333851277,2.581988897421939,True,shannon_ex,5,0.1,,0.2947383326620492,0.027175316267713922,2,sphere,16.913915998884477,False,6,0,,0.09759918032630521
5.020861010097933,4.0,1.5912931574466902,1.54919333851277,2.581988897421939,True,dnn,5,0.1,,0.2552152525244833,0.027175316267713922,2,sphere,0.2300970008946024,,,,1.5237921013581306,
4.77387947234007,4.0,1.5912931574466902,1.54919333851277,2.581988897421939,True,three_rg,5,0.1,,0.19346986808501754,0.027175316267713922,2,sphere,0.0016789999790489674,,,,,
5.463463720109184,4.0,1.591222868824558,1.54919333851277,2.581988897421939,True,shannon,5,0.2,,0.36586593002729595,0.02712994515722381,0,sphere,18.931064994831104,True,6,4,,0.0015912228688246266
4.5530792218890355,4.0,1.591222868824558,1.54919333851277,2.581988897421939,True,shannon_ex,5,0.2,,0.13826980547225887,0.02712994515722381,0,sphere,17.92367300367914,False,5,0,,0.5499636351720363
5.034084341374342,4.0,1.591222868824558,1.54919333851277,2.581988897421939,True,dnn,5,0.2,,0.25852108534358553,0.02712994515722381,0,sphere,0.26632999652065337,,,,1.5249239444588147,
4.773668606473674,4.0,1.591222868824558,1.54919333851277,2.581988897421939,True,three_rg,5,0.2,,0.19341715161841844,0.02712994515722381,0,sphere,0.002310996933374554,,,,,
5.5039316874913835,4.0,1.5843211535668966,1.54919333851277,2.581988897421939,True,shannon,5,0.2,,0.3759829218728459,0.022674907115111498,1,sphere,21.344177999708336,True,7,1,,0.019011853842802573
4.322249414450631,4.0,1.5843211535668966,1.54919333851277,2.581988897421939,True,shannon_ex,5,0.2,,0.08056235361265784,0.022674907115111498,1,sphere,17.683736004983075,False,5,0,,0.05267257350943444
5.0155781373737,4.0,1.5843211535668966,1.54919333851277,2.581988897421939,True,dnn,5,0.2,,0.2538945343434249,0.022674907115111498,1,sphere,0.22849199740448967,,,,1.523678756257565,
4.752963460700689,4.0,1.5843211535668966,1.54919333851277,2.581988897421939,True,three_rg,5,0.2,,0.18824086517517236,0.022674907115111498,1,sphere,0.001767002686392516,,,,,
5.452104054015798,4.0,1.591855198252791,1.54919333851277,2.581988897421939,True,shannon,5,0.2,,0.3630260135039496,0.027538112048026565,2,sphere,18.197630997747183,True,6,1,,0.0015918551982525564
4.904746109731436,4.0,1.591855198252791,1.54919333851277,2.581988897421939,True,shannon_ex,5,0.2,,0.22618652743285894,0.027538112048026565,2,sphere,17.385264996846672,False,6,0,,0.07436128024861333
5.021194593062045,4.0,1.591855198252791,1.54919333851277,2.581988897421939,True,dnn,5,0.2,,0.2552986482655113,0.027538112048026565,2,sphere,0.29439100035233423,,,,1.5243688961214876,
4.7755655947583735,4.0,1.591855198252791,1.54919333851277,2.581988897421939,True,three_rg,5,0.2,,0.19389139868959337,0.027538112048026565,2,sphere,0.001577995135448873,,,,,
5.848851562653328,6.0,2.3246627832485407,2.3237900077754694,2.581988897414923,True,shannon,7,0.0,,-0.025191406224445306,0.00037558276356769086,0,sphere,16.76404700265266,True,7,4,,0.036032273140351734
5.84588106289382,6.0,2.3246627832485407,2.3237900077754694,2.581988897414923,True,shannon_ex,7,0.0,,-0.025686489517696625,0.00037558276356769086,0,sphere,19.118493000860326,True,7,3,,0.03640604345514564
7.052517886584156,6.0,2.3246627832485407,2.3237900077754694,2.581988897414923,True,dnn,7,0.0,,0.17541964776402605,0.00037558276356769086,0,sphere,0.33177500154124573,,,,2.3068307813511226,
6.973988349745622,6.0,2.3246627832485407,2.3237900077754694,2.581988897414923,True,three_rg,7,0.0,,0.16233139162427035,0.00037558276356769086,0,sphere,0.00206800177693367,,,,,
8.08375167610742,6.0,2.39058159873055,2.3237900077754694,2.581988897414923,True,shannon,7,0.02,,0.34729194601790336,0.028742524381116227,0,sphere,18.248648004373536,True,10,4,,0.0
5.847817554566966,6.0,2.39058159873055,2.3237900077754694,2.581988897414923,True,shannon_ex,7,0.02,,-0.02536374090550571,0.028742524381116227,0,sphere,18.222163002064917,True,7,4,,0.038342535128292
7.0567850869059185,6.0,2.39058159873055,2.3237900077754694,2.581988897414923,True,dnn,7,0.02,,0.1761308478176531,0.028742524381116227,0,sphere,0.22290700144367293,,,,2.3069456753744433,
7.17174479619165,6.0,2.39058159873055,2.3237900077754694,2.581988897414923,True,three_rg,7,0.02,,0.19529079936527496,0.028742524381116227,0,sphere,0.0015379991964437068,,,,,
8.362838006548122,6.0,2.3893822875852018,2.3237900077754694,2.581988897414923,True,shannon,7,0.02,,0.393806334424687,0.028226423037477,1,sphere,17.23209700139705,True,10,5,,0.0
5.849754046240112,6.0,2.3893822875852018,2.3237900077754694,2.581988897414923,True,shannon_ex,7,0.02,,-0.025040992293314652,0.028226423037477,1,sphere,17.04516699828673,True,7,3,,0.03253306010885382
7.0511616808971835,6.0,2.3893822875852018,2.3237900077754694,2.581988897414923,True,dnn,7,0.02,,0.1751936134828639,0.028226423037477,1,sphere,0.28772099904017523,,,,2.306811414636115,
7.168146862755606,6.0,2.3893822875852018,2.3237900077754694,2.581988897414923,True,three_rg,7,0.02,,0.19469114379260097,0.028226423037477,1,sphere,0.001987995347008109,,,,,
7.736788171485387,6.0,2.3765283893366154,2.3237900077754694,2.581988897414923,True,shannon,7,0.02,,0.2894646952475644,0.02269498594308513,2,sphere,16.731934003473725,True,9,2,,0.0011882641946683314
5.84084618454364,6.0,2.3765283893366154,2.3237900077754694,2.581988897414923,True,shannon_ex,7,0.02,,-0.026525635909393348,0.02269498594308513,2,sphere,20.04443499754416,True,7,4,,0.030209270101078545
7.053634035370798,6.0,2.3765283893366154,2.3237900077754694,2.581988897414923,True,dnn,7,0.02,,0.1756056725617996,0.02269498594308513,2,sphere,0.3730349999386817,,,,2.306954849454658,
7.1295851680098465,6.0,2.3765283893366154,2.3237900077754694,2.581988897414923,True,three_rg,7,0.02,,0.18826419466830777,0.02269498594308513,2,sphere,0.0023140019038692117,,,,,
7.726674000183824,6.0,2.391912289810318,2.3237900077754694,2.581988897414923,True,shannon,7,0.05,,0.2877790000306373,0.02931516264675786,0,sphere,18.674804996408056,True,9,3,,0.0007973040966033906
5.850722292076685,6.0,2.391912289810318,2.3237900077754694,2.581988897414923,True,shannon_ex,7,0.05,,-0.0248796179872192,0.02931516264675786,0,sphere,19.595851998019498,True,7,4,,0.04124727263801109
7.063151772131043,6.0,2.391912289810318,2.3237900077754694,2.581988897414923,True,dnn,7,0.05,,0.1771919620218405,0.02931516264675786,0,sphere,0.25311699573649094,,,,2.307116517866287,
7.1757368694309545,6.0,2.391912289810318,2.3237900077754694,2.581988897414923,True,three_rg,7,0.05,,0.19595614490515909,0.02931516264675786,0,sphere,0.0016260019037872553,,,,,
8.125486416951635,6.0,2.3923116198886345,2.3237900077754694,2.581988897414923,True,shannon,7,0.05,,0.3542477361586058,0.029487006951527367,1,sphere,18.539471995609347,True,10,2,,0.0035884674298323205
5.8327129195164265,6.0,2.3923116198886345,2.3237900077754694,2.581988897414923,True,shannon_ex,7,0.05,,-0.02788118008059559,0.029487006951527367,1,sphere,17.905437998706475,True,7,3,,0.02168870673923573
7.049125699754741,6.0,2.3923116198886345,2.3237900077754694,2.581988897414923,True,dnn,7,0.05,,0.1748542832924569,0.029487006951527367,1,sphere,0.2439720046822913,,,,2.3067824297734814,
7.176934859665904,6.0,2.3923116198886345,2.3237900077754694,2.581988897414923,True,three_rg,7,0.05,,0.19615580994431733,0.029487006951527367,1,sphere,0.0017749989638105035,,,,,
8.040557128037054,6.0,2.391599383711144,2.3237900077754694,2.581988897414923,True,shannon,7,0.05,,0.3400928546728424,0.02918050930109108,2,sphere,17.085382001823746,True,10,1,,0.0
6.175471945663279,6.0,2.391599383711144,2.3237900077754694,2.581988897414923,True,shannon_ex,7,0.05,,0.029245324277213196,0.02918050930109108,2,sphere,16.72992199746659,True,7,4,,0.027885480093303272
7.055309268583539,6.0,2.391599383711144,2.3237900077754694,2.581988897414923,True,dnn,7,0.05,,0.17588487809725648,0.02918050930109108,2,sphere,0.22035300207789987,,,,2.307141028865379,
7.174798151133432,6.0,2.391599383711144,2.3237900077754694,2.581988897414923,True,three_rg,7,0.05,,0.195799691855572,0.02918050930109108,2,sphere,0.0017450001905672252,,,,,
7.983427849049975,6.0,2.3909637163971498,2.3237900077754694,2.581988897414923,True,shannon,7,0.1,,0.33057130817499586,0.028906961643227303,0,sphere,16.503070000908338,True,10,3,,0.007172891149190619
5.921946455814997,6.0,2.3909637163971498,2.3237900077754694,2.581988897414923,True,shannon_ex,7,0.1,,-0.013008924030833905,0.028906961643227303,0,sphere,16.151846997672692,True,7,5,,0.023237900077752727
7.07368119961923,6.0,2.3909637163971498,2.3237900077754694,2.581988897414923,True,dnn,7,0.1,,0.17894686660320502,0.028906961643227303,0,sphere,0.22066800011089072,,,,2.3073974751251076,
7.172891149191449,6.0,2.3909637163971498,2.3237900077754694,2.581988897414923,True,three_rg,7,0.1,,0.1954818581985749,0.028906961643227303,0,sphere,0.001353000698145479,,,,,
7.995047955672048,6.0,2.3946231241248905,2.3237900077754694,2.581988897414923,True,shannon,7,0.1,,0.332507992612008,0.030481719997250807,1,sphere,18.0040210034349,True,10,4,,0.0017959673430940626
5.830389129508651,6.0,2.3946231241248905,2.3237900077754694,2.581988897414923,True,shannon_ex,7,0.1,,-0.028268478415224802,0.030481719997250807,1,sphere,18.249171997013036,True,7,1,,0.020914110069977454
7.0454839244254135,6.0,2.3946231241248905,2.3237900077754694,2.581988897414923,True,dnn,7,0.1,,0.1742473207375689,0.030481719997250807,1,sphere,0.2685009967535734,,,,2.3067027920718175,
7.183869372374671,6.0,2.3946231241248905,2.3237900077754694,2.581988897414923,True,three_rg,7,0.1,,0.19731156206244518,0.030481719997250807,1,sphere,0.001153995981439948,,,,,
8.048975179389718,6.0,2.3855883756341374,2.3237900077754694,2.581988897414923,True,shannon,7,0.1,,0.3414958632316196,0.026593783281574,2,sphere,21.86277800501557,True,10,2,,0.023855883756343843
5.824966952823843,6.0,2.3855883756341374,2.3237900077754694,2.581988897414923,True,shannon_ex,7,0.1,,-0.029172174529359534,0.026593783281574,2,sphere,18.493131996365264,True,7,3,,0.0015491933385165524
7.0581040197007265,6.0,2.3855883756341374,2.3237900077754694,2.581988897414923,True,dnn,7,0.1,,0.17635066995012108,0.026593783281574,2,sphere,0.2219300004071556,,,,2.3074515339072335,
7.156765126902412,6.0,2.3855883756341374,2.3237900077754694,2.581988897414923,True,three_rg,7,0.1,,0.1927941878170687,0.026593783281574,2,sphere,0.0017049969756044447,,,,,
6.965953309610165,6.0,2.380708581548261,2.3237900077754694,2.581988897414923,True,shannon,7,0.2,,0.16099221826836083,0.024493854256339993,0,sphere,17.747704005159903,False,8,0,,0.8380094207049495
6.295147131063706,6.0,2.380708581548261,2.3237900077754694,2.581988897414923,True,shannon_ex,7,0.2,,0.04919118851061762,0.024493854256339993,0,sphere,17.271867996896617,True,8,3,,0.01316814337739336
7.0939409486517935,6.0,2.380708581548261,2.3237900077754694,2.581988897414923,True,dnn,7,0.2,,0.18232349144196558,0.024493854256339993,0,sphere,0.21897700207773596,,,,2.3078671672192055,
7.142125744644783,6.0,2.380708581548261,2.3237900077754694,2.581988897414923,True,three_rg,7,0.2,,0.19035429077413055,0.024493854256339993,0,sphere,0.0015810001059435308,,,,,
7.116758215921176,6.0,2.3722527386403702,2.3237900077754694,2.581988897414923,True,shannon,7,0.2,,0.186126369320196,0.02085503883859691,1,sphere,16.607619996648282,False,9,0,,0.7259093380239934
6.541468871887885,6.0,2.3722527386403702,2.3237900077754694,2.581988897414923,True,shannon_ex,7,0.2,,0.09024481198131411,0.02085503883859691,1,sphere,16.628878001938574,False,8,0,,0.6576325722004022
7.037348469942355,6.0,2.3722527386403702,2.3237900077754694,2.581988897414923,True,dnn,7,0.2,,0.17289141165705915,0.02085503883859691,1,sphere,0.19974499446107075,,,,2.306433410589381,
7.116758215921111,6.0,2.3722527386403702,2.3237900077754694,2.581988897414923,True,three_rg,7,0.2,,0.1861263693201852,0.02085503883859691,1,sphere,0.0016689955373294652,,,,,
8.05646254495248,6.0,2.4063508198783174,2.3237900077754694,2.581988897414923,False,shannon,7,0.2,,0.3427437574920799,0.03552851670185221,2,sphere,16.883311000128742,True,10,1,,0.0
5.823417759485325,6.0,2.4063508198783174,2.3237900077754694,2.581988897414923,False,shannon_ex,7,0.2,,-0.02943037341911244,0.03552851670185221,2,sphere,20.45139500114601,True,7,1,,0.013942740046651636
7.05959182997716,6.0,2.4063508198783174,2.3237900077754694,2.581988897414923,False,dnn,7,0.2,,0.17659863832952669,0.03552851670185221,2,sphere,0.19568900461308658,,,,2.307534537916477,
7.219052459634952,6.0,2.4063508198783174,2.3237900077754694,2.581988897414923,False,three_rg,7,0.2,,0.20317540993915864,0.03552851670185221,2,sphere,0.0011779993656091392,,,,,
9.338576524681617,8.0,3.1004570135065204,3.098386677028987,2.5819888974190666,True,shannon,10,0.0,,0.16732206558520213,0.000668198224864048,0,sphere,17.71797999390401,True,11,2,,0.03410502714857078
7.834270712867798,8.0,3.1004570135065204,3.098386677028987,2.5819888974190666,True,shannon_ex,10,0.0,,-0.02071616089152528,0.000668198224864048,0,sphere,18.77882600092562,True,9,2,,0.07281208691018382
8.54498940638221,8.0,3.1004570135065204,3.098386677028987,2.5819888974190666,True,dnn,10,0.0,,0.06812367579777634,0.000668198224864048,0,sphere,0.24212899734266102,,,,3.1323087137416294,
9.30137104051956,8.0,3.1004570135065204,3.098386677028987,2.5819888974190666,True,three_rg,10,0.0,,0.16267138006494508,0.000668198224864048,0,sphere,0.001257998519577086,,,,,
10.997921123471631,8.0,3.1697342079368727,3.098386677028987,2.5819888974190666,True,shannon,10,0.02,,0.37474014043395387,0.023027316582803,0,sphere,19.089077999524307,True,13,3,,0.001056578069312586
9.19601165742209,8.0,3.1697342079368727,3.098386677028987,2.5819888974190666,True,shannon_ex,10,0.02,,0.1495014571777613,0.023027316582803,0,sphere,17.02548399771331,True,11,2,,0.037180640124349296
8.53926118950036,8.0,3.1697342079368727,3.098386677028987,2.5819888974190666,True,dnn,10,0.02,,0.06740764868754501,0.023027316582803,0,sphere,0.29098300001351163,,,,3.1327190803158866,
9.509202623810618,8.0,3.1697342079368727,3.098386677028987,2.5819888974190666,True,three_rg,10,0.02,,0.1886503279763272,0.023027316582803,0,sphere,0.002101005520671606,,,,,
11.034381800162844,8.0,3.2089128926413957,3.098386677028987,2.5819888974190666,False,shannon,10,0.02,,0.3792977250203555,0.03567218269812308,1,sphere,18.79180900141364,True,14,3,,0.0427855052352184
7.815680392805623,8.0,3.2089128926413957,3.098386677028987,2.5819888974190666,False,shannon_ex,10,0.02,,-0.023039950899297112,0.03567218269812308,1,sphere,18.508989000110887,True,9,2,,0.05422176684800917
8.54465377131309,8.0,3.2089128926413957,3.098386677028987,2.5819888974190666,False,dnn,10,0.02,,0.06808172141413626,0.03567218269812308,1,sphere,0.31997699989005923,,,,3.1322814188874384,
9.626738677924187,8.0,3.2089128926413957,3.098386677028987,2.5819888974190666,False,three_rg,10,0.02,,0.20334233474052343,0.03567218269812308,1,sphere,0.001963999238796532,,,,,
10.991528388090035,8.0,3.156670990261379,3.098386677028987,2.5819888974190666,True,shannon,10,0.02,,0.3739410485112544,0.018811181207466426,2,sphere,18.73526299459627,True,13,3,,0.023148920595249756
7.817229586144137,8.0,3.156670990261379,3.098386677028987,2.5819888974190666,True,shannon_ex,10,0.02,,-0.022846301731982877,0.018811181207466426,2,sphere,17.038311998476274,True,9,1,,0.07126289357166948
8.544574286138063,8.0,3.156670990261379,3.098386677028987,2.5819888974190666,True,dnn,10,0.02,,0.06807178576725792,0.018811181207466426,2,sphere,0.22562700178241357,,,,3.132377369012461,
9.470012970784138,8.0,3.156670990261379,3.098386677028987,2.5819888974190666,True,three_rg,10,0.02,,0.18375162134801726,0.018811181207466426,2,sphere,0.0014680044841952622,,,,,
10.235563891119924,8.0,3.176773398857868,3.098386677028987,2.5819888974190666,True,shannon,10,0.05,,0.27944548638999045,0.025299205683405854,0,sphere,18.170365001424216,False,13,0,,0.5781727585920997
7.80793442611305,8.0,3.176773398857868,3.098386677028987,2.5819888974190666,True,shannon_ex,10,0.05,,-0.024008196735868736,0.025299205683405854,0,sphere,18.23748799506575,True,9,1,,0.06196773354058216
8.53074463175549,8.0,3.176773398857868,3.098386677028987,2.5819888974190666,True,dnn,10,0.05,,0.06634307896943614,0.025299205683405854,0,sphere,0.22362300660461187,,,,3.133333929367395,
9.530320196573603,8.0,3.176773398857868,3.098386677028987,2.5819888974190666,True,three_rg,10,0.05,,0.1912900245717004,0.025299205683405854,0,sphere,0.0017250058590434492,,,,,
11.07341825503723,8.0,3.1783634486329064,3.098386677028987,2.5819888974190666,True,shannon,10,0.05,,0.38417728187965383,0.025812392041592497,1,sphere,17.733972003043164,True,14,3,,0.02118908965755395
7.817229586144137,8.0,3.1783634486329064,3.098386677028987,2.5819888974190666,True,shannon_ex,10,0.05,,-0.022846301731982877,0.025812392041592497,1,sphere,18.03056299831951,True,9,1,,0.07126289357166948
8.544148675358457,8.0,3.1783634486329064,3.098386677028987,2.5819888974190666,True,dnn,10,0.05,,0.06801858441980713,0.025812392041592497,1,sphere,0.3115740037173964,,,,3.132240325802261,
9.53509034589872,8.0,3.1783634486329064,3.098386677028987,2.5819888974190666,True,three_rg,10,0.05,,0.19188629323733997,0.025812392041592497,1,sphere,0.0016280027921311557,,,,,
11.1432770874915,8.0,3.185613804314348,3.098386677028987,2.5819888974190666,True,shannon,10,0.05,,0.39290963593643746,0.028152434275570182,2,sphere,18.355199994402938,True,14,1,,0.0
8.146691369468233,8.0,3.185613804314348,3.098386677028987,2.5819888974190666,True,shannon_ex,10,0.05,,0.018336421183529072,0.028152434275570182,2,sphere,18.020215997239575,True,10,3,,0.03511504900633078
8.543952302255821,8.0,3.185613804314348,3.098386677028987,2.5819888974190666,True,dnn,10,0.05,,0.06799403778197766,0.028152434275570182,2,sphere,0.22055699810152873,,,,3.1324803573775157,
9.556841412943044,8.0,3.185613804314348,3.098386677028987,2.5819888974190666,True,three_rg,10,0.05,,0.19460517661788046,0.028152434275570182,2,sphere,0.0011830052244476974,,,,,
10.290738535587279,8.0,3.174194489693823,3.098386677028987,2.5819888974190666,True,shannon,10,0.1,,0.28634231694840984,0.024466866329778753,0,sphere,18.913418003648985,False,13,0,,0.5205678963097657
7.893140059731351,8.0,3.174194489693823,3.098386677028987,2.5819888974190666,True,shannon_ex,10,0.1,,-0.013357492533581095,0.024466866329778753,0,sphere,20.57910199800972,True,10,2,,0.02013951340068898
8.516753922273384,8.0,3.174194489693823,3.098386677028987,2.5819888974190666,True,dnn,10,0.1,,0.06459424028417304,0.024466866329778753,0,sphere,0.2315460005775094,,,,3.134356681693422,
9.522583469081468,8.0,3.174194489693823,3.098386677028987,2.5819888974190666,True,three_rg,10,0.1,,0.1903229336351835,0.024466866329778753,0,sphere,0.00126299710245803,,,,,
10.37928041234567,8.0,3.177979305678433,3.098386677028987,2.5819888974190666,True,shannon,10,0.1,,0.29741005154320876,0.025688410436158444,1,sphere,18.18776400614297,False,13,0,,0.7245792816946555
7.817229586144137,8.0,3.177979305678433,3.098386677028987,2.5819888974190666,True,shannon_ex,10,0.1,,-0.022846301731982877,0.025688410436158444,1,sphere,17.446477999328636,True,9,1,,0.07126289357166948
8.543302457259754,8.0,3.177979305678433,3.098386677028987,2.5819888974190666,True,dnn,10,0.1,,0.06791280715746928,0.025688410436158444,1,sphere,0.24997699802042916,,,,3.1321714342659126,
9.5339379170353,8.0,3.177979305678433,3.098386677028987,2.5819888974190666,True,three_rg,10,0.1,,0.1917422396294124,0.025688410436158444,1,sphere,0.00122499477583915,,,,,
9.820152569090233,8.0,3.184225865463763,3.098386677028987,2.5819888974190666,True,shannon,10,0.1,,0.22751907113627912,0.027704478937756776,2,sphere,16.986078000627458,True,12,1,,0.006368451730927482
8.007780366781427,8.0,3.184225865463763,3.098386677028987,2.5819888974190666,True,shannon_ex,10,0.1,,0.0009725458476783633,0.027704478937756776,2,sphere,16.98884600045858,True,10,2,,0.017041126723659428
8.542917518017909,8.0,3.184225865463763,3.098386677028987,2.5819888974190666,True,dnn,10,0.1,,0.06786468975223858,0.027704478937756776,2,sphere,0.24159900203812867,,,,3.132652019110242,
9.55267759639129,8.0,3.184225865463763,3.098386677028987,2.5819888974190666,True,three_rg,10,0.1,,0.19408469954891117,0.027704478937756776,2,sphere,0.0019190047169104218,,,,,
10.22487396978001,8.0,3.175426698689451,3.098386677028987,2.5819888974190666,True,shannon,10,0.2,,0.2781092462225012,0.024864560073030263,0,sphere,18.962408001243602,True,13,1,,0.012701706794757683
7.853377430709477,8.0,3.175426698689451,3.098386677028987,2.5819888974190666,True,shannon_ex,10,0.2,,-0.018327821161315372,0.024864560073030263,0,sphere,18.144604000553954,True,9,3,,0.014459137826135393
8.489544220536578,8.0,3.175426698689451,3.098386677028987,2.5819888974190666,True,dnn,10,0.2,,0.06119302756707223,0.024864560073030263,0,sphere,0.2224690033472143,,,,3.1363938030240583,
9.526280096068353,8.0,3.175426698689451,3.098386677028987,2.5819888974190666,True,three_rg,10,0.2,,0.19078501200854414,0.024864560073030263,0,sphere,0.0013800017768517137,,,,,
10.321240616654528,8.0,3.1757663435859897,3.098386677028987,2.5819888974190666,True,shannon,10,0.2,,0.290155077081816,0.02497417999202126,1,sphere,16.838185998494737,False,13,0,,0.787590053209346
8.861385896302947,8.0,3.1757663435859897,3.098386677028987,2.5819888974190666,True,shannon_ex,10,0.2,,0.10767323703786835,0.02497417999202126,1,sphere,16.75722900108667,False,11,0,,0.6444644288220545
8.541593490745946,8.0,3.1757663435859897,3.098386677028987,2.5819888974190666,True,dnn,10,0.2,,0.06769918634324323,0.02497417999202126,1,sphere,0.24431900237686932,,,,3.132032133526052,
9.52729903075797,8.0,3.1757663435859897,3.098386677028987,2.5819888974190666,True,three_rg,10,0.2,,0.1909123788447462,0.02497417999202126,1,sphere,0.001891996362246573,,,,,
9.90696315831546,8.0,3.1814268331135334,3.098386677028987,2.5819888974190666,True,shannon,10,0.2,,0.23837039478943245,0.026801095131280574,2,sphere,23.597251005412545,True,12,4,,0.05408425616292778
8.235511787543068,8.0,3.1814268331135334,3.098386677028987,2.5819888974190666,True,shannon_ex,10,0.2,,0.029438973442883487,0.026801095131280574,2,sphere,21.54893999977503,True,10,2,,0.006196773354058216
8.540854896258486,8.0,3.1814268331135334,3.098386677028987,2.5819888974190666,True,dnn,10,0.2,,0.0676068620323107,0.026801095131280574,2,sphere,0.3344040014781058,,,,3.1329953961221326,
9.5442804993406,8.0,3.1814268331135334,3.098386677028987,2.5819888974190666,True,three_rg,10,0.2,,0.19303506241757495,0.026801095131280574,2,sphere,0.0023389948182739317,,,,,
9.770117704789538,10.0,3.8770308352339424,3.8729833462887284,2.5819888974174035,True,shannon,12,0.0,,-0.022988229521046222,0.0010450571518962242,0,sphere,17.927105000126176,True,12,1,,0.062032493363744834
10.489975393423112,10.0,3.8770308352339424,3.8729833462887284,2.5819888974174035,True,shannon_ex,12,0.0,,0.048997539342311214,0.0010450571518962242,0,sphere,17.169261001981795,True,13,2,,0.005809475019433741
10.539525672756184,10.0,3.8770308352339424,3.8729833462887284,2.5819888974174035,True,dnn,12,0.0,,0.05395256727561844,0.0010450571518962242,0,sphere,0.2197900030296296,,,,3.87013650037963,
11.631092505701828,10.0,3.8770308352339424,3.8729833462887284,2.5819888974174035,True,three_rg,12,0.0,,0.16310925057018277,0.0010450571518962242,0,sphere,0.0013760000001639128,,,,,
13.596847739088464,10.0,3.88259501401715,3.8729833462887284,2.5819888974174035,True,shannon,12,0.02,,0.35968477390884634,0.0024817219360449417,0,sphere,17.91903500270564,True,17,1,,0.0
9.759918032647604,10.0,3.88259501401715,3.8729833462887284,2.5819888974174035,True,shannon_ex,12,0.02,,-0.024008196735239552,0.0024817219360449417,0,sphere,21.360493999964092,True,12,1,,0.05422176684804825
10.535787728807462,10.0,3.88259501401715,3.8729833462887284,2.5819888974174035,True,dnn,12,0.02,,0.05357877288074615,0.0024817219360449417,0,sphere,0.1974240003619343,,,,3.8701640450871917,
11.64778504205145,10.0,3.88259501401715,3.8729833462887284,2.5819888974174035,True,three_rg,12,0.02,,0.16477850420514492,0.0024817219360449417,0,sphere,0.001224005245603621,,,,,
12.515838710819462,10.0,3.891740892667805,3.8729833462887284,2.5819888974174035,True,shannon,12,0.02,,0.25158387108194624,0.00484317764935677,1,sphere,17.883346001326572,False,15,0,,1.0196361138788923
9.763791015993894,10.0,3.891740892667805,3.8729833462887284,2.5819888974174035,True,shannon_ex,12,0.02,,-0.023620898400610636,0.00484317764935677,1,sphere,18.35772200138308,True,12,1,,0.05034878350175909
10.53959246059386,10.0,3.891740892667805,3.8729833462887284,2.5819888974174035,True,dnn,12,0.02,,0.05395924605938607,0.00484317764935677,1,sphere,0.30203400092432275,,,,3.87013641967504,
11.675222678003415,10.0,3.891740892667805,3.8729833462887284,2.5819888974174035,True,three_rg,12,0.02,,0.1675222678003415,0.00484317764935677,1,sphere,0.0017410056898370385,,,,,
13.945883360533074,10.0,3.9978643174007833,3.8729833462887284,2.5819888974174035,True,shannon,12,0.02,,0.3945883360533074,0.03224412809100292,2,sphere,16.912067992961966,True,17,3,,0.014658835830468675
9.763791015993894,10.0,3.9978643174007833,3.8729833462887284,2.5819888974174035,True,shannon_ex,12,0.02,,-0.023620898400610636,0.03224412809100292,2,sphere,16.870310995727777,True,12,1,,0.05034878350175909
10.539445175425913,10.0,3.9978643174007833,3.8729833462887284,2.5819888974174035,True,dnn,12,0.02,,0.05394451754259126,0.03224412809100292,2,sphere,0.23469200095860288,,,,3.8701515822568453,
11.99359295220235,10.0,3.9978643174007833,3.8729833462887284,2.5819888974174035,True,three_rg,12,0.02,,0.19935929522023504,0.03224412809100292,2,sphere,0.0012360032997094095,,,,,
13.84854016499812,10.0,3.954654275854929,3.8729833462887284,2.5819888974174035,True,shannon,12,0.05,,0.384854016499812,0.02108734333816881,0,sphere,17.106790997786447,True,17,6,,0.0006591090459755478
9.738616624243015,10.0,3.954654275854929,3.8729833462887284,2.5819888974174035,True,shannon_ex,12,0.05,,-0.0261383375756985,0.02108734333816881,0,sphere,17.40237799822353,True,12,2,,0.044539308482325346
10.530203664764567,10.0,3.954654275854929,3.8729833462887284,2.5819888974174035,True,dnn,12,0.05,,0.053020366476456714,0.02108734333816881,0,sphere,0.22203200205694884,,,,3.870206179308883,
11.863962827564787,10.0,3.954654275854929,3.8729833462887284,2.5819888974174035,True,three_rg,12,0.05,,0.18639628275647874,0.02108734333816881,0,sphere,0.001815998984966427,,,,,
13.85167754586551,10.0,3.9558460618114397,3.8729833462887284,2.5819888974174035,True,shannon,12,0.05,,0.38516775458655095,0.02139506114894973,1,sphere,17.478379006206524,True,17,7,,0.0016953625979194697
9.763791015993894,10.0,3.9558460618114397,3.8729833462887284,2.5819888974174035,True,shannon_ex,12,0.05,,-0.023620898400610636,0.02139506114894973,1,sphere,17.26266100013163,True,12,1,,0.05034878350175909
10.539692691582497,10.0,3.9558460618114397,3.8729833462887284,2.5819888974174035,True,dnn,12,0.05,,0.053969269158249664,0.02139506114894973,1,sphere,0.3439700012677349,,,,3.87013629860183,
11.86753818543432,10.0,3.9558460618114397,3.8729833462887284,2.5819888974174035,True,three_rg,12,0.05,,0.186753818543432,0.02139506114894973,1,sphere,0.002259002940263599,,,,,
13.340192939125998,10.0,4.011283834557388,3.8729833462887284,2.5819888974174035,False,shannon,12,0.05,,0.3340192939125998,0.03570903252170855,2,sphere,17.553879995830357,True,16,3,,0.03877574373405057
9.763791015993894,10.0,4.011283834557388,3.8729833462887284,2.5819888974174035,False,shannon_ex,12,0.05,,-0.023620898400610636,0.03570903252170855,2,sphere,17.03593799902592,True,12,1,,0.05034878350175909
10.539324471888664,10.0,4.011283834557388,3.8729833462887284,2.5819888974174035,False,dnn,12,0.05,,0.05393244718886638,0.03570903252170855,2,sphere,0.22249999892665073,,,,3.870174204309391,
12.033851503672164,10.0,4.011283834557388,3.8729833462887284,2.5819888974174035,False,three_rg,12,0.05,,0.20338515036721638,0.03570903252170855,2,sphere,0.0017909987946040928,,,,,
13.755902887665691,10.0,3.969957543337954,3.8729833462887284,2.5819888974174035,True,shannon,12,0.1,,0.3755902887665691,0.025038630011706836,0,sphere,18.382629998086486,True,17,2,,0.0
9.711505740818989,10.0,3.969957543337954,3.8729833462887284,2.5819888974174035,True,shannon_ex,12,0.1,,-0.02884942591810109,0.025038630011706836,0,sphere,20.642881994717754,True,12,2,,0.021301408404590383
10.520957530514986,10.0,3.969957543337954,3.8729833462887284,2.5819888974174035,True,dnn,12,0.1,,0.052095753051498585,0.025038630011706836,0,sphere,0.34264799614902586,,,,3.8702785654461547,
11.909872630013862,10.0,3.969957543337954,3.8729833462887284,2.5819888974174035,True,three_rg,12,0.1,,0.19098726300138616,0.025038630011706836,0,sphere,0.0021990053937770426,,,,,
13.897361441482763,10.0,4.036410526134977,3.8729833462887284,2.5819888974174035,False,shannon,12,0.1,,0.38973614414827634,0.04219671638992521,1,sphere,18.292624001333024,True,17,2,,0.004036410526135015
11.293619437778112,10.0,4.036410526134977,3.8729833462887284,2.5819888974174035,False,shannon_ex,12,0.1,,0.1293619437778112,0.04219671638992521,1,sphere,17.199361995153595,True,14,2,,0.07745966692578321
10.53985987458074,10.0,4.036410526134977,3.8729833462887284,2.5819888974174035,False,dnn,12,0.1,,0.053985987458074015,0.04219671638992521,1,sphere,0.22219600214157254,,,,3.870136096768605,
12.109231578404932,10.0,4.036410526134977,3.8729833462887284,2.5819888974174035,False,three_rg,12,0.1,,0.21092315784049323,0.04219671638992521,1,sphere,0.001891996362246573,,,,,
13.640422631164878,10.0,3.9476430535880755,3.8729833462887284,2.5819888974174035,True,shannon,12,0.1,,0.3640422631164878,0.019277053533134737,2,sphere,18.26846899348311,True,17,3,,0.03947643053588301
9.785092424398485,10.0,3.9476430535880755,3.8729833462887284,2.5819888974174035,True,shannon_ex,12,0.1,,-0.021490757560151508,0.019277053533134737,2,sphere,18.10722899972461,True,12,2,,0.08714212529150611
10.539123412509696,10.0,3.9476430535880755,3.8729833462887284,2.5819888974174035,True,dnn,12,0.1,,0.053912341250969574,0.019277053533134737,2,sphere,0.19755300309043378,,,,3.870211905693956,
11.842929160764227,10.0,3.9476430535880755,3.8729833462887284,2.5819888974174035,True,three_rg,12,0.1,,0.18429291607642267,0.019277053533134737,2,sphere,0.0016979975043796003,,,,,
13.56535800563169,10.0,4.016645067443093,3.8729833462887284,2.5819888974174035,False,shannon,12,0.2,,0.356535800563169,0.037093296900444515,0,sphere,19.883003005816136,True,17,7,,0.018935612460801998
9.723770188082238,10.0,4.016645067443093,3.8729833462887284,2.5819888974174035,False,shannon_ex,12,0.2,,-0.027622981191776218,0.037093296900444515,0,sphere,18.88661500561284,True,12,3,,0.033565855667839095
10.5026906487506,10.0,4.016645067443093,3.8729833462887284,2.5819888974174035,False,dnn,12,0.2,,0.05026906487505993,0.037093296900444515,0,sphere,0.27617400337476283,,,,3.8704313351159176,
12.04993520232928,10.0,4.016645067443093,3.8729833462887284,2.5819888974174035,False,three_rg,12,0.2,,0.204993520232928,0.037093296900444515,0,sphere,0.0012509990483522415,,,,,
13.548264986237449,10.0,3.993397028759232,3.8729833462887284,2.5819888974174035,True,shannon,12,0.2,,0.3548264986237449,0.031090679123598537,1,sphere,18.57780599675607,True,17,3,,0.0026622646858394106
12.27348422438927,10.0,3.993397028759232,3.8729833462887284,2.5819888974174035,True,shannon_ex,12,0.2,,0.22734842243892697,0.031090679123598537,1,sphere,17.28138799808221,False,15,0,,0.6390422521377115
10.54019473357968,10.0,3.993397028759232,3.8729833462887284,2.5819888974174035,True,dnn,12,0.2,,0.054019473357968015,0.031090679123598537,1,sphere,0.2269769975100644,,,,3.870135692928387,
11.980191086277696,10.0,3.993397028759232,3.8729833462887284,2.5819888974174035,True,three_rg,12,0.2,,0.19801910862776956,0.031090679123598537,1,sphere,0.00133900175569579,,,,,
13.971331456332358,10.0,3.9900989451183912,3.8729833462887284,2.5819888974174035,True,shannon,12,0.2,,0.39713314563323576,0.030239117589258006,2,sphere,16.992728000332136,True,17,4,,0.0019950494725593515
10.055233012802152,10.0,3.9900989451183912,3.8729833462887284,2.5819888974174035,True,shannon_ex,12,0.2,,0.005523301280215165,0.030239117589258006,2,sphere,18.119369000487495,True,12,4,,0.08230089610864422
10.538721717927084,10.0,3.9900989451183912,3.8729833462887284,2.5819888974174035,True,dnn,12,0.2,,0.05387217179270838,0.030239117589258006,2,sphere,0.3288929947302677,,,,3.8702873008204985,
11.970296835355175,10.0,3.9900989451183912,3.8729833462887284,2.5819888974174035,True,three_rg,12,0.2,,0.19702968353551747,0.030239117589258006,2,sphere,0.002024004061240703,,,,,
13.936443675559048,14.0,5.433311374486954,5.422176684807655,2.5819888974157674,True,shannon,17,0.0,,-0.004539737460068035,0.0020535460805799523,0,sphere,20.80248499987647,True,17,1,,0.1358327843621776
18.98032948516903,14.0,5.433311374486954,5.422176684807655,2.5819888974157674,True,shannon_ex,17,0.0,,0.3557378203692164,0.0020535460805799523,0,sphere,18.327523001062218,True,24,2,,0.0027110883424033005
18.137975383733103,14.0,5.433311374486954,5.422176684807655,2.5819888974157674,True,dnn,17,0.0,,0.2955696702666502,0.0020535460805799523,0,sphere,0.23706800129730254,,,,5.392343867772701,
16.29993412346086,14.0,5.433311374486954,5.422176684807655,2.5819888974157674,True,three_rg,17,0.0,,0.16428100881863297,0.0020535460805799523,0,sphere,0.0017909987946040928,,,,,
19.479402194808237,14.0,5.565543484230985,5.422176684807655,2.5819888974157674,True,shannon,17,0.02,,0.39138587105773126,0.026440820312076455,0,sphere,17.049777001375332,True,24,3,,0.0
18.98575166185384,14.0,5.565543484230985,5.422176684807655,2.5819888974157674,True,shannon_ex,17,0.02,,0.3561251187038457,0.026440820312076455,0,sphere,17.257756997423712,True,24,2,,0.0027110883424033005
18.131859228574935,14.0,5.565543484230985,5.422176684807655,2.5819888974157674,True,dnn,17,0.02,,0.2951328020410668,0.026440820312076455,0,sphere,0.22062799689592794,,,,5.391863553483236,
16.696630452692954,14.0,5.565543484230985,5.422176684807655,2.5819888974157674,True,three_rg,17,0.02,,0.19261646090663959,0.026440820312076455,0,sphere,0.0013089957064948976,,,,,
13.802595919170823,14.0,5.479394965927286,5.422176684807655,2.5819888974157674,True,shannon,17,0.02,,-0.014100291487798344,0.010552640470007148,1,sphere,19.173544002114795,True,17,1,,0.10410850435261043
18.13898840290974,14.0,5.479394965927286,5.422176684807655,2.5819888974157674,True,shannon_ex,17,0.02,,0.29564202877926704,0.010552640470007148,1,sphere,19.088403998466674,True,23,3,,0.05783655130461263
18.139235642623664,14.0,5.479394965927286,5.422176684807655,2.5819888974157674,True,dnn,17,0.02,,0.29565968875883314,0.010552640470007148,1,sphere,0.2766879988485016,,,,5.392456570917293,
16.43818489778186,14.0,5.479394965927286,5.422176684807655,2.5819888974157674,True,three_rg,17,0.02,,0.17415606412727566,0.010552640470007148,1,sphere,0.0016920021153055131,,,,,
18.886482744729953,14.0,5.50947571316519,5.422176684807655,2.5819888974157674,True,shannon,17,0.02,,0.3490344817664252,0.016100365855309932,2,sphere,18.307887999981176,True,24,1,,0.04407580570531877
18.98575166185384,14.0,5.50947571316519,5.422176684807655,2.5819888974157674,True,shannon_ex,17,0.02,,0.3561251187038457,0.016100365855309932,2,sphere,18.599101997097023,True,24,2,,0.0027110883424033005
18.137035724547548,14.0,5.50947571316519,5.422176684807655,2.5819888974157674,True,dnn,17,0.02,,0.2955025517533963,0.016100365855309932,2,sphere,0.19993699970655143,,,,5.392291992871656,
16.52842713949557,14.0,5.50947571316519,5.422176684807655,2.5819888974157674,True,three_rg,17,0.02,,0.18060193853539783,0.016100365855309932,2,sphere,0.0012399978004395962,,,,,
16.92497571863607,14.0,5.450877848191942,5.422176684807655,2.5819888974157674,True,shannon,17,0.05,,0.20892683704543355,0.005293291800081677,0,sphere,21.269300996209495,False,21,0,,1.9459633918045771
18.98032948516903,14.0,5.450877848191942,5.422176684807655,2.5819888974157674,True,shannon_ex,17,0.05,,0.3557378203692164,0.005293291800081677,0,sphere,19.492652994813398,True,24,2,,0.008133265027211678
18.122692829236215,14.0,5.450877848191942,5.422176684807655,2.5819888974157674,True,dnn,17,0.05,,0.29447805923115816,0.005293291800081677,0,sphere,0.2744070006883703,,,,5.391143802215259,
16.352633544575824,14.0,5.450877848191942,5.422176684807655,2.5819888974157674,True,three_rg,17,0.05,,0.1680452531839874,0.005293291800081677,0,sphere,0.0012829987099394202,,,,,
17.016615050587717,14.0,5.475101367628019,5.422176684807655,2.5819888974157674,True,shannon,17,0.05,,0.21547250361340836,0.009760781674387877,1,sphere,22.809186004451476,True,21,1,,0.010950202735255488
18.977618396826628,14.0,5.475101367628019,5.422176684807655,2.5819888974157674,True,shannon_ex,17,0.05,,0.355544171201902,0.009760781674387877,1,sphere,19.634781005152036,True,24,2,,0.005422176684806601
18.14112631402194,14.0,5.475101367628019,5.422176684807655,2.5819888974157674,True,dnn,17,0.05,,0.29579473671585277,0.009760781674387877,1,sphere,0.19774100655922666,,,,5.392625678568218,
16.425304102884056,14.0,5.475101367628019,5.422176684807655,2.5819888974157674,True,three_rg,17,0.05,,0.1732360073488611,0.009760781674387877,1,sphere,0.001519998477306217,,,,,
16.957152225690635,14.0,5.49664577818167,5.422176684807655,2.5819888974157674,True,shannon,17,0.05,,0.21122515897790248,0.013734169449451748,2,sphere,19.28502300143009,False,21,0,,0.6211209729345644
18.98846275019624,14.0,5.49664577818167,5.422176684807655,2.5819888974157674,True,shannon_ex,17,0.05,,0.35631876787116007,0.013734169449451748,2,sphere,19.446088997938205,True,24,2,,0.0
18.13562647763921,14.0,5.49664577818167,5.422176684807655,2.5819888974157674,True,dnn,17,0.05,,0.2954018912599436,0.013734169449451748,2,sphere,0.20409100397955626,,,,5.392214201682462,
16.48993733454501,14.0,5.49664577818167,5.422176684807655,2.5819888974157674,True,three_rg,17,0.05,,0.17785266675321512,0.013734169449451748,2,sphere,0.0010669973562471569,,,,,
15.174522337710577,14.0,5.456498503311952,5.422176684807655,2.5819888974157674,True,shannon,17,0.1,,0.08389445269361266,0.0063298967369437775,0,sphere,18.64592600031756,False,19,0,,1.1622341812054762
18.969485131799416,14.0,5.456498503311952,5.422176684807655,2.5819888974157674,True,shannon_ex,17,0.1,,0.3549632236999583,0.0063298967369437775,0,sphere,17.163534001156222,True,24,2,,0.002711088342401524
18.107436443575587,14.0,5.456498503311952,5.422176684807655,2.5819888974157674,True,dnn,17,0.1,,0.2933883173982562,0.0063298967369437775,0,sphere,0.2118560005328618,,,,5.389946140291745,
16.369495509935856,14.0,5.456498503311952,5.422176684807655,2.5819888974157674,True,three_rg,17,0.1,,0.16924967928113258,0.0063298967369437775,0,sphere,0.0013069948181509972,,,,,
19.219745322795376,14.0,5.587135268254418,5.422176684807655,2.5819888974157674,True,shannon,17,0.1,,0.37283895162824116,0.03042294507092664,1,sphere,19.403793005039915,True,24,1,,0.0
16.572883037114508,14.0,5.587135268254418,5.422176684807655,2.5819888974157674,True,shannon_ex,17,0.1,,0.18377735979389342,0.03042294507092664,1,sphere,21.578233005129732,True,21,2,,0.05693285519047997
18.144278187187474,14.0,5.587135268254418,5.422176684807655,2.5819888974157674,True,dnn,17,0.1,,0.296019870513391,0.03042294507092664,1,sphere,0.2016080034081824,,,,5.39290766578823,
16.761405804763253,14.0,5.587135268254418,5.422176684807655,2.5819888974157674,True,three_rg,17,0.1,,0.1972432717688038,0.03042294507092664,1,sphere,0.0013980024959892035,,,,,
19.22150522757533,14.0,5.5811571508638265,5.422176684807655,2.5819888974157674,True,shannon,17,0.1,,0.3729646591125237,0.02932041416164415,2,sphere,19.791495993558783,True,24,1,,0.0
18.98846275019624,14.0,5.5811571508638265,5.422176684807655,2.5819888974157674,True,shannon_ex,17,0.1,,0.35631876787116007,0.02932041416164415,2,sphere,19.653741001093294,True,24,2,,0.0
18.133278377937057,14.0,5.5811571508638265,5.422176684807655,2.5819888974157674,True,dnn,17,0.1,,0.2952341698526469,0.02932041416164415,2,sphere,0.20922900148434564,,,,5.392084606135333,
16.74347145259148,14.0,5.5811571508638265,5.422176684807655,2.5819888974157674,True,three_rg,17,0.1,,0.19596224661367703,0.02932041416164415,2,sphere,0.0012520031305029988,,,,,
17.359327395784973,14.0,5.569242026238318,5.422176684807655,2.5819888974157674,True,shannon,17,0.2,,0.2399519568417838,0.027122934197759328,0,sphere,19.6659869980067,False,22,0,,2.121881211996884
18.939663160032975,14.0,5.569242026238318,5.422176684807655,2.5819888974157674,True,shannon_ex,17,0.2,,0.3528330828594982,0.027122934197759328,0,sphere,18.436686004861258,True,24,1,,0.005422176684806601
18.077002606190952,14.0,5.569242026238318,5.422176684807655,2.5819888974157674,True,dnn,17,0.2,,0.29121447187078225,0.027122934197759328,0,sphere,0.22406299831345677,,,,5.3875580501287095,
16.707726078714956,14.0,5.569242026238318,5.422176684807655,2.5819888974157674,True,three_rg,17,0.2,,0.19340900562249683,0.027122934197759328,0,sphere,0.0012239979696460068,,,,,
18.51054959024372,14.0,5.4987274750699875,5.422176684807655,2.5819888974157674,True,shannon,17,0.2,,0.32218211358883714,0.014118092181838902,1,sphere,18.519526995078195,True,23,3,,0.023827819058636734
15.480314435125798,14.0,5.4987274750699875,5.422176684807655,2.5819888974157674,True,shannon_ex,17,0.2,,0.10573674536612845,0.014118092181838902,1,sphere,17.416657996363938,False,19,0,,1.6646082422359
18.15058475715653,14.0,5.4987274750699875,5.422176684807655,2.5819888974157674,True,dnn,17,0.2,,0.29647033979689497,0.014118092181838902,1,sphere,0.2719710028031841,,,,5.393472169333952,
16.496182425209962,14.0,5.4987274750699875,5.422176684807655,2.5819888974157674,True,three_rg,17,0.2,,0.17829874465785447,0.014118092181838902,1,sphere,0.0013410026440396905,,,,,
18.800883192080573,14.0,5.596611388791545,5.422176684807655,2.5819888974157674,True,shannon,17,0.2,,0.34292022800575517,0.03217060492931492,2,sphere,26.056483999127522,True,23,3,,0.0037310742591962764
18.98846275019624,14.0,5.596611388791545,5.422176684807655,2.5819888974157674,True,shannon_ex,17,0.2,,0.35631876787116007,0.03217060492931492,2,sphere,24.888148000172805,True,24,2,,0.0
18.12858459889446,14.0,5.596611388791545,5.422176684807655,2.5819888974157674,True,dnn,17,0.2,,0.2948988999210328,0.03217060492931492,2,sphere,0.35964900598628446,,,,5.391825626684293,
16.789834166374636,14.0,5.596611388791545,5.422176684807655,2.5819888974157674,True,three_rg,17,0.2,,0.1992738690267597,0.03217060492931492,2,sphere,0.001767999492585659,,,,,
22.399794660765643,20.0,7.778606781143381,7.7459666925711845,2.5819888974194942,True,shannon,25,0.0,,0.11998973303828216,0.00421381731521001,0,sphere,17.899612998007797,True,28,3,,0.11667910171714269
23.470279078490705,20.0,7.778606781143381,7.7459666925711845,2.5819888974194942,True,shannon_ex,25,0.0,,0.17351395392453525,0.00421381731521001,0,sphere,17.553302001033444,False,29,0,,2.0294432734536585
27.243950590065907,20.0,7.778606781143381,7.7459666925711845,2.5819888974194942,True,dnn,25,0.0,,0.36219752950329537,0.00421381731521001,0,sphere,0.23312499979510903,,,,8.05901227802234,
23.335820343430143,20.0,7.778606781143381,7.7459666925711845,2.5819888974194942,True,three_rg,25,0.0,,0.16679101717150716,0.00421381731521001,0,sphere,0.0015789992175996304,,,,,
23.10776540720349,20.0,7.846439866622674,7.7459666925711845,2.5819888974194942,True,shannon,25,0.02,,0.15538827036017455,0.012971030994472142,0,sphere,18.274372996529564,False,29,0,,0.9808049833277543
23.013267043629003,20.0,7.846439866622674,7.7459666925711845,2.5819888974194942,True,shannon_ex,25,0.02,,0.15066335218145016,0.012971030994472142,0,sphere,19.942384999012575,False,29,0,,1.5724312385919568
27.243277480439083,20.0,7.846439866622674,7.7459666925711845,2.5819888974194942,True,dnn,25,0.02,,0.36216387402195416,0.012971030994472142,0,sphere,0.2936119999503717,,,,8.058899734648264,
23.539319599868023,20.0,7.846439866622674,7.7459666925711845,2.5819888974194942,True,three_rg,25,0.02,,0.17696597999340113,0.012971030994472142,0,sphere,0.0013419994502328336,,,,,
23.19182783393722,20.0,7.861636553877138,7.7459666925711845,2.5819888974194942,True,shannon,25,0.02,,0.15959139169686107,0.014932914882901202,1,sphere,17.527337004139554,True,29,1,,0.07861636553876394
23.470279078490705,20.0,7.861636553877138,7.7459666925711845,2.5819888974194942,True,shannon_ex,25,0.02,,0.17351395392453525,0.014932914882901202,1,sphere,17.179788002977148,False,29,0,,2.0294432734536585
27.244354760311104,20.0,7.861636553877138,7.7459666925711845,2.5819888974194942,True,dnn,25,0.02,,0.36221773801555524,0.014932914882901202,1,sphere,0.20304899953771383,,,,8.059071949468922,
23.584909661631414,20.0,7.861636553877138,7.7459666925711845,2.5819888974194942,True,three_rg,25,0.02,,0.1792454830815707,0.014932914882901202,1,sphere,0.001319996954407543,,,,,
24.594314868741314,20.0,7.872700022004378,7.7459666925711845,2.5819888974194942,True,shannon,25,0.02,,0.22971574343706572,0.016361202476475625,2,sphere,19.6926490025362,True,31,1,,0.11021780030805317
23.470279078490705,20.0,7.872700022004378,7.7459666925711845,2.5819888974194942,True,shannon_ex,25,0.02,,0.17351395392453525,0.016361202476475625,2,sphere,19.291972006612923,False,29,0,,2.0294432734536585
27.243897177303605,20.0,7.872700022004378,7.7459666925711845,2.5819888974194942,True,dnn,25,0.02,,0.36219485886518027,0.016361202476475625,2,sphere,0.24195999867515638,,,,8.059003783094232,
23.618100066013135,20.0,7.872700022004378,7.7459666925711845,2.5819888974194942,True,three_rg,25,0.02,,0.18090500330065673,0.016361202476475625,2,sphere,0.001786997017916292,,,,,
24.296936555311856,20.0,7.88349661106803,7.7459666925711845,2.5819888974194942,True,shannon,25,0.05,,0.21484682776559277,0.01775503613109315,0,sphere,18.734031000349205,False,30,0,,0.8671846272175188
25.01947241700495,20.0,7.88349661106803,7.7459666925711845,2.5819888974194942,True,shannon_ex,25,0.05,,0.25097362085024744,0.01775503613109315,0,sphere,19.21350599877769,False,31,0,,0.4337741347839881
27.242267759148916,20.0,7.88349661106803,7.7459666925711845,2.5819888974194942,True,dnn,25,0.05,,0.3621133879574458,0.01775503613109315,0,sphere,0.22543499653693289,,,,8.058730924485559,
23.65048983320409,20.0,7.88349661106803,7.7459666925711845,2.5819888974194942,True,three_rg,25,0.05,,0.18252449166020454,0.01775503613109315,0,sphere,0.0013719982234761119,,,,,
21.49587255993149,20.0,7.8110002034634105,7.7459666925711845,2.5819888974194942,True,shannon,25,0.05,,0.07479362799657459,0.00839579015419686,1,sphere,17.416489994502626,False,27,0,,1.2341380321473352
26.289810954586628,20.0,7.8110002034634105,7.7459666925711845,2.5819888974194942,True,shannon_ex,25,0.05,,0.3144905477293314,0.00839579015419686,1,sphere,17.565592999744695,True,33,1,,0.0
27.244961051693288,20.0,7.8110002034634105,7.7459666925711845,2.5819888974194942,True,dnn,25,0.05,,0.3622480525846644,0.00839579015419686,1,sphere,0.20879499788861722,,,,8.059161460454279,
23.43300061039023,20.0,7.8110002034634105,7.7459666925711845,2.5819888974194942,True,three_rg,25,0.05,,0.17165003051951153,0.00839579015419686,1,sphere,0.0018310020095668733,,,,,
26.20531542189228,20.0,7.924195773175576,7.7459666925711845,2.5819888974194942,True,shannon,25,0.05,,0.310265771094614,0.02300927536589116,2,sphere,25.787876002141275,False,33,0,,0.6260114660809339
25.47648445186665,20.0,7.924195773175576,7.7459666925711845,2.5819888974194942,True,shannon_ex,25,0.05,,0.2738242225933325,0.02300927536589116,2,sphere,18.099000000802334,True,32,1,,0.023237900077713647
27.24381705863662,20.0,7.924195773175576,7.7459666925711845,2.5819888974194942,True,dnn,25,0.05,,0.36219085293183095,0.02300927536589116,2,sphere,0.23029000294627622,,,,8.05899104086948,
23.77258731952673,20.0,7.924195773175576,7.7459666925711845,2.5819888974194942,True,three_rg,25,0.05,,0.18862936597633642,0.02300927536589116,2,sphere,0.0012829987099394202,,,,,
27.728863056298906,20.0,8.032694975752657,7.7459666925711845,2.5819888974194942,False,shannon,25,0.1,,0.3864431528149453,0.03701646218753569,0,sphere,19.047881993174087,True,35,3,,0.01606538995150686
21.161981004104483,20.0,8.032694975752657,7.7459666925711845,2.5819888974194942,False,shannon_ex,25,0.1,,0.05809905020522414,0.03701646218753569,0,sphere,19.53289200173458,False,26,0,,0.8520563361828337
27.240584739303316,20.0,8.032694975752657,7.7459666925711845,2.5819888974194942,False,dnn,25,0.1,,0.36202923696516576,0.03701646218753569,0,sphere,0.28123400261392817,,,,8.058449587307347,
24.098084927257972,20.0,8.032694975752657,7.7459666925711845,2.5819888974194942,False,three_rg,25,0.1,,0.20490424636289858,0.03701646218753569,0,sphere,0.0014660035958513618,,,,,
21.665006250659854,20.0,7.811431855294683,7.7459666925711845,2.5819888974194942,True,shannon,25,0.1,,0.08325031253299268,0.008451516165991662,1,sphere,20.059249000041746,True,27,2,,0.12888862561236536
26.005792175859014,20.0,7.811431855294683,7.7459666925711845,2.5819888974194942,True,shannon_ex,25,0.1,,0.3002896087929507,0.008451516165991662,1,sphere,20.50939799664775,True,33,3,,0.005163977795048069
27.245971633363673,20.0,7.811431855294683,7.7459666925711845,2.5819888974194942,True,dnn,25,0.1,,0.3622985816681837,0.008451516165991662,1,sphere,0.25689200265333056,,,,8.05931065560352,
23.43429556588405,20.0,7.811431855294683,7.7459666925711845,2.5819888974194942,True,three_rg,25,0.1,,0.17171477829420248,0.008451516165991662,1,sphere,0.0014219986042007804,,,,,
27.54329196446863,20.0,7.958648857047277,7.7459666925711845,2.5819888974194942,True,shannon,25,0.1,,0.37716459822343146,0.02745714936782086,2,sphere,18.01215600426076,True,35,5,,0.24512638479703774
26.88625038991461,20.0,7.958648857047277,7.7459666925711845,2.5819888974194942,True,shannon_ex,25,0.1,,0.34431251949573055,0.02745714936782086,2,sphere,17.41804000630509,True,34,1,,0.17815723392913796
27.24368352879569,20.0,7.958648857047277,7.7459666925711845,2.5819888974194942,True,dnn,25,0.1,,0.36218417643978446,0.02745714936782086,2,sphere,0.2081400016322732,,,,8.058969804274653,
23.87594657114183,20.0,7.958648857047277,7.7459666925711845,2.5819888974194942,True,three_rg,25,0.1,,0.19379732855709159,0.02745714936782086,2,sphere,0.0011730007827281952,,,,,
23.91274066307956,20.0,7.87380331349332,7.7459666925711845,2.5819888974194942,True,shannon,25,0.2,,0.195637033153978,0.016503636795228902,0,sphere,26.291836002201308,False,30,0,,0.5117972153771078
20.604271402239355,20.0,7.87380331349332,7.7459666925711845,2.5819888974194942,True,shannon_ex,25,0.2,,0.03021357011196777,0.016503636795228902,0,sphere,19.79181099886773,False,26,0,,0.23237900077713647
27.23721813711011,20.0,7.87380331349332,7.7459666925711845,2.5819888974194942,True,dnn,25,0.2,,0.3618609068555054,0.016503636795228902,0,sphere,2.5334929960081354,,,,8.057886962255608,
23.62140994047996,20.0,7.87380331349332,7.7459666925711845,2.5819888974194942,True,three_rg,25,0.2,,0.18107049702399802,0.016503636795228902,0,sphere,0.0020509978639893234,,,,,
25.832278586332137,20.0,7.919153459942301,7.7459666925711845,2.5819888974194942,True,shannon,25,0.2,,0.29161392931660685,0.02235831552660975,1,sphere,19.713453999429476,True,32,1,,0.1900596830386263
23.981512880200405,20.0,7.919153459942301,7.7459666925711845,2.5819888974194942,True,shannon_ex,25,0.2,,0.19907564401002026,0.02235831552660975,1,sphere,19.369649999134708,False,30,0,,1.471733671588531
27.247993156796973,20.0,7.919153459942301,7.7459666925711845,2.5819888974194942,True,dnn,25,0.2,,0.3623996578398486,0.02235831552660975,1,sphere,0.2551360012148507,,,,8.0596090840467,
23.757460379826902,20.0,7.919153459942301,7.7459666925711845,2.5819888974194942,True,three_rg,25,0.2,,0.18787301899134512,0.02235831552660975,1,sphere,0.0012599994079209864,,,,,
27.553636013663237,20.0,7.961177698255691,7.7459666925711845,2.5819888974194942,True,shannon,25,0.2,,0.3776818006831618,0.02778362136399394,2,sphere,17.37607499671867,True,35,4,,0.24679650864593583
20.62750930231707,20.0,7.961177698255691,7.7459666925711845,2.5819888974194942,True,shannon_ex,25,0.2,,0.03137546511585345,0.02778362136399394,2,sphere,17.169563005154487,False,26,0,,0.2556169008548501
27.24341647388038,20.0,7.961177698255691,7.7459666925711845,2.5819888974194942,True,dnn,25,0.2,,0.362170823694019,0.02778362136399394,2,sphere,0.23355899611487985,,,,8.058927332759175,
23.883533094767074,20.0,7.961177698255691,7.7459666925711845,2.5819888974194942,True,three_rg,25,0.2,,0.19417665473835372,0.02778362136399394,2,sphere,0.0018569990061223507,,,,,
35.35996939176401,30.0,11.730610215115782,11.61895003888696,2.581988897412787,True,shannon,38,0.0,,0.1786656463921337,0.00961017784353248,0,sphere,22.51960799912922,True,45,3,,0.04301223745542515
33.49743296211113,30.0,11.730610215115782,11.61895003888696,2.581988897412787,True,shannon_ex,38,0.0,,0.11658109873703755,0.00961017784353248,0,sphere,19.643635001557413,False,42,0,,3.311400761082801
44.44085969812129,30.0,11.730610215115782,11.61895003888696,2.581988897412787,True,dnn,38,0.0,,0.4813619899373762,0.00961017784353248,0,sphere,0.22666400036541745,,,,12.949192129902027,
35.191830645347345,30.0,11.730610215115782,11.61895003888696,2.581988897412787,True,three_rg,38,0.0,,0.17306102151157815,0.00961017784353248,0,sphere,0.0016880003386177123,,,,,
36.63644840994738,30.0,11.729293552088132,11.61895003888696,2.581988897412787,True,shannon,38,0.02,,0.2212149469982459,0.009496857532898292,0,sphere,18.331101004150696,True,46,2,,0.07624040808857657
38.86538788007693,30.0,11.729293552088132,11.61895003888696,2.581988897412787,True,shannon_ex,38,0.02,,0.2955129293358977,0.009496857532898292,0,sphere,19.073189003393054,True,49,1,,0.034856850116661064
44.44131382377843,30.0,11.729293552088132,11.61895003888696,2.581988897412787,True,dnn,38,0.02,,0.48137712745928096,0.009496857532898292,0,sphere,0.22568499844055623,,,,12.949259936406042,
35.1878806562644,30.0,11.729293552088132,11.61895003888696,2.581988897412787,True,three_rg,38,0.02,,0.17292935520881325,0.009496857532898292,0,sphere,0.0013410026440396905,,,,,
31.665276710254865,30.0,11.758364912831393,11.61895003888696,2.581988897412787,True,shannon,38,0.02,,0.05550922367516217,0.011998921888624364,1,sphere,17.654157003562432,False,40,0,,1.704962912360493
38.86538788007693,30.0,11.758364912831393,11.61895003888696,2.581988897412787,True,shannon_ex,38,0.02,,0.2955129293358977,0.011998921888624364,1,sphere,18.375134000962134,True,49,1,,0.034856850116661064
44.44116353140691,30.0,11.758364912831393,11.61895003888696,2.581988897412787,True,dnn,38,0.02,,0.4813721177135636,0.011998921888624364,1,sphere,0.26156799867749214,,,,12.94925168610325,
35.275094738494175,30.0,11.758364912831393,11.61895003888696,2.581988897412787,True,three_rg,38,0.02,,0.1758364912831392,0.011998921888624364,1,sphere,0.0017290003597736359,,,,,
32.52757111618806,30.0,11.732216813773821,11.61895003888696,2.581988897412787,True,shannon,38,0.02,,0.08425237053960188,0.00974845184012101,2,sphere,19.732813998416532,True,41,2,,0.12318827654463504
38.86538788007693,30.0,11.732216813773821,11.61895003888696,2.581988897412787,True,shannon_ex,38,0.02,,0.2955129293358977,0.00974845184012101,2,sphere,18.96042099542683,True,49,1,,0.034856850116661064
44.440842536161696,30.0,11.732216813773821,11.61895003888696,2.581988897412787,True,dnn,38,0.02,,0.48136141787205655,0.00974845184012101,2,sphere,0.2996800030814484,,,,12.949190238669592,
35.19665044132147,30.0,11.732216813773821,11.61895003888696,2.581988897412787,True,three_rg,38,0.02,,0.17322168137738223,0.00974845184012101,2,sphere,0.0022120002540759742,,,,,
40.89288761918455,30.0,11.727240498762294,11.61895003888696,2.581988897412787,True,shannon,38,0.05,,0.3630962539728183,0.009320158836461284,0,sphere,19.926182998460717,True,52,1,,0.15245412648391365
38.86538788007693,30.0,11.727240498762294,11.61895003888696,2.581988897412787,True,shannon_ex,38,0.05,,0.2955129293358977,0.009320158836461284,0,sphere,19.33798899699468,True,49,1,,0.034856850116661064
44.4419950973392,30.0,11.727240498762294,11.61895003888696,2.581988897412787,True,dnn,38,0.05,,0.4813998365779734,0.009320158836461284,0,sphere,0.23976699594641104,,,,12.94936165887499,
35.18172149628688,30.0,11.727240498762294,11.61895003888696,2.581988897412787,True,three_rg,38,0.05,,0.17272404987622944,0.009320158836461284,0,sphere,0.0013419994502328336,,,,,
34.52255206956805,30.0,11.82076770058837,11.61895003888696,2.581988897412787,True,shannon,38,0.05,,0.15075173565226835,0.017369698727161705,1,sphere,18.012790998909622,True,43,2,,0.3250711117661602
38.86538788007693,30.0,11.82076770058837,11.61895003888696,2.581988897412787,True,shannon_ex,38,0.05,,0.2955129293358977,0.017369698727161705,1,sphere,21.923970998614095,True,49,1,,0.034856850116661064
44.44161930813205,30.0,11.82076770058837,11.61895003888696,2.581988897412787,True,dnn,38,0.05,,0.48138731027106824,0.017369698727161705,1,sphere,0.3458379942458123,,,,12.949341024474073,
35.46230310176511,30.0,11.82076770058837,11.61895003888696,2.581988897412787,True,three_rg,38,0.05,,0.18207677005883696,0.017369698727161705,1,sphere,0.0017909987946040928,,,,,
32.375619589115075,30.0,11.734548600621642,11.61895003888696,2.581988897412787,True,shannon,38,0.05,,0.07918731963716917,0.009949140098527869,2,sphere,19.234109997341875,True,41,1,,0.2933637150155377
38.86538788007693,30.0,11.734548600621642,11.61895003888696,2.581988897412787,True,shannon_ex,38,0.05,,0.2955129293358977,0.009949140098527869,2,sphere,19.312297001306433,True,49,1,,0.05809475019443511
44.44081679335731,30.0,11.734548600621642,11.61895003888696,2.581988897412787,True,dnn,38,0.05,,0.4813605597785769,0.009949140098527869,2,sphere,0.3200840001227334,,,,12.949187401838719,
35.20364580186492,30.0,11.734548600621642,11.61895003888696,2.581988897412787,True,three_rg,38,0.05,,0.1734548600621641,0.009949140098527869,2,sphere,0.001696003891993314,,,,,
40.8535976413969,30.0,11.723817957164057,11.61895003888696,2.581988897412787,True,shannon,38,0.1,,0.36178658804656344,0.009025593356208577,0,sphere,19.02534500550246,True,52,3,,0.17976520867650336
34.88008801673868,30.0,11.723817957164057,11.61895003888696,2.581988897412787,True,shannon_ex,38,0.1,,0.16266960055795607,0.009025593356208577,0,sphere,18.85374000266893,False,44,0,,2.277314207621856
44.443130780160494,30.0,11.723817957164057,11.61895003888696,2.581988897412787,True,dnn,38,0.1,,0.48143769267201647,0.009025593356208577,0,sphere,0.24099500296870247,,,,12.949531230230251,
35.17145387149217,30.0,11.723817957164057,11.61895003888696,2.581988897412787,True,three_rg,38,0.1,,0.17238179571640563,0.009025593356208577,0,sphere,0.0016760022845119238,,,,,
39.0599137161869,30.0,11.968718773153434,11.61895003888696,2.581988897412787,True,shannon,38,0.1,,0.3019971238728966,0.030103299617938676,1,sphere,18.271433997142594,True,49,4,,0.0
38.86538788007693,30.0,11.968718773153434,11.61895003888696,2.581988897412787,True,shannon_ex,38,0.1,,0.2955129293358977,0.030103299617938676,1,sphere,19.044394000957254,True,49,1,,0.034856850116661064
44.442379007457006,30.0,11.968718773153434,11.61895003888696,2.581988897412787,True,dnn,38,0.1,,0.48141263358190023,0.030103299617938676,1,sphere,0.19970699941040948,,,,12.949489932608937,
35.9061563194603,30.0,11.968718773153434,11.61895003888696,2.581988897412787,True,three_rg,38,0.1,,0.19687187731534336,0.030103299617938676,1,sphere,0.00126299710245803,,,,,
35.57919341590734,30.0,11.738433987432376,11.61895003888696,2.581988897412787,True,shannon,38,0.1,,0.185973113863578,0.010283540952110256,2,sphere,18.82453000143869,False,45,0,,3.4863148942673092
35.77474716973298,30.0,11.738433987432376,11.61895003888696,2.581988897412787,True,shannon_ex,38,0.1,,0.19249157232443276,0.010283540952110256,2,sphere,19.221317998017184,False,45,0,,3.171973360616157
44.440773889043264,30.0,11.738433987432376,11.61895003888696,2.581988897412787,True,dnn,38,0.1,,0.48135912963477545,0.010283540952110256,2,sphere,0.26947399601340294,,,,12.949182673834713,
35.21530196229713,30.0,11.738433987432376,11.61895003888696,2.581988897412787,True,three_rg,38,0.1,,0.17384339874323776,0.010283540952110256,2,sphere,0.0016190024325624108,,,,,
37.26642028723294,30.0,11.90905817279962,11.61895003888696,2.581988897412787,True,shannon,38,0.2,,0.24221400957443132,0.024968532693721054,0,sphere,19.421341006818693,True,47,4,,0.06847708449359402
34.02028571386104,30.0,11.90905817279962,11.61895003888696,2.581988897412787,True,shannon_ex,38,0.2,,0.1340095237953681,0.024968532693721054,0,sphere,19.05597699806094,False,43,0,,4.879959016332549
44.44540299676171,30.0,11.90905817279962,11.61895003888696,2.581988897412787,True,dnn,38,0.2,,0.48151343322539025,0.024968532693721054,0,sphere,0.23032500030240044,,,,12.949870500131937,
35.72717451839886,30.0,11.90905817279962,11.61895003888696,2.581988897412787,True,three_rg,38,0.2,,0.19090581727996206,0.024968532693721054,0,sphere,0.0012830059858970344,,,,,
37.25572087677766,30.0,11.908493168220316,11.61895003888696,2.581988897412787,True,shannon,38,0.2,,0.2418573625592553,0.02491990484202938,1,sphere,19.976199000666384,True,47,4,,0.07740520559343622
31.289832454722593,30.0,11.908493168220316,11.61895003888696,2.581988897412787,True,shannon_ex,38,0.2,,0.04299441515741975,0.02491990484202938,1,sphere,18.199371996161062,False,39,0,,1.103800253694267
44.44389867398867,30.0,11.908493168220316,11.61895003888696,2.581988897412787,True,dnn,38,0.2,,0.48146328913295566,0.02491990484202938,1,sphere,0.2317320031579584,,,,12.949787789563155,
35.725479504660946,30.0,11.908493168220316,11.61895003888696,2.581988897412787,True,three_rg,38,0.2,,0.19084931682203152,0.02491990484202938,1,sphere,0.0017639977158978581,,,,,
33.500166101672,30.0,11.746201297921518,11.61895003888696,2.581988897412787,True,shannon,38,0.2,,0.11667220338906668,0.010952044600300952,2,sphere,21.958076002192684,False,42,0,,0.6342948700877358
35.612081869188565,30.0,11.746201297921518,11.61895003888696,2.581988897412787,True,shannon_ex,38,0.2,,0.18706939563961883,0.010952044600300952,2,sphere,21.3829570056987,False,45,0,,3.171973360616157
44.440688081765074,30.0,11.746201297921518,11.61895003888696,2.581988897412787,True,dnn,38,0.2,,0.48135626939216913,0.010952044600300952,2,sphere,0.211468999623321,,,,12.949173218004622,
35.238603893764555,30.0,11.746201297921518,11.61895003888696,2.581988897412787,True,three_rg,38,0.2,,0.17462012979215183,0.010952044600300952,2,sphere,0.001038999471347779,,,,,
3.443474252725294,4.0,1.095426834014748,1.095445115010317,3.6514837167011582,False,shannon,5,0.0,epsilon=2,-0.13913143681867646,-1.6688189411421684e-05,0,spheroid,17.508914999780245,True,4,6,,0.010041412645134251
3.4358636032298175,4.0,1.095426834014748,1.095445115010317,3.6514837167011582,False,shannon_ex,5,0.0,epsilon=2,-0.14103409919254561,-1.6688189411421684e-05,0,spheroid,16.693218000000343,True,4,6,,0.000182574185835227
4.403218241397131,4.0,1.095426834014748,1.095445115010317,3.6514837167011582,False,dnn,5,0.0,epsilon=2,0.10080456034928265,-1.6688189411421684e-05,0,spheroid,0.256428997090552,,,,1.109369504064712,
3.286280502044244,4.0,1.095426834014748,1.095445115010317,3.6514837167011582,False,three_rg,5,0.0,epsilon=2,-0.178429874488939,-1.6688189411421684e-05,0,spheroid,0.0013450044207274914,,,,,
3.3791047400412237,4.0,1.089260763342526,1.095445115010317,3.6514837167011582,False,shannon,5,0.02,epsilon=2,-0.15522381498969406,-0.0056455148533231915,0,spheroid,19.49532199796522,True,4,5,,0.01808172867148694
3.4387847902031785,4.0,1.089260763342526,1.095445115010317,3.6514837167011582,False,shannon_ex,5,0.02,epsilon=2,-0.14030380244920537,-0.0056455148533231915,0,spheroid,19.486736004182603,True,4,6,,0.0016431676725150446
4.411856164219104,4.0,1.089260763342526,1.095445115010317,3.6514837167011582,False,dnn,5,0.02,epsilon=2,0.10296404105477608,-0.0056455148533231915,0,spheroid,0.26328399690100923,,,,1.1099355982841872,
3.267782290027578,4.0,1.089260763342526,1.095445115010317,3.6514837167011582,False,three_rg,5,0.02,epsilon=2,-0.18305442749310552,-0.0056455148533231915,0,spheroid,0.0014370016288012266,,,,,
3.344185908884787,4.0,1.0863288951781305,1.095445115010317,3.6514837167011582,False,shannon,5,0.02,epsilon=2,-0.16395352277880326,-0.008321932068774364,1,spheroid,19.091352995019406,True,4,7,,0.015984553743335184
3.481689723874413,4.0,1.0863288951781305,1.095445115010317,3.6514837167011582,False,shannon_ex,5,0.02,epsilon=2,-0.12957756903139672,-0.008321932068774364,1,spheroid,18.82353900145972,True,4,6,,0.01241504463678278
4.403524986464,4.0,1.0863288951781305,1.095445115010317,3.6514837167011582,False,dnn,5,0.02,epsilon=2,0.10088124661600006,-0.008321932068774364,1,spheroid,0.23855100153014064,,,,1.1098223312812234,
3.258986685534391,4.0,1.0863288951781305,1.095445115010317,3.6514837167011582,False,three_rg,5,0.02,epsilon=2,-0.1852533286164022,-0.008321932068774364,1,spheroid,0.001505002728663385,,,,,
3.3634900736293574,4.0,1.089742450552181,1.095445115010317,3.6514837167011582,False,shannon,5,0.02,epsilon=2,-0.15912748159266066,-0.005205796602673457,2,spheroid,21.201900999585632,True,4,4,,0.015801265533007758
3.428743209982252,4.0,1.089742450552181,1.095445115010317,3.6514837167011582,False,shannon_ex,5,0.02,epsilon=2,-0.14281419750443702,-0.005205796602673457,2,spheroid,18.81110500107752,True,4,6,,0.006572670690061511
4.404881582737868,4.0,1.089742450552181,1.095445115010317,3.6514837167011582,False,dnn,5,0.02,epsilon=2,0.10122039568446706,-0.005205796602673457,2,spheroid,0.20284899801481515,,,,1.1099007805809697,
3.2692273516565433,4.0,1.089742450552181,1.095445115010317,3.6514837167011582,False,three_rg,5,0.02,epsilon=2,-0.18269316208586417,-0.005205796602673457,2,spheroid,0.001200998667627573,,,,,
3.3807277114590737,4.0,1.0898541945386924,1.095445115010317,3.6514837167011582,False,shannon,5,0.05,epsilon=2,-0.15481807213523158,-0.005103788765877172,0,spheroid,16.88759000535356,True,4,2,,0.0032695625836161035
3.55362395309342,4.0,1.0898541945386924,1.095445115010317,3.6514837167011582,False,shannon_ex,5,0.05,epsilon=2,-0.11159401172664496,-0.005103788765877172,0,spheroid,16.47776400204748,True,4,1,,0.0
4.4229171829162635,4.0,1.0898541945386924,1.095445115010317,3.6514837167011582,False,dnn,5,0.05,epsilon=2,0.10572929572906586,-0.005103788765877172,0,spheroid,0.20787500398000702,,,,1.1111699614721617,
3.269562583616077,4.0,1.0898541945386924,1.095445115010317,3.6514837167011582,False,three_rg,5,0.05,epsilon=2,-0.18260935409598078,-0.005103788765877172,0,spheroid,0.0011210067896172404,,,,,
3.3720098327593697,4.0,1.0909122720023758,1.095445115010317,3.6514837167011582,False,shannon,5,0.05,epsilon=2,-0.15699754181015757,-0.004137900608465008,1,spheroid,19.107561995042488,True,4,1,,0.0272728068000605
3.501590310130433,4.0,1.0909122720023758,1.095445115010317,3.6514837167011582,False,shannon_ex,5,0.05,epsilon=2,-0.12460242246739173,-0.004137900608465008,1,spheroid,17.54705899656983,True,4,2,,0.008215838362577
4.403687571023948,4.0,1.0909122720023758,1.095445115010317,3.6514837167011582,False,dnn,5,0.05,epsilon=2,0.10092189275598695,-0.004137900608465008,1,spheroid,0.20832500013057142,,,,1.1105597085566434,
3.2727368160071277,4.0,1.0909122720023758,1.095445115010317,3.6514837167011582,False,three_rg,5,0.05,epsilon=2,-0.18181579599821807,-0.004137900608465008,1,spheroid,0.001157997758127749,,,,,
3.416845673660821,4.0,1.091295328540659,1.095445115010317,3.6514837167011582,False,shannon,5,0.05,epsilon=2,-0.1457885815847948,-0.003788219430435764,2,spheroid,24.056663001829293,True,4,1,,0.014186839271028928
3.434220435557303,4.0,1.091295328540659,1.095445115010317,3.6514837167011582,False,shannon_ex,5,0.05,epsilon=2,-0.14144489111067426,-0.003788219430435764,2,spheroid,21.81281099910848,True,4,1,,0.0032863353450307553
4.406241502865377,4.0,1.091295328540659,1.095445115010317,3.6514837167011582,False,dnn,5,0.05,epsilon=2,0.10156037571634435,-0.003788219430435764,2,spheroid,0.29061200621072203,,,,1.1109477521634448,
3.273885985621977,4.0,1.091295328540659,1.095445115010317,3.6514837167011582,False,three_rg,5,0.05,epsilon=2,-0.18152850359450579,-0.003788219430435764,2,spheroid,0.001748005161061883,,,,,
3.612996171504253,4.0,1.0908804865653083,1.095445115010317,3.6514837167011582,False,shannon,5,0.1,epsilon=2,-0.09675095712393678,-0.00416691660993506,0,spheroid,18.10498599661514,False,4,0,,0.06327106822078443
3.560561772155152,4.0,1.0908804865653083,1.095445115010317,3.6514837167011582,False,shannon_ex,5,0.1,epsilon=2,-0.10985955696121197,-0.00416691660993506,0,spheroid,16.61051200062502,True,4,3,,0.013510489751793253
4.441074931011774,4.0,1.0908804865653083,1.095445115010317,3.6514837167011582,False,dnn,5,0.1,epsilon=2,0.11026873275294347,-0.00416691660993506,0,spheroid,0.2035509969573468,,,,1.1131830442072852,
3.272641459695925,4.0,1.0908804865653083,1.095445115010317,3.6514837167011582,False,three_rg,5,0.1,epsilon=2,-0.18183963507601875,-0.00416691660993506,0,spheroid,0.0010939984349533916,,,,,
3.4339341857643,4.0,1.0929134900586772,1.095445115010317,3.6514837167011582,False,shannon,5,0.1,epsilon=2,-0.14151645355892495,-0.002311046821926801,1,spheroid,16.878716000064742,False,4,0,,0.04153071262222596
3.5207605996431126,4.0,1.0929134900586772,1.095445115010317,3.6514837167011582,False,shannon_ex,5,0.1,epsilon=2,-0.11980985008922185,-0.002311046821926801,1,spheroid,17.70117200067034,True,4,1,,0.026290682760246042
4.4038699048089605,4.0,1.0929134900586772,1.095445115010317,3.6514837167011582,False,dnn,5,0.1,epsilon=2,0.10096747620224011,-0.002311046821926801,1,spheroid,0.2010099997278303,,,,1.1117869641091311,
3.2787404701760314,4.0,1.0929134900586772,1.095445115010317,3.6514837167011582,False,three_rg,5,0.1,epsilon=2,-0.18031488245599214,-0.002311046821926801,1,spheroid,0.0011410011211410165,,,,,
3.480607498041579,4.0,1.0938427083725728,1.095445115010317,3.6514837167011582,False,shannon,5,0.1,epsilon=2,-0.12984812548960523,-0.0014627904363142422,2,spheroid,16.230401997745503,False,4,0,,0.07656898958608549
3.499947142457918,4.0,1.0938427083725728,1.095445115010317,3.6514837167011582,False,shannon_ex,5,0.1,epsilon=2,-0.1250132143855205,-0.0014627904363142422,2,spheroid,16.245635000814218,False,4,0,,0.05586770086552284
4.408608401613632,4.0,1.0938427083725728,1.095445115010317,3.6514837167011582,False,dnn,5,0.1,epsilon=2,0.10215210040340805,-0.0014627904363142422,2,spheroid,0.24725399998715147,,,,1.1126611595356297,
3.2815281251177186,4.0,1.0938427083725728,1.095445115010317,3.6514837167011582,False,three_rg,5,0.1,epsilon=2,-0.17961796872057034,-0.0014627904363142422,2,spheroid,0.0014870020095258951,,,,,
3.3858410585815917,4.0,1.0929118975408523,1.095445115010317,3.6514837167011582,False,shannon,5,0.2,epsilon=2,-0.15353973535460208,-0.0023125005851533866,0,spheroid,18.033856998954434,True,4,1,,0.004371647590163619
3.386020850496852,4.0,1.0929118975408523,1.095445115010317,3.6514837167011582,False,shannon_ex,5,0.2,epsilon=2,-0.15349478737578703,-0.0023125005851533866,0,spheroid,16.09441799519118,True,4,1,,0.005477225575051259
4.476505804101892,4.0,1.0929118975408523,1.095445115010317,3.6514837167011582,False,dnn,5,0.2,epsilon=2,0.11912645102547303,-0.0023125005851533866,0,spheroid,0.24697600019862875,,,,1.1170083415966143,
3.278735692622557,4.0,1.0929118975408523,1.095445115010317,3.6514837167011582,False,three_rg,5,0.2,epsilon=2,-0.1803160768443608,-0.0023125005851533866,0,spheroid,0.002006992872338742,,,,,
3.4842454800415457,4.0,1.0817278733441649,1.095445115010317,3.6514837167011582,False,shannon,5,0.2,epsilon=2,-0.12893862998961358,-0.012522071145502337,1,spheroid,17.433618995710276,True,4,1,,0.029206652580292092
3.5689601847035637,4.0,1.0817278733441649,1.095445115010317,3.6514837167011582,False,shannon_ex,5,0.2,epsilon=2,-0.10775995382410908,-0.012522071145502337,1,spheroid,18.779705998895224,True,4,2,,0.009859006035092488
4.39871952715732,4.0,1.0817278733441649,1.095445115010317,3.6514837167011582,False,dnn,5,0.2,epsilon=2,0.09967988178933007,-0.012522071145502337,1,spheroid,0.29949500458315015,,,,1.1154367141665262,
3.2451836200324946,4.0,1.0817278733441649,1.095445115010317,3.6514837167011582,False,three_rg,5,0.2,epsilon=2,-0.18870409499187635,-0.012522071145502337,1,spheroid,0.0018189966795034707,,,,,
3.3175670552533116,4.0,1.098896010352212,1.095445115010317,3.6514837167011582,False,shannon,5,0.2,epsilon=2,-0.1706082361866721,0.003150222037242387,2,spheroid,16.735373996198177,False,4,0,,0.10879070502486576
3.600728093038861,4.0,1.098896010352212,1.095445115010317,3.6514837167011582,False,shannon_ex,5,0.2,epsilon=2,-0.0998179767402847,0.003150222037242387,2,spheroid,17.027548004989512,False,4,0,,0.19827556581685557
4.413706594693704,4.0,1.098896010352212,1.095445115010317,3.6514837167011582,False,dnn,5,0.2,epsilon=2,0.1034266486734261,0.003150222037242387,2,spheroid,0.25558500055922195,,,,1.1159739726611737,
3.296688031056636,4.0,1.098896010352212,1.095445115010317,3.6514837167011582,False,three_rg,5,0.2,epsilon=2,-0.175827992235841,0.003150222037242387,2,spheroid,0.0011550000635907054,,,,,
5.7311534522006395,6.0,1.6431059209291237,1.6431676725152016,3.651483716701767,False,shannon,7,0.0,epsilon=2,-0.04480775796656008,-3.7580818507330947e-05,0,spheroid,17.92936000128975,True,7,1,,0.0
5.727425239318832,6.0,1.6431059209291237,1.6431676725152016,3.651483716701767,False,shannon_ex,7,0.0,epsilon=2,-0.04542912678019473,-3.7580818507330947e-05,0,spheroid,17.29553000041051,True,7,5,,0.01445987551813177
6.151650102379511,6.0,1.6431059209291237,1.6431676725152016,3.651483716701767,False,dnn,7,0.0,epsilon=2,0.02527501706325186,-3.7580818507330947e-05,0,spheroid,0.2530149940866977,,,,1.6255300512286035,
4.929317762787371,6.0,1.6431059209291237,1.6431676725152016,3.651483716701767,False,three_rg,7,0.0,epsilon=2,-0.17844703953543814,-3.7580818507330947e-05,0,spheroid,0.0013460012269206345,,,,,
5.076062271646123,6.0,1.629816109053196,1.6431676725152016,3.651483716701767,False,shannon,7,0.02,epsilon=2,-0.15398962139231287,-0.008125502762337294,0,spheroid,16.671669996867422,True,6,2,,0.008963988599792305
5.573624745171424,6.0,1.629816109053196,1.6431676725152016,3.651483716701767,False,shannon_ex,7,0.02,epsilon=2,-0.07106254247142936,-0.008125502762337294,0,spheroid,16.65944499836769,True,7,2,,0.031220185777785403
6.163848307505275,6.0,1.629816109053196,1.6431676725152016,3.651483716701767,False,dnn,7,0.02,epsilon=2,0.027308051250879206,-0.008125502762337294,0,spheroid,0.20901400421280414,,,,1.626191813253147,
4.889448327159588,6.0,1.629816109053196,1.6431676725152016,3.651483716701767,False,three_rg,7,0.02,epsilon=2,-0.185091945473402,-0.008125502762337294,0,spheroid,0.001820000761654228,,,,,
5.06969962216456,6.0,1.6296045072852618,1.6431676725152016,3.651483716701767,False,shannon,7,0.02,epsilon=2,-0.15505006297257337,-0.008254279497343411,1,spheroid,16.757063000113703,True,6,2,,0.022814463101996196
5.613060769311785,6.0,1.6296045072852618,1.6431676725152016,3.651483716701767,False,shannon_ex,7,0.02,epsilon=2,-0.06448987178136918,-0.008254279497343411,1,spheroid,16.679788001056295,True,7,1,,0.03286335345030089
6.144437045383545,6.0,1.6296045072852618,1.6431676725152016,3.651483716701767,False,dnn,7,0.02,epsilon=2,0.024072840897257475,-0.008254279497343411,1,spheroid,0.33642700145719573,,,,1.6256671053887426,
4.888813521855786,6.0,1.6296045072852618,1.6431676725152016,3.651483716701767,False,three_rg,7,0.02,epsilon=2,-0.185197746357369,-0.008254279497343411,1,spheroid,0.0022410022211261094,,,,,
5.720461021314243,6.0,1.6339505916349708,1.6431676725152016,3.651483716701767,False,shannon,7,0.02,epsilon=2,-0.04658982978095949,-0.005609336791614305,2,spheroid,16.77532200119458,True,7,2,,0.0
5.560068611873175,6.0,1.6339505916349708,1.6431676725152016,3.651483716701767,False,shannon_ex,7,0.02,epsilon=2,-0.07332189802113757,-0.005609336791614305,2,spheroid,16.905450000194833,True,7,4,,0.00041079191812887217
6.152121424999976,6.0,1.6339505916349708,1.6431676725152016,3.651483716701767,False,dnn,7,0.02,epsilon=2,0.025353570833329304,-0.005609336791614305,2,spheroid,0.24618300085421652,,,,1.6259253055826395,
4.901851774904912,6.0,1.6339505916349708,1.6431676725152016,3.651483716701767,False,three_rg,7,0.02,epsilon=2,-0.1830247041825146,-0.005609336791614305,2,spheroid,0.0022360036382451653,,,,,
5.213474316545919,6.0,1.6338058027407627,1.6431676725152016,3.651483716701767,False,shannon,7,0.05,epsilon=2,-0.1310876139090135,-0.005697452506540995,0,spheroid,18.774190000840463,True,6,3,,0.005990621276716901
5.661260354372225,6.0,1.6338058027407627,1.6431676725152016,3.651483716701767,False,shannon_ex,7,0.05,epsilon=2,-0.05645660760462912,-0.005697452506540995,0,spheroid,17.407389997970313,True,7,3,,0.004381780460040119
6.181613297168044,6.0,1.6338058027407627,1.6431676725152016,3.651483716701767,False,dnn,7,0.05,epsilon=2,0.030268882861340735,-0.005697452506540995,0,spheroid,0.24576499708928168,,,,1.6272058479241793,
4.901417408222288,6.0,1.6338058027407627,1.6431676725152016,3.651483716701767,False,three_rg,7,0.05,epsilon=2,-0.18309709862961862,-0.005697452506540995,0,spheroid,0.0016929989214986563,,,,,
5.247936296772327,6.0,1.627267068766587,1.6431676725152016,3.651483716701767,False,shannon,7,0.05,epsilon=2,-0.12534395053794553,-0.009676799278965463,1,spheroid,18.144758003472816,False,6,0,,0.2619899980714391
5.600737011767922,6.0,1.627267068766587,1.6431676725152016,3.651483716701767,False,shannon_ex,7,0.05,epsilon=2,-0.06654383137201296,-0.009676799278965463,1,spheroid,16.667429998051375,True,7,2,,0.04190077564913386
6.133485299381219,6.0,1.627267068766587,1.6431676725152016,3.651483716701767,False,dnn,7,0.05,epsilon=2,0.022247549896869796,-0.009676799278965463,1,spheroid,0.2232429978903383,,,,1.6259175787678621,
4.8818012062997616,6.0,1.627267068766587,1.6431676725152016,3.651483716701767,False,three_rg,7,0.05,epsilon=2,-0.18636646561670642,-0.009676799278965463,1,spheroid,0.0013190001482143998,,,,,
5.713427421813845,6.0,1.6347431822071439,1.6431676725152016,3.651483716701767,False,shannon,7,0.05,epsilon=2,-0.047762096364359095,-0.005126981530230755,2,spheroid,16.937969005084597,True,7,1,,0.0016347431822070213
5.571433854941404,6.0,1.6347431822071439,1.6431676725152016,3.651483716701767,False,shannon_ex,7,0.05,epsilon=2,-0.07142769084309937,-0.005126981530230755,2,spheroid,16.688914998667315,True,7,3,,0.0021908902300209476
6.15233702553226,6.0,1.6347431822071439,1.6431676725152016,3.651483716701767,False,dnn,7,0.05,epsilon=2,0.02538950425537667,-0.005126981530230755,2,spheroid,0.2000739987124689,,,,1.6266867086980215,
4.904229546621432,6.0,1.6347431822071439,1.6431676725152016,3.651483716701767,False,three_rg,7,0.05,epsilon=2,-0.18262840889642806,-0.005126981530230755,2,spheroid,0.0014329998521134257,,,,,
5.219063588056784,6.0,1.6351730517919119,1.6431676725152016,3.651483716701767,False,shannon,7,0.1,epsilon=2,-0.13015606865720267,-0.004865371232049815,0,spheroid,16.81683700007852,True,6,4,,0.02084845641034594
5.249099129849703,6.0,1.6351730517919119,1.6431676725152016,3.651483716701767,False,shannon_ex,7,0.1,epsilon=2,-0.12515014502504954,-0.004865371232049815,0,spheroid,16.47450999735156,True,6,2,,0.02218276357895288
6.209425758206294,6.0,1.6351730517919119,1.6431676725152016,3.651483716701767,False,dnn,7,0.1,epsilon=2,0.034904293034382285,-0.004865371232049815,0,spheroid,0.19972600421169773,,,,1.628975351063052,
4.905519155375735,6.0,1.6351730517919119,1.6431676725152016,3.651483716701767,False,three_rg,7,0.1,epsilon=2,-0.1824134741040441,-0.004865371232049815,0,spheroid,0.0012609962141141295,,,,,
4.879627051213171,6.0,1.6232957588866115,1.6431676725152016,3.651483716701767,False,shannon,7,0.1,epsilon=2,-0.18672882479780487,-0.012093661505750105,1,spheroid,19.04358500178205,True,6,1,,0.038959098213279475
5.336022699725748,6.0,1.6232957588866115,1.6431676725152016,3.651483716701767,False,shannon_ex,7,0.1,epsilon=2,-0.11066288337904195,-0.012093661505750105,1,spheroid,18.14578600169625,True,6,5,,0.010844906638599383
6.115200337572852,6.0,1.6232957588866115,1.6431676725152016,3.651483716701767,False,dnn,7,0.1,epsilon=2,0.019200056262142013,-0.012093661505750105,1,spheroid,0.23455199698219076,,,,1.6263380656498392,
4.869887276659835,6.0,1.6232957588866115,1.6431676725152016,3.651483716701767,False,three_rg,7,0.1,epsilon=2,-0.18835212055669417,-0.012093661505750105,1,spheroid,0.0013060052879154682,,,,,
5.174951792234196,6.0,1.636089722489487,1.6431676725152016,3.651483716701767,False,shannon,7,0.1,epsilon=2,-0.13750803462763406,-0.004307503211087583,2,spheroid,19.029144998057745,False,6,0,,0.21759993309109138
5.497217448399475,6.0,1.636089722489487,1.6431676725152016,3.651483716701767,False,shannon_ex,7,0.1,epsilon=2,-0.08379709193342084,-0.004307503211087583,2,spheroid,17.940327001269907,True,6,4,,0.0016431676725150446
6.152593576324713,6.0,1.636089722489487,1.6431676725152016,3.651483716701767,False,dnn,7,0.1,epsilon=2,0.02543226272078547,-0.004307503211087583,2,spheroid,0.22228599846130237,,,,1.6279490512775983,
4.908269167468461,6.0,1.636089722489487,1.6431676725152016,3.651483716701767,False,three_rg,7,0.1,epsilon=2,-0.18195513875525648,-0.004307503211087583,2,spheroid,0.0021930027287453413,,,,,
5.254773202300571,6.0,1.6380215717894437,1.6431676725152016,3.651483716701767,False,shannon,7,0.2,epsilon=2,-0.12420446628323815,-0.00313181716743531,0,spheroid,22.1639109950047,True,6,1,,0.03603647457936887
5.261422887393565,6.0,1.6380215717894437,1.6431676725152016,3.651483716701767,False,shannon_ex,7,0.2,epsilon=2,-0.12309618543440577,-0.00313181716743531,0,spheroid,18.79347900103312,True,6,2,,0.0
6.260272200252452,6.0,1.6380215717894437,1.6431676725152016,3.651483716701767,False,dnn,7,0.2,epsilon=2,0.04337870004207526,-0.00313181716743531,0,spheroid,0.307898000755813,,,,1.6323684072410973,
4.9140647153683314,6.0,1.6380215717894437,1.6431676725152016,3.651483716701767,False,three_rg,7,0.2,epsilon=2,-0.1809892141052781,-0.00313181716743531,0,spheroid,0.001776999852154404,,,,,
5.107576292337343,6.0,1.6152992701889497,1.6431676725152016,3.651483716701767,False,shannon,7,0.2,epsilon=2,-0.1487372846104429,-0.016960169550800392,1,spheroid,17.490883001300972,False,6,0,,0.20029710950340807
5.100392455487091,6.0,1.6152992701889497,1.6431676725152016,3.651483716701767,False,shannon_ex,7,0.2,epsilon=2,-0.14993459075215151,-0.016960169550800392,1,spheroid,17.52978599688504,True,6,3,,0.008763560920079794
6.078543652430699,6.0,1.6152992701889497,1.6431676725152016,3.651483716701767,False,dnn,7,0.2,epsilon=2,0.013090608738449768,-0.016960169550800392,1,spheroid,0.20714099809993058,,,,1.6271905605363317,
4.845897810566849,6.0,1.6152992701889497,1.6431676725152016,3.651483716701767,False,three_rg,7,0.2,epsilon=2,-0.19235036490552515,-0.016960169550800392,1,spheroid,0.0017339989426545799,,,,,
5.676573026400419,6.0,1.6335461946475536,1.6431676725152016,3.651483716701767,False,shannon,7,0.2,epsilon=2,-0.05390449559993016,-0.0058554449607205175,2,spheroid,17.49954700062517,True,7,1,,0.0408386548661932
5.751086853803049,6.0,1.6335461946475536,1.6431676725152016,3.651483716701767,False,shannon_ex,7,0.2,epsilon=2,-0.041485524366158565,-0.0058554449607205175,2,spheroid,17.1204329963075,True,7,1,,0.0
6.15287806577466,6.0,1.6335461946475536,1.6431676725152016,3.651483716701767,False,dnn,7,0.2,epsilon=2,0.025479677629109965,-0.0058554449607205175,2,spheroid,0.30948199855629355,,,,1.6304034344762566,
4.90063858394266,6.0,1.6335461946475536,1.6431676725152016,3.651483716701767,False,three_rg,7,0.2,epsilon=2,-0.1832269026762233,-0.0058554449607205175,2,spheroid,0.002449996827635914,,,,,
7.515893877711557,8.0,2.1907436792863373,2.1908902300206625,3.6514837167011107,False,shannon,10,0.0,epsilon=2,-0.060513265286055384,-6.689095250739817e-05,0,spheroid,21.177107002586126,True,9,4,,0.016978263514469294
7.552436800927078,8.0,2.1907436792863373,2.1908902300206625,3.6514837167011107,False,shannon_ex,10,0.0,epsilon=2,-0.05594539988411529,-6.689095250739817e-05,0,spheroid,21.8295489976299,True,9,5,,0.0262906827602456
7.9094798248027836,8.0,2.1907436792863373,2.1908902300206625,3.6514837167011107,False,dnn,10,0.0,epsilon=2,-0.011315021899652056,-6.689095250739817e-05,0,spheroid,0.22374999389285222,,,,2.196137002815486,
6.572231037859012,8.0,2.1907436792863373,2.1908902300206625,3.6514837167011107,False,three_rg,10,0.0,epsilon=2,-0.17847112026762346,-6.689095250739817e-05,0,spheroid,0.002016000507865101,,,,,
7.211268044736194,8.0,2.1760012204997894,2.1908902300206625,3.6514837167011107,False,shannon,10,0.02,epsilon=2,-0.09859149440797577,-0.006795871977909505,0,spheroid,18.071705002512317,True,9,1,,0.05222402929199177
7.550903177766063,8.0,2.1760012204997894,2.1908902300206625,3.6514837167011107,False,shannon_ex,10,0.02,epsilon=2,-0.05613710277924211,-0.006795871977909505,0,spheroid,20.31830800115131,True,9,4,,0.008763560920082014
7.913237945092851,8.0,2.1760012204997894,2.1908902300206625,3.6514837167011107,False,dnn,10,0.02,epsilon=2,-0.01084525686339366,-0.006795871977909505,0,spheroid,0.35948900040239096,,,,2.1961458694817058,
6.528003661499368,8.0,2.1760012204997894,2.1908902300206625,3.6514837167011107,False,three_rg,10,0.02,epsilon=2,-0.18399954231257898,-0.006795871977909505,0,spheroid,0.0018240025383420289,,,,,
6.809560178461921,8.0,2.1766910172809837,2.1908902300206625,3.6514837167011107,False,shannon,10,0.02,epsilon=2,-0.14880497769225987,-0.006481024263614029,1,spheroid,17.01439099997515,True,8,5,,0.013060146103686776
7.652049276718676,8.0,2.1766910172809837,2.1908902300206625,3.6514837167011107,False,shannon_ex,10,0.02,epsilon=2,-0.04349384041016546,-0.006481024263614029,1,spheroid,21.026465998147614,True,9,3,,0.0073029674334019745
7.905485520438972,8.0,2.1766910172809837,2.1908902300206625,3.6514837167011107,False,dnn,10,0.02,epsilon=2,-0.011814309945128554,-0.006481024263614029,1,spheroid,0.4251389982528053,,,,2.196077349621936,
6.530073051842951,8.0,2.1766910172809837,2.1908902300206625,3.6514837167011107,False,three_rg,10,0.02,epsilon=2,-0.18374086851963112,-0.006481024263614029,1,spheroid,0.001839995093178004,,,,,
6.778920993313589,8.0,2.175101390397754,2.1908902300206625,3.6514837167011107,False,shannon,10,0.02,epsilon=2,-0.15263487583580138,-0.007206586348582038,2,spheroid,16.95776700216811,True,8,5,,0.000435020278079179
7.565509112632867,8.0,2.175101390397754,2.1908902300206625,3.6514837167011107,False,shannon_ex,10,0.02,epsilon=2,-0.054311360920891616,-0.007206586348582038,2,spheroid,18.802386002789717,True,9,6,,0.009128709291752024
7.908633018629985,8.0,2.175101390397754,2.1908902300206625,3.6514837167011107,False,dnn,10,0.02,epsilon=2,-0.011420872671251914,-0.007206586348582038,2,spheroid,0.3320929972687736,,,,2.1962337236605958,
6.525304171193262,8.0,2.175101390397754,2.1908902300206625,3.6514837167011107,False,three_rg,10,0.02,epsilon=2,-0.1843369786008423,-0.007206586348582038,2,spheroid,0.0019380022422410548,,,,,
6.731906195296347,8.0,2.17263391812049,2.1908902300206625,3.6514837167011107,False,shannon,10,0.05,epsilon=2,-0.15851172558795668,-0.008332828203812032,0,spheroid,16.856369999004528,True,8,6,,0.011949486549663213
7.611152659091627,8.0,2.17263391812049,2.1908902300206625,3.6514837167011107,False,shannon_ex,10,0.05,epsilon=2,-0.0486059176135466,-0.008332828203812032,0,spheroid,17.325631000858266,True,9,1,,0.04381780460041007
7.91868700708014,8.0,2.17263391812049,2.1908902300206625,3.6514837167011107,False,dnn,10,0.05,epsilon=2,-0.010164124114982465,-0.008332828203812032,0,spheroid,0.28963200020371005,,,,2.196154827848991,
6.51790175436147,8.0,2.17263391812049,2.1908902300206625,3.6514837167011107,False,three_rg,10,0.05,epsilon=2,-0.1852622807048162,-0.008332828203812032,0,spheroid,0.0018940045265480876,,,,,
6.996708980646246,8.0,2.1793206605345934,2.1908902300206625,3.6514837167011107,False,shannon,10,0.05,epsilon=2,-0.12541137741921926,-0.005280761823452934,1,spheroid,17.09759799996391,True,8,4,,0.03595879089881926
7.657161353922057,8.0,2.1793206605345934,2.1908902300206625,3.6514837167011107,False,shannon_ex,10,0.05,epsilon=2,-0.042854830759742835,-0.005280761823452934,1,spheroid,16.497877004439943,True,9,3,,0.010954451150102074
7.899501708734546,8.0,2.1793206605345934,2.1908902300206625,3.6514837167011107,False,dnn,10,0.05,epsilon=2,-0.0125622864081818,-0.005280761823452934,1,spheroid,0.21112499962328002,,,,2.195988203145878,
6.537961981603781,8.0,2.1793206605345934,2.1908902300206625,3.6514837167011107,False,three_rg,10,0.05,epsilon=2,-0.18275475229952742,-0.005280761823452934,1,spheroid,0.0012239979696460068,,,,,
6.797054221226886,8.0,2.175196563372698,2.1908902300206625,3.6514837167011107,False,shannon,10,0.05,epsilon=2,-0.15036822234663927,-0.007163146027547239,2,spheroid,16.849987994646654,True,8,5,,0.007830707628141198
7.619916220011709,8.0,2.175196563372698,2.1908902300206625,3.6514837167011107,False,shannon_ex,10,0.05,epsilon=2,-0.04751047249853635,-0.007163146027547239,2,spheroid,21.108645996719133,True,9,3,,0.0
7.907363913061187,8.0,2.175196563372698,2.1908902300206625,3.6514837167011107,False,dnn,10,0.05,epsilon=2,-0.01157951086735165,-0.007163146027547239,2,spheroid,0.4600889951689169,,,,2.196378730138395,
6.525589690118094,8.0,2.175196563372698,2.1908902300206625,3.6514837167011107,False,three_rg,10,0.05,epsilon=2,-0.1843012887352382,-0.007163146027547239,2,spheroid,0.0016970006981864572,,,,,
6.534778006762188,8.0,2.1705418534418555,2.1908902300206625,3.6514837167011107,False,shannon,10,0.1,epsilon=2,-0.18315274915472646,-0.00928772071735203,0,spheroid,16.493414994329214,True,8,3,,0.005788111609177804
7.111629686646953,8.0,2.1705418534418555,2.1908902300206625,3.6514837167011107,False,shannon_ex,10,0.1,epsilon=2,-0.11104628916913084,-0.00928772071735203,0,spheroid,17.592362004506867,True,9,4,,0.0010954451150104738
7.927288272001468,8.0,2.1705418534418555,2.1908902300206625,3.6514837167011107,False,dnn,10,0.1,epsilon=2,-0.009088965999816456,-0.00928772071735203,0,spheroid,0.2555900064180605,,,,2.1961587885778044,
6.511625560325566,8.0,2.1705418534418555,2.1908902300206625,3.6514837167011107,False,three_rg,10,0.1,epsilon=2,-0.18604680495930426,-0.00928772071735203,0,spheroid,0.0016229969332925975,,,,,
7.439400508415407,8.0,2.179724731443094,2.1908902300206625,3.6514837167011107,False,shannon,10,0.1,epsilon=2,-0.07007493644807417,-0.00509632953060517,1,spheroid,16.719076993467752,True,9,1,,0.028336421508762033
7.459981233220212,8.0,2.179724731443094,2.1908902300206625,3.6514837167011107,False,shannon_ex,10,0.1,epsilon=2,-0.0675023458474735,-0.00509632953060517,1,spheroid,16.414899997471366,True,9,3,,0.0021908902300209476
7.888848240170356,8.0,2.179724731443094,2.1908902300206625,3.6514837167011107,False,dnn,10,0.1,epsilon=2,-0.013893969978705512,-0.00509632953060517,1,spheroid,0.21397399541456252,,,,2.195794698089127,
6.539174194329282,8.0,2.179724731443094,2.1908902300206625,3.6514837167011107,False,three_rg,10,0.1,epsilon=2,-0.1826032257088398,-0.00509632953060517,1,spheroid,0.0015550031093880534,,,,,
5.759089626628875,8.0,2.1049304190895075,2.1908902300206625,3.6514837167011107,False,shannon,10,0.1,epsilon=2,-0.2801137966713906,-0.03923510623822733,2,spheroid,17.30475400108844,False,7,0,,0.28206067615798425
7.619916220011708,8.0,2.1049304190895075,2.1908902300206625,3.6514837167011107,False,shannon_ex,10,0.1,epsilon=2,-0.04751047249853646,-0.03923510623822733,2,spheroid,16.54612699348945,True,9,5,,0.012268985288115264
7.904341661551579,8.0,2.1049304190895075,2.1908902300206625,3.6514837167011107,False,dnn,10,0.1,epsilon=2,-0.01195729230605258,-0.03923510623822733,2,spheroid,0.20795100135728717,,,,2.1965619958915514,
6.3147912572685225,8.0,2.1049304190895075,2.1908902300206625,3.6514837167011107,False,three_rg,10,0.1,epsilon=2,-0.21065109284143468,-0.03923510623822733,2,spheroid,0.0012559976312331855,,,,,
6.6022845031123545,8.0,2.1653934086953894,2.1908902300206625,3.6514837167011107,False,shannon,10,0.2,epsilon=2,-0.1747144371109557,-0.01163765348710904,0,spheroid,17.770405996998306,False,8,0,,0.3053204706260786
7.1364597759205175,8.0,2.1653934086953894,2.1908902300206625,3.6514837167011107,False,shannon_ex,10,0.2,epsilon=2,-0.10794252800993531,-0.01163765348710904,0,spheroid,17.909722999320365,True,9,6,,0.0014605934866800396
7.941077282574141,8.0,2.1653934086953894,2.1908902300206625,3.6514837167011107,False,dnn,10,0.2,epsilon=2,-0.0073653396782323854,-0.01163765348710904,0,spheroid,0.21654699958162382,,,,2.1960230352682664,
6.496180226086168,8.0,2.1653934086953894,2.1908902300206625,3.6514837167011107,False,three_rg,10,0.2,epsilon=2,-0.18797747173922896,-0.01163765348710904,0,spheroid,0.0023570028133690357,,,,,
7.541372902302536,8.0,2.1808481498850587,2.1908902300206625,3.6514837167011107,False,shannon,10,0.2,epsilon=2,-0.05732838721218303,-0.004583561512120626,1,spheroid,18.32697100326186,True,9,1,,0.06542544449655185
7.065073269259017,8.0,2.1808481498850587,2.1908902300206625,3.6514837167011107,False,shannon_ex,10,0.2,epsilon=2,-0.1168658413426229,-0.004583561512120626,1,spheroid,18.12346999940928,True,8,4,,0.000547722557505459
7.867018096265288,8.0,2.1808481498850587,2.1908902300206625,3.6514837167011107,False,dnn,10,0.2,epsilon=2,-0.016622737966838996,-0.004583561512120626,1,spheroid,0.20073800260433927,,,,2.1953649474959995,
6.542544449655177,8.0,2.1808481498850587,2.1908902300206625,3.6514837167011107,False,three_rg,10,0.2,epsilon=2,-0.18218194379310293,-0.004583561512120626,1,spheroid,0.0010930016287602484,,,,,
7.170592002441254,8.0,2.173235945580036,2.1908902300206625,3.6514837167011107,False,shannon,10,0.2,epsilon=2,-0.1036759996948432,-0.008058041520619655,2,spheroid,20.443257002625614,True,9,4,,0.016299269591849352
7.387681855629536,8.0,2.173235945580036,2.1908902300206625,3.6514837167011107,False,shannon_ex,10,0.2,epsilon=2,-0.07653976804630802,-0.008058041520619655,2,spheroid,17.298530001426116,True,9,1,,0.0
7.893057787216221,8.0,2.173235945580036,2.1908902300206625,3.6514837167011107,False,dnn,10,0.2,epsilon=2,-0.013367776597972392,-0.008058041520619655,2,spheroid,0.3975200015702285,,,,2.196579275412062,
6.519707836740109,8.0,2.173235945580036,2.1908902300206625,3.6514837167011107,False,three_rg,10,0.2,epsilon=2,-0.18503652040748642,-0.008058041520619655,2,spheroid,0.0022469976102001965,,,,,
9.554567470593245,10.0,2.738326112172793,2.7386127875262476,3.6514837167005516,False,shannon,12,0.0,epsilon=2,-0.044543252940675515,-0.00010467903851184888,0,spheroid,19.774128995777573,True,12,5,,0.010953304448690915
9.589937328720197,10.0,2.738326112172793,2.7386127875262476,3.6514837167005516,False,shannon_ex,12,0.0,epsilon=2,-0.04100626712798032,-0.00010467903851184888,0,spheroid,22.395258994947653,True,12,4,,0.0006846531968811576
9.985357922677935,10.0,2.738326112172793,2.7386127875262476,3.6514837167005516,False,dnn,12,0.0,epsilon=2,-0.0014642077322065462,-0.00010467903851184888,0,spheroid,0.29916100174887106,,,,2.755069819697903,
8.21497833651838,10.0,2.738326112172793,2.7386127875262476,3.6514837167005516,False,three_rg,12,0.0,epsilon=2,-0.17850216634816202,-0.00010467903851184888,0,spheroid,0.0013210010365583003,,,,,
8.702787007924535,10.0,2.723876997785435,2.7386127875262476,3.6514837167005516,False,shannon,12,0.02,epsilon=2,-0.12972129920754655,-0.005380749629130057,0,spheroid,18.580185998871457,True,11,1,,0.04630590896235365
9.590621981917078,10.0,2.723876997785435,2.7386127875262476,3.6514837167005516,False,shannon_ex,12,0.02,epsilon=2,-0.04093780180829221,-0.005380749629130057,0,spheroid,18.820796001818962,True,12,4,,0.0
9.984538821270576,10.0,2.723876997785435,2.7386127875262476,3.6514837167005516,False,dnn,12,0.02,epsilon=2,-0.001546117872942432,-0.005380749629130057,0,spheroid,0.21430000197142363,,,,2.75537580308207,
8.171630993356304,10.0,2.723876997785435,2.7386127875262476,3.6514837167005516,False,three_rg,12,0.02,epsilon=2,-0.18283690066436958,-0.005380749629130057,0,spheroid,0.0011829979484900832,,,,,
8.657637360200852,10.0,2.721243866164061,2.7386127875262476,3.6514837167005516,False,shannon,12,0.02,epsilon=2,-0.13423626397991484,-0.00634223335306759,1,spheroid,17.00362299743574,True,11,2,,0.0013606219330819513
9.553924570564224,10.0,2.721243866164061,2.7386127875262476,3.6514837167005516,False,shannon_ex,12,0.02,epsilon=2,-0.044607542943577626,-0.00634223335306759,1,spheroid,18.1435530030285,True,12,5,,0.012597618822620227
9.983912031799047,10.0,2.721243866164061,2.7386127875262476,3.6514837167005516,False,dnn,12,0.02,epsilon=2,-0.001608796820095293,-0.00634223335306759,1,spheroid,0.22994800383457914,,,,2.7550292348246805,
8.163731598492184,10.0,2.721243866164061,2.7386127875262476,3.6514837167005516,False,three_rg,12,0.02,epsilon=2,-0.1836268401507816,-0.00634223335306759,1,spheroid,0.00133900175569579,,,,,
8.42258199358617,10.0,2.7156479102325584,2.7386127875262476,3.6514837167005516,False,shannon,12,0.02,epsilon=2,-0.15774180064138293,-0.008385587549393246,2,spheroid,16.717389000405092,True,10,4,,0.012220415596045697
9.534936855237374,10.0,2.7156479102325584,2.7386127875262476,3.6514837167005516,False,shannon_ex,12,0.02,epsilon=2,-0.046506314476262564,-0.008385587549393246,2,spheroid,21.179180999752134,True,12,6,,0.02373464415856219
9.98553996021767,10.0,2.7156479102325584,2.7386127875262476,3.6514837167005516,False,dnn,12,0.02,epsilon=2,-0.0014460039782330015,-0.008385587549393246,2,spheroid,0.22896200243849307,,,,2.7551683080447984,
8.146943730697675,10.0,2.7156479102325584,2.7386127875262476,3.6514837167005516,False,three_rg,12,0.02,epsilon=2,-0.1853056269302325,-0.008385587549393246,2,spheroid,0.00122499477583915,,,,,
8.84076175251521,10.0,2.728630170529388,2.7386127875262476,3.6514837167005516,False,shannon,12,0.05,epsilon=2,-0.11592382474847902,-0.0036451363414091577,0,spheroid,16.757689001678955,True,11,1,,0.03820082238741129
9.589937328720197,10.0,2.728630170529388,2.7386127875262476,3.6514837167005516,False,shannon_ex,12,0.05,epsilon=2,-0.04100626712798032,-0.0036451363414091577,0,spheroid,16.90515699738171,True,12,4,,0.0006846531968811576
9.983266896100535,10.0,2.728630170529388,2.7386127875262476,3.6514837167005516,False,dnn,12,0.05,epsilon=2,-0.0016733103899465363,-0.0036451363414091577,0,spheroid,0.20783899526577443,,,,2.7558285683740964,
8.185890511588163,10.0,2.728630170529388,2.7386127875262476,3.6514837167005516,False,three_rg,12,0.05,epsilon=2,-0.18141094884118375,-0.0036451363414091577,0,spheroid,0.0013220051187090576,,,,,
8.669656997070053,10.0,2.720745958597238,2.7386127875262476,3.6514837167005516,False,shannon,12,0.05,epsilon=2,-0.1330343002929947,-0.006524043490335288,1,spheroid,19.280735003121663,True,11,2,,0.023126340648076393
9.546119524119774,10.0,2.720745958597238,2.7386127875262476,3.6514837167005516,False,shannon_ex,12,0.05,epsilon=2,-0.045388047588022576,-0.006524043490335288,1,spheroid,19.405554994591512,True,12,4,,0.014377717134514079
9.981739291764503,10.0,2.720745958597238,2.7386127875262476,3.6514837167005516,False,dnn,12,0.05,epsilon=2,-0.0018260708235496637,-0.006524043490335288,1,spheroid,0.23507400328526273,,,,2.754968185854816,
8.162237875791714,10.0,2.720745958597238,2.7386127875262476,3.6514837167005516,False,three_rg,12,0.05,epsilon=2,-0.1837762124208286,-0.006524043490335288,1,spheroid,0.0016389967640861869,,,,,
8.588355795025779,10.0,2.7204167865143676,2.7386127875262476,3.6514837167005516,False,shannon,12,0.05,epsilon=2,-0.14116442049742214,-0.006644240140394663,2,spheroid,19.29184600157896,True,10,2,,0.00272041678651469
9.590621981917078,10.0,2.7204167865143676,2.7386127875262476,3.6514837167005516,False,shannon_ex,12,0.05,epsilon=2,-0.04093780180829221,-0.006644240140394663,2,spheroid,20.86052799859317,True,12,3,,0.0
9.985812073162716,10.0,2.7204167865143676,2.7386127875262476,3.6514837167005516,False,dnn,12,0.05,epsilon=2,-0.0014187926837283982,-0.006644240140394663,2,spheroid,0.25014099810505286,,,,2.7553159757900922,
8.161250359543104,10.0,2.7204167865143676,2.7386127875262476,3.6514837167005516,False,three_rg,12,0.05,epsilon=2,-0.18387496404568965,-0.006644240140394663,2,spheroid,0.0015990008250810206,,,,,
9.05701821577145,10.0,2.716562152300935,2.7386127875262476,3.6514837167005516,False,shannon,12,0.1,epsilon=2,-0.09429817842285501,-0.00805175354681321,0,spheroid,18.492344999685884,False,11,0,,0.4563824415865838
9.199548075858308,10.0,2.716562152300935,2.7386127875262476,3.6514837167005516,False,shannon_ex,12,0.1,epsilon=2,-0.08004519241416919,-0.00805175354681321,0,spheroid,18.533958995249122,True,11,5,,0.026290682760253148
9.981039005820078,10.0,2.716562152300935,2.7386127875262476,3.6514837167005516,False,dnn,12,0.1,epsilon=2,-0.0018960994179922253,-0.00805175354681321,0,spheroid,0.205024000024423,,,,2.7565671777844805,
8.149686456902806,10.0,2.716562152300935,2.7386127875262476,3.6514837167005516,False,three_rg,12,0.1,epsilon=2,-0.18503135430971937,-0.00805175354681321,0,spheroid,0.0013829994713887572,,,,,
8.76035146184283,10.0,2.723143133926879,2.7386127875262476,3.6514837167005516,False,shannon,12,0.1,epsilon=2,-0.12396485381571694,-0.005648718822109326,1,spheroid,23.99425299518043,True,11,1,,0.05173971954461276
9.264727060201436,10.0,2.723143133926879,2.7386127875262476,3.6514837167005516,False,shannon_ex,12,0.1,epsilon=2,-0.07352729397985644,-0.005648718822109326,1,spheroid,18.712659999437165,True,11,4,,0.013693063937632033
9.978107627529084,10.0,2.723143133926879,2.7386127875262476,3.6514837167005516,False,dnn,12,0.1,epsilon=2,-0.0021892372470915687,-0.005648718822109326,1,spheroid,0.2612629978102632,,,,2.7548659776741493,
8.169429401780636,10.0,2.723143133926879,2.7386127875262476,3.6514837167005516,False,three_rg,12,0.1,epsilon=2,-0.18305705982193637,-0.005648718822109326,1,spheroid,0.0013130047591403127,,,,,
8.688094343885714,10.0,2.7197039736690227,2.7386127875262476,3.6514837167005516,False,shannon,12,0.1,epsilon=2,-0.13119056561142858,-0.006904522590177836,2,spheroid,18.939977999252733,True,11,2,,0.01767807582884906
9.246926077082513,10.0,2.7197039736690227,2.7386127875262476,3.6514837167005516,False,shannon_ex,12,0.1,epsilon=2,-0.0753073922917487,-0.006904522590177836,2,spheroid,18.177958998421673,True,11,4,,0.021908902300211253
9.986263086422673,10.0,2.7197039736690227,2.7386127875262476,3.6514837167005516,False,dnn,12,0.1,epsilon=2,-0.0013736913577327315,-0.006904522590177836,2,spheroid,0.1995269994949922,,,,2.755561916481291,
8.159111921007067,10.0,2.7197039736690227,2.7386127875262476,3.6514837167005516,False,three_rg,12,0.1,epsilon=2,-0.18408880789929327,-0.006904522590177836,2,spheroid,0.0015379991964437068,,,,,
9.073172341956468,10.0,2.730415992162654,2.7386127875262476,3.6514837167005516,False,shannon,12,0.2,epsilon=2,-0.0926827658043532,-0.0029930464799288324,0,spheroid,19.04524100245908,False,11,0,,0.36314532695762836
9.413981457121626,10.0,2.730415992162654,2.7386127875262476,3.6514837167005516,False,shannon_ex,12,0.2,epsilon=2,-0.05860185428783744,-0.0029930464799288324,0,spheroid,19.395078998059034,True,11,2,,0.017800983118921643
9.976225627166988,10.0,2.730415992162654,2.7386127875262476,3.6514837167005516,False,dnn,12,0.2,epsilon=2,-0.002377437283301198,-0.0029930464799288324,0,spheroid,0.21086200285935774,,,,2.757988011950646,
8.191247976487961,10.0,2.730415992162654,2.7386127875262476,3.6514837167005516,False,three_rg,12,0.2,epsilon=2,-0.18087520235120386,-0.0029930464799288324,0,spheroid,0.0015189943951554596,,,,,
9.038381732970027,10.0,2.7226774976313215,2.7386127875262476,3.6514837167005516,False,shannon,12,0.2,epsilon=2,-0.09616182670299729,-0.0058187451572225485,1,spheroid,17.82122699660249,True,11,6,,0.01542850581990951
9.240992416042873,10.0,2.7226774976313215,2.7386127875262476,3.6514837167005516,False,shannon_ex,12,0.2,epsilon=2,-0.07590075839571267,-0.0058187451572225485,1,spheroid,19.225723001000006,True,11,3,,0.004564354645877344
9.969807690930859,10.0,2.7226774976313215,2.7386127875262476,3.6514837167005516,False,dnn,12,0.2,epsilon=2,-0.0030192309069141388,-0.0058187451572225485,1,spheroid,0.2681139958440326,,,,2.7546904142295046,
8.168032492893964,10.0,2.7226774976313215,2.7386127875262476,3.6514837167005516,False,three_rg,12,0.2,epsilon=2,-0.1831967507106036,-0.0058187451572225485,1,spheroid,0.001472006260883063,,,,,
8.622285848937556,10.0,2.718249006600703,2.7386127875262476,3.6514837167005516,False,shannon,12,0.2,epsilon=2,-0.13777141510624435,-0.007435801446008414,2,spheroid,20.20784299384104,False,10,0,,0.23920591258087853
8.940886098076438,10.0,2.718249006600703,2.7386127875262476,3.6514837167005516,False,shannon_ex,12,0.2,epsilon=2,-0.10591139019235615,-0.007435801446008414,2,spheroid,19.09148000413552,True,11,4,,0.05134898976612057
9.987155756079837,10.0,2.718249006600703,2.7386127875262476,3.6514837167005516,False,dnn,12,0.2,epsilon=2,-0.001284424392016348,-0.007435801446008414,2,spheroid,0.20072700135642663,,,,2.756053155517494,
8.154747019802109,10.0,2.718249006600703,2.7386127875262476,3.6514837167005516,False,three_rg,12,0.2,epsilon=2,-0.18452529801978912,-0.007435801446008414,2,spheroid,0.001252999936696142,,,,,
12.983278788950974,14.0,3.8332680215385317,3.8340579025363977,3.651483716700884,False,shannon,17,0.0,epsilon=2,-0.07262294364635899,-0.00020601697155991843,0,spheroid,18.231936999654863,True,16,2,,0.007666536043076988
12.968317449539146,14.0,3.8332680215385317,3.8340579025363977,3.651483716700884,False,shannon_ex,17,0.0,epsilon=2,-0.07369161074720385,-0.00020601697155991843,0,spheroid,18.435979000059888,True,16,5,,0.010735362127101133
16.603890310141328,14.0,3.8332680215385317,3.8340579025363977,3.651483716700884,False,dnn,17,0.0,epsilon=2,0.18599216501009483,-0.00020601697155991843,0,spheroid,0.2148240018868819,,,,3.9436970617968283,
11.499804064615596,14.0,3.8332680215385317,3.8340579025363977,3.651483716700884,False,three_rg,17,0.0,epsilon=2,-0.1785854239560289,-0.00020601697155991843,0,spheroid,0.0012859964044764638,,,,,
10.731004033725563,14.0,3.802623683106127,3.8340579025363977,3.651483716700884,False,shannon,17,0.02,epsilon=2,-0.23349971187674548,-0.008198681456916884,0,spheroid,21.15964100084966,False,13,0,,1.2168395785940334
12.771246873348774,14.0,3.802623683106127,3.8340579025363977,3.651483716700884,False,shannon_ex,17,0.02,epsilon=2,-0.08776808047508755,-0.008198681456916884,0,spheroid,18.981102999532595,True,16,2,,0.007668115805072873
16.58213206223033,14.0,3.802623683106127,3.8340579025363977,3.651483716700884,False,dnn,17,0.02,epsilon=2,0.1844380044450235,-0.008198681456916884,0,spheroid,0.2114489980158396,,,,3.943027811652934,
11.40787104931838,14.0,3.802623683106127,3.8340579025363977,3.651483716700884,False,three_rg,17,0.02,epsilon=2,-0.18515206790582997,-0.008198681456916884,0,spheroid,0.0012279997463338077,,,,,
12.234152596249261,14.0,3.8142330775524513,3.8340579025363977,3.651483716700884,False,shannon,17,0.02,epsilon=2,-0.12613195741076705,-0.005170716115380349,1,spheroid,17.084731000068132,True,15,4,,0.07056331193471443
12.956559671971368,14.0,3.8142330775524513,3.8340579025363977,3.651483716700884,False,shannon_ex,17,0.02,epsilon=2,-0.07453145200204515,-0.005170716115380349,1,spheroid,16.814844995678868,True,16,3,,0.0
16.605114997035372,14.0,3.8142330775524513,3.8340579025363977,3.651483716700884,False,dnn,17,0.02,epsilon=2,0.1860796426453837,-0.005170716115380349,1,spheroid,0.2265719958813861,,,,3.9437797905439034,
11.442699232657354,14.0,3.8142330775524513,3.8340579025363977,3.651483716700884,False,three_rg,17,0.02,epsilon=2,-0.18266434052447472,-0.005170716115380349,1,spheroid,0.0013429962564259768,,,,,
12.120490197487527,14.0,3.81227412376407,3.8340579025363977,3.651483716700884,False,shannon,17,0.02,epsilon=2,-0.13425070017946236,-0.005681650962526335,2,spheroid,18.48675200017169,True,15,3,,0.030498192990115136
12.925887208751078,14.0,3.81227412376407,3.8340579025363977,3.651483716700884,False,shannon_ex,17,0.02,epsilon=2,-0.07672234223206585,-0.005681650962526335,2,spheroid,17.48937900265446,True,16,3,,0.04089661762705621
16.6028869893831,14.0,3.81227412376407,3.8340579025363977,3.651483716700884,False,dnn,17,0.02,epsilon=2,0.1859204992416501,-0.005681650962526335,2,spheroid,0.29690399969695136,,,,3.9437051985282143,
11.43682237129221,14.0,3.81227412376407,3.8340579025363977,3.651483716700884,False,three_rg,17,0.02,epsilon=2,-0.18308411633627067,-0.005681650962526335,2,spheroid,0.0017499987734481692,,,,,
12.445531930962328,14.0,3.8176478315834954,3.8340579025363977,3.651483716700884,False,shannon,17,0.05,epsilon=2,-0.11103343350269082,-0.004280079062459196,0,spheroid,16.818226002214942,True,15,4,,0.0496294218105886
12.579543978221952,14.0,3.8176478315834954,3.8340579025363977,3.651483716700884,False,shannon_ex,17,0.05,epsilon=2,-0.10146114441271768,-0.004280079062459196,0,spheroid,16.942481997830328,True,16,4,,0.009585144756342423
16.5493946129691,14.0,3.8176478315834954,3.8340579025363977,3.651483716700884,False,dnn,17,0.05,epsilon=2,0.18209961521207849,-0.004280079062459196,0,spheroid,0.22748600167687982,,,,3.942020309702149,
11.452943494750485,14.0,3.8176478315834954,3.8340579025363977,3.651483716700884,False,three_rg,17,0.05,epsilon=2,-0.18193260751782248,-0.004280079062459196,0,spheroid,0.0019400031305849552,,,,,
12.150452413929104,14.0,3.8101136450075144,3.8340579025363977,3.651483716700884,False,shannon,17,0.05,epsilon=2,-0.13211054186220686,-0.006245147605372135,1,spheroid,22.897461996763013,True,15,1,,0.09525284112519294
12.923331170149385,14.0,3.8101136450075144,3.8340579025363977,3.651483716700884,False,shannon_ex,17,0.05,epsilon=2,-0.07690491641790105,-0.006245147605372135,1,spheroid,20.16757500678068,True,16,3,,0.035784540423673405
16.606950497740257,14.0,3.8101136450075144,3.8340579025363977,3.651483716700884,False,dnn,17,0.05,epsilon=2,0.18621074983858982,-0.006245147605372135,1,spheroid,0.2989749991684221,,,,3.9439038220563956,
11.430340935022542,14.0,3.8101136450075144,3.8340579025363977,3.651483716700884,False,three_rg,17,0.05,epsilon=2,-0.1835470760698184,-0.006245147605372135,1,spheroid,0.001991000317502767,,,,,
11.997853371717731,14.0,3.8096486150670392,3.8340579025363977,3.651483716700884,False,shannon,17,0.05,epsilon=2,-0.14301047344873347,-0.0063664368379023764,2,spheroid,18.844352998712566,True,15,3,,0.06603390932782727
12.631942769556616,14.0,3.8096486150670392,3.8340579025363977,3.651483716700884,False,shannon_ex,17,0.05,epsilon=2,-0.09771837360309885,-0.0063664368379023764,2,spheroid,18.9355769980466,True,16,3,,0.05367681063551011
16.601382276030346,14.0,3.8096486150670392,3.8340579025363977,3.651483716700884,False,dnn,17,0.05,epsilon=2,0.1858130197164533,-0.0063664368379023764,2,spheroid,0.19918799807783216,,,,3.9437173969685504,
11.428945845201117,14.0,3.8096486150670392,3.8340579025363977,3.651483716700884,False,three_rg,17,0.05,epsilon=2,-0.18364672534277737,-0.0063664368379023764,2,spheroid,0.0014410034054890275,,,,,
12.327813715813376,14.0,3.814003779352846,3.8340579025363977,3.651483716700884,False,shannon,17,0.1,epsilon=2,-0.11944187744190174,-0.005230521732675225,0,spheroid,18.194069001765456,True,15,4,,0.02955852928998759
13.019693825433134,14.0,3.814003779352846,3.8340579025363977,3.651483716700884,False,shannon_ex,17,0.1,epsilon=2,-0.07002186961191903,-0.005230521732675225,0,spheroid,18.02343500457937,True,16,5,,0.0023004347415218618
16.494571435420077,14.0,3.814003779352846,3.8340579025363977,3.651483716700884,False,dnn,17,0.1,epsilon=2,0.17818367395857695,-0.005230521732675225,0,spheroid,0.22528199770022184,,,,3.9403318066672988,
11.442011338058538,14.0,3.814003779352846,3.8340579025363977,3.651483716700884,False,three_rg,17,0.1,epsilon=2,-0.18271347585296155,-0.005230521732675225,0,spheroid,0.0014309989637695253,,,,,
12.323655112911249,14.0,3.8094760781795967,3.8340579025363977,3.651483716700884,False,shannon,17,0.1,epsilon=2,-0.11973892050633937,-0.006411437954690004,1,spheroid,19.519035005941987,True,15,1,,0.011428428234539822
12.89138068762825,14.0,3.8094760781795967,3.8340579025363977,3.651483716700884,False,shannon_ex,17,0.1,epsilon=2,-0.07918709374083933,-0.006411437954690004,1,spheroid,18.588548999105114,True,16,3,,0.07540313874988325
16.610005583648988,14.0,3.8094760781795967,3.8340579025363977,3.651483716700884,False,dnn,17,0.1,epsilon=2,0.186428970260642,-0.006411437954690004,1,spheroid,0.24264600506285205,,,,3.9441103766425636,
11.42842823453879,14.0,3.8094760781795967,3.8340579025363977,3.651483716700884,False,three_rg,17,0.1,epsilon=2,-0.18368369753294353,-0.006411437954690004,1,spheroid,0.001471998984925449,,,,,
12.911850233053997,14.0,3.8121789882059667,3.8340579025363977,3.651483716700884,False,shannon,17,0.1,epsilon=2,-0.07772498335328594,-0.005706464244047312,2,spheroid,17.750631006492767,False,16,0,,0.42315186769091095
12.337998330362156,14.0,3.8121789882059667,3.8340579025363977,3.651483716700884,False,shannon_ex,17,0.1,epsilon=2,-0.1187144049741317,-0.005706464244047312,2,spheroid,23.66837799490895,True,15,1,,0.0843492738558016
16.5988751353206,14.0,3.8121789882059667,3.8340579025363977,3.651483716700884,False,dnn,17,0.1,epsilon=2,0.18563393823718574,-0.005706464244047312,2,spheroid,0.2569310017861426,,,,3.943737710016334,
11.4365369646179,14.0,3.8121789882059667,3.8340579025363977,3.651483716700884,False,three_rg,17,0.1,epsilon=2,-0.18310450252729282,-0.005706464244047312,2,spheroid,0.001405998773407191,,,,,
12.413813149749974,14.0,3.816112250153708,3.8340579025363977,3.651483716700884,False,shannon,17,0.2,epsilon=2,-0.11329906073214475,-0.00468058981864043,0,spheroid,18.20323999709217,True,15,1,,0.09540280625384145
13.099442229805891,14.0,3.816112250153708,3.8340579025363977,3.651483716700884,False,shannon_ex,17,0.2,epsilon=2,-0.0643255550138649,-0.00468058981864043,0,spheroid,18.703442001424264,True,16,5,,0.020703912673696756
16.383989736957666,14.0,3.816112250153708,3.8340579025363977,3.651483716700884,False,dnn,17,0.2,epsilon=2,0.17028498121126187,-0.00468058981864043,0,spheroid,0.22592199820792302,,,,3.9369221463625728,
11.448336750461124,14.0,3.816112250153708,3.8340579025363977,3.651483716700884,False,three_rg,17,0.2,epsilon=2,-0.1822616606813483,-0.00468058981864043,0,spheroid,0.0013070020941086113,,,,,
12.433601842785672,14.0,3.8093142900691723,3.8340579025363977,3.651483716700884,False,shannon,17,0.2,epsilon=2,-0.1118855826581663,-0.006453635572602165,1,spheroid,18.591985004604794,False,15,0,,0.6475834293117355
12.495961515946657,14.0,3.8093142900691723,3.8340579025363977,3.651483716700884,False,shannon_ex,17,0.2,epsilon=2,-0.10743132028952448,-0.006453635572602165,1,spheroid,18.324714998016134,True,15,5,,0.019937101093190357
16.616100428746226,14.0,3.8093142900691723,3.8340579025363977,3.651483716700884,False,dnn,17,0.2,epsilon=2,0.1868643163390161,-0.006453635572602165,1,spheroid,0.2249569952255115,,,,3.9445228664522642,
11.427942870207517,14.0,3.8093142900691723,3.8340579025363977,3.651483716700884,False,three_rg,17,0.2,epsilon=2,-0.1837183664137488,-0.006453635572602165,1,spheroid,0.0014280012692324817,,,,,
13.354215118148378,14.0,3.81331099890004,3.8340579025363977,3.651483716700884,False,shannon,17,0.2,epsilon=2,-0.04612749156083013,-0.005411212914294456,2,spheroid,22.02079900598619,True,17,1,,0.0
11.923920076888221,14.0,3.81331099890004,3.8340579025363977,3.651483716700884,False,shannon_ex,17,0.2,epsilon=2,-0.1482914230794128,-0.005411212914294456,2,spheroid,18.104344002495054,False,15,0,,0.1686985477116032
16.59386353998738,14.0,3.81331099890004,3.8340579025363977,3.651483716700884,False,dnn,17,0.2,epsilon=2,0.18527596714195585,-0.005411212914294456,2,spheroid,0.23306899674935266,,,,3.943778270228447,
11.43993299670012,14.0,3.81331099890004,3.8340579025363977,3.651483716700884,False,three_rg,17,0.2,epsilon=2,-0.18286192880713426,-0.005411212914294456,2,spheroid,0.0015799960237927735,,,,,
18.724167003919966,20.0,5.474902632725027,5.4772255750517695,3.651483716701035,False,shannon,25,0.0,epsilon=2,-0.06379164980400169,-0.0004241093040467653,0,spheroid,18.46520799881546,True,23,2,,1.7763568394002505e-15
18.514848185533467,20.0,5.474902632725027,5.4772255750517695,3.651483716701035,False,shannon_ex,25,0.0,epsilon=2,-0.07425759072332667,-0.0004241093040467653,0,spheroid,16.98009600659134,True,23,3,,0.005477225575052813
22.55768315676759,20.0,5.474902632725027,5.4772255750517695,3.651483716701035,False,dnn,25,0.0,epsilon=2,0.1278841578383796,-0.0004241093040467653,0,spheroid,0.22241999977268279,,,,5.577139988365055,
16.424707898175082,20.0,5.474902632725027,5.4772255750517695,3.651483716701035,False,three_rg,25,0.0,epsilon=2,-0.17876460509124587,-0.0004241093040467653,0,spheroid,0.0014089964679442346,,,,,
3.4285059570565277,20.0,1.3674952535268203,5.4772255750517695,3.651483716701035,False,shannon,25,0.02,epsilon=2,-0.8285747021471735,-0.7503306674540432,0,spheroid,16.848143997776788,True,4,7,,0.002344277577474241
18.504806605312538,20.0,1.3674952535268203,5.4772255750517695,3.651483716701035,False,shannon_ex,25,0.02,epsilon=2,-0.07475966973437309,-0.7503306674540432,0,spheroid,18.07365300192032,True,23,2,,0.013693063937630257
22.551457179015973,20.0,1.3674952535268203,5.4772255750517695,3.651483716701035,False,dnn,25,0.02,epsilon=2,0.12757285895079865,-0.7503306674540432,0,spheroid,0.22735500533599406,,,,5.5767231148123075,
4.1024857605804605,20.0,1.3674952535268203,5.4772255750517695,3.651483716701035,False,three_rg,25,0.02,epsilon=2,-0.794875711970977,-0.7503306674540432,0,spheroid,0.0017310012481175363,,,,,
16.692878439589293,20.0,5.421525962841649,5.4772255750517695,3.651483716701035,False,shannon,25,0.02,epsilon=2,-0.16535607802053534,-0.010169311350590866,1,spheroid,21.027116999903228,True,21,6,,0.036143506418941485
18.51302244367512,20.0,5.421525962841649,5.4772255750517695,3.651483716701035,False,shannon_ex,25,0.02,epsilon=2,-0.07434887781624404,-0.010169311350590866,1,spheroid,18.4678570003598,True,23,1,,0.0
22.558835651289815,20.0,5.421525962841649,5.4772255750517695,3.651483716701035,False,dnn,25,0.02,epsilon=2,0.12794178256449076,-0.010169311350590866,1,spheroid,0.24639000184834003,,,,5.577230164524828,
16.264577888524947,20.0,5.421525962841649,5.4772255750517695,3.651483716701035,False,three_rg,25,0.02,epsilon=2,-0.18677110557375265,-0.010169311350590866,1,spheroid,0.0012599994079209864,,,,,
17.276161308029774,20.0,5.460227973460722,5.4772255750517695,3.651483716701035,False,shannon,25,0.02,epsilon=2,-0.13619193459851128,-0.00310332327163401,2,spheroid,19.806165997579228,False,21,0,,0.7753523722314348
18.504806605312538,20.0,5.460227973460722,5.4772255750517695,3.651483716701035,False,shannon_ex,25,0.02,epsilon=2,-0.07475966973437309,-0.00310332327163401,2,spheroid,18.594216999190394,True,23,2,,0.013693063937630257
22.556956456910132,20.0,5.460227973460722,5.4772255750517695,3.651483716701035,False,dnn,25,0.02,epsilon=2,0.1278478228455066,-0.00310332327163401,2,spheroid,0.24112700339173898,,,,5.577105365120802,
16.380683920382168,20.0,5.460227973460722,5.4772255750517695,3.651483716701035,False,three_rg,25,0.02,epsilon=2,-0.1809658039808916,-0.00310332327163401,2,spheroid,0.001978994987439364,,,,,
17.679144793763207,20.0,5.44644017059863,5.4772255750517695,3.651483716701035,False,shannon,25,0.05,epsilon=2,-0.11604276031183965,-0.005620620153634678,0,spheroid,17.747976999089587,True,22,1,,0.0
18.649953083051415,20.0,5.44644017059863,5.4772255750517695,3.651483716701035,False,shannon_ex,25,0.05,epsilon=2,-0.06750234584742927,-0.005620620153634678,0,spheroid,17.73426499858033,True,23,2,,0.032863353450309774
22.542113532787127,20.0,5.44644017059863,5.4772255750517695,3.651483716701035,False,dnn,25,0.05,epsilon=2,0.12710567663935635,-0.005620620153634678,0,spheroid,0.24227600079029799,,,,5.5760976792055965,
16.33932051179589,20.0,5.44644017059863,5.4772255750517695,3.651483716701035,False,three_rg,25,0.05,epsilon=2,-0.1830339744102055,-0.005620620153634678,0,spheroid,0.0015350015019066632,,,,,
16.613179724298828,20.0,5.422940990468038,5.4772255750517695,3.651483716701035,False,shannon,25,0.05,epsilon=2,-0.16934101378505861,-0.009910963833768808,1,spheroid,20.318457995017525,True,21,4,,0.013557352476169626
17.457743649548448,20.0,5.422940990468038,5.4772255750517695,3.651483716701035,False,shannon_ex,25,0.05,epsilon=2,-0.1271128175225776,-0.009910963833768808,1,spheroid,17.32324300246546,True,22,3,,0.07302967433402685
22.56056421999577,20.0,5.422940990468038,5.4772255750517695,3.651483716701035,False,dnn,25,0.05,epsilon=2,0.12802821099978842,-0.009910963833768808,1,spheroid,0.21119899611221626,,,,5.577365446191168,
16.268822971404113,20.0,5.422940990468038,5.4772255750517695,3.651483716701035,False,three_rg,25,0.05,epsilon=2,-0.18655885142979436,-0.009910963833768808,1,spheroid,0.0012849995982833207,,,,,
17.227264936658045,20.0,5.445204247066881,5.4772255750517695,3.651483716701035,False,shannon,25,0.05,epsilon=2,-0.13863675316709773,-0.005846267886198165,2,spheroid,18.601645999297034,True,21,4,,0.08031676264424092
18.502067992525014,20.0,5.445204247066881,5.4772255750517695,3.651483716701035,False,shannon_ex,25,0.05,epsilon=2,-0.07489660037374932,-0.005846267886198165,2,spheroid,20.459555002162233,True,23,1,,0.010954451150105626
22.555866414991655,20.0,5.445204247066881,5.4772255750517695,3.651483716701035,False,dnn,25,0.05,epsilon=2,0.12779332074958277,-0.005846267886198165,2,spheroid,0.259323998761829,,,,5.577053434867739,
16.33561274120064,20.0,5.445204247066881,5.4772255750517695,3.651483716701035,False,three_rg,25,0.05,epsilon=2,-0.18321936293996793,-0.005846267886198165,2,spheroid,0.0013230019249022007,,,,,
17.774217096619736,20.0,5.394299574087877,5.4772255750517695,3.651483716701035,False,shannon,25,0.1,epsilon=2,-0.11128914516901318,-0.015140147110539404,0,spheroid,17.649405999691226,True,22,2,,0.07012589446314443
17.16014772663729,20.0,5.394299574087877,5.4772255750517695,3.651483716701035,False,shannon_ex,25,0.1,epsilon=2,-0.14199261366813545,-0.015140147110539404,0,spheroid,17.660400000750087,False,21,0,,1.3419202658877216
22.52652837732209,20.0,5.394299574087877,5.4772255750517695,3.651483716701035,False,dnn,25,0.1,epsilon=2,0.12632641886610455,-0.015140147110539404,0,spheroid,0.21636699966620654,,,,5.575054954072047,
16.18289872226363,20.0,5.394299574087877,5.4772255750517695,3.651483716701035,False,three_rg,25,0.1,epsilon=2,-0.1908550638868185,-0.015140147110539404,0,spheroid,0.001348002115264535,,,,,
16.61685562671125,20.0,5.418392639345047,5.4772255750517695,3.651483716701035,False,shannon,25,0.1,epsilon=2,-0.16915721866443753,-0.010741375336940815,1,spheroid,18.604377000883687,True,21,4,,0.014900579758197807
17.269692238138333,20.0,5.418392639345047,5.4772255750517695,3.651483716701035,False,shannon_ex,25,0.1,epsilon=2,-0.13651538809308333,-0.010741375336940815,1,spheroid,17.025727000145707,False,21,0,,0.45460972272931066
22.563444706052923,20.0,5.418392639345047,5.4772255750517695,3.651483716701035,False,dnn,25,0.1,epsilon=2,0.12817223530264615,-0.010741375336940815,1,spheroid,0.20418200438143685,,,,5.577590962105324,
16.25517791803514,20.0,5.418392639345047,5.4772255750517695,3.651483716701035,False,three_rg,25,0.1,epsilon=2,-0.18724110409824296,-0.010741375336940815,1,spheroid,0.0011000010999850929,,,,,
17.499830038838333,20.0,5.44996264056014,5.4772255750517695,3.651483716701035,False,shannon,25,0.1,epsilon=2,-0.12500849805808337,-0.004977508068283572,2,spheroid,17.14090699533699,True,22,2,,0.005449962640559747
18.91833713622896,20.0,5.44996264056014,5.4772255750517695,3.651483716701035,False,shannon_ex,25,0.1,epsilon=2,-0.05408314318855201,-0.004977508068283572,2,spheroid,17.353681003442034,True,24,1,,0.032863353450313326
22.55404969955505,20.0,5.44996264056014,5.4772255750517695,3.651483716701035,False,dnn,25,0.1,epsilon=2,0.12770248497775255,-0.004977508068283572,2,spheroid,0.21042900334578007,,,,5.5769668967504735,
16.34988792168042,20.0,5.44996264056014,5.4772255750517695,3.651483716701035,False,three_rg,25,0.1,epsilon=2,-0.182505603915979,-0.004977508068283572,2,spheroid,0.0012119999155402184,,,,,
16.33370100975474,20.0,5.313500653791383,5.4772255750517695,3.651483716701035,False,shannon,25,0.2,epsilon=2,-0.18331494951226296,-0.029891944200023002,0,spheroid,19.048592002945952,False,20,0,,0.59511207322464
18.909573575308876,20.0,5.313500653791383,5.4772255750517695,3.651483716701035,False,shannon_ex,25,0.2,epsilon=2,-0.0545213212345562,-0.029891944200023002,0,spheroid,17.83370900375303,True,24,5,,0.004381780460041895
22.495311977307225,20.0,5.313500653791383,5.4772255750517695,3.651483716701035,False,dnn,25,0.2,epsilon=2,0.12476559886536123,-0.029891944200023002,0,spheroid,0.21350000315578654,,,,5.572968268156915,
15.94050196137415,20.0,5.313500653791383,5.4772255750517695,3.651483716701035,False,three_rg,25,0.2,epsilon=2,-0.20297490193129253,-0.029891944200023002,0,spheroid,0.0013929966371506453,,,,,
16.61250483076186,20.0,5.413002551567927,5.4772255750517695,3.651483716701035,False,shannon,25,0.2,epsilon=2,-0.16937475846190697,-0.011725466224427966,1,spheroid,18.7445729970932,True,21,2,,0.010826005103137248
18.025549367495497,20.0,5.413002551567927,5.4772255750517695,3.651483716701035,False,shannon_ex,25,0.2,epsilon=2,-0.09872253162522515,-0.011725466224427966,1,spheroid,17.372464993968606,False,22,0,,0.2683840531775452
22.56920394480926,20.0,5.413002551567927,5.4772255750517695,3.651483716701035,False,dnn,25,0.2,epsilon=2,0.128460197240463,-0.011725466224427966,1,spheroid,0.20339600450824946,,,,5.578042168191059,
16.23900765470378,20.0,5.413002551567927,5.4772255750517695,3.651483716701035,False,three_rg,25,0.2,epsilon=2,-0.188049617264811,-0.011725466224427966,1,spheroid,0.0013890021364204586,,,,,
17.979621545977167,20.0,5.4549822651630215,5.4772255750517695,3.651483716701035,False,shannon,25,0.2,epsilon=2,-0.10101892270114163,-0.004061054193214923,2,spheroid,18.88210600009188,True,22,2,,0.07636975171227967
18.682816436501724,20.0,5.4549822651630215,5.4772255750517695,3.651483716701035,False,shannon_ex,25,0.2,epsilon=2,-0.06585917817491378,-0.004061054193214923,2,spheroid,18.421067004965153,False,23,0,,0.19170289512681826
22.550416348551654,20.0,5.4549822651630215,5.4772255750517695,3.651483716701035,False,dnn,25,0.2,epsilon=2,0.12752081742758267,-0.004061054193214923,2,spheroid,0.20392499573063105,,,,5.576793866673607,
16.364946795489065,20.0,5.4549822651630215,5.4772255750517695,3.651483716701035,False,three_rg,25,0.2,epsilon=2,-0.18175266022554676,-0.004061054193214923,2,spheroid,0.0011939991964027286,,,,,
28.08309931001071,30.0,8.207832620198902,8.215838362577927,3.651483716700914,False,shannon,38,0.0,epsilon=2,-0.0638966896663097,-0.0009744279312370424,0,spheroid,19.363330000487622,True,35,2,,0.012311748930299515
28.061195927384468,30.0,8.207832620198902,8.215838362577927,3.651483716700914,False,shannon_ex,38,0.0,epsilon=2,-0.06462680242051774,-0.0009744279312370424,0,spheroid,19.565834001696203,True,35,4,,0.04107919181288544
32.850101767312616,30.0,8.207832620198902,8.215838362577927,3.651483716700914,False,dnn,38,0.0,epsilon=2,0.09500339224375386,-0.0009744279312370424,0,spheroid,0.2999640055350028,,,,8.4891675423529,
24.623497860596707,30.0,8.207832620198902,8.215838362577927,3.651483716700914,False,three_rg,38,0.0,epsilon=2,-0.17921673798010976,-0.0009744279312370424,0,spheroid,0.0016369958757422864,,,,,
27.90456195961291,30.0,8.208431228007978,8.215838362577927,3.651483716700914,False,shannon,38,0.02,epsilon=2,-0.06984793467956969,-0.0009015677089860012,0,spheroid,17.578546998265665,True,35,2,,0.0697716654380649
28.05914196779382,30.0,8.208431228007978,8.215838362577927,3.651483716700914,False,shannon_ex,38,0.02,epsilon=2,-0.06469526774020598,-0.0009015677089860012,0,spheroid,17.602448002435267,True,35,4,,0.03902523222224197
32.849910033243006,30.0,8.208431228007978,8.215838362577927,3.651483716700914,False,dnn,38,0.02,epsilon=2,0.0949970011081002,-0.0009015677089860012,0,spheroid,0.24219600163633004,,,,8.489078156147073,
24.625293684023934,30.0,8.208431228007978,8.215838362577927,3.651483716700914,False,three_rg,38,0.02,epsilon=2,-0.1791568771992022,-0.0009015677089860012,0,spheroid,0.0015449986676685512,,,,,
26.020170002167,30.0,8.164471290293836,8.215838362577927,3.651483716700914,False,shannon,38,0.02,epsilon=2,-0.1326609999277667,-0.006252200933998528,1,spheroid,19.994604001112748,True,33,3,,0.0027214904300993936
28.061195927384468,30.0,8.164471290293836,8.215838362577927,3.651483716700914,False,shannon_ex,38,0.02,epsilon=2,-0.06462680242051774,-0.006252200933998528,1,spheroid,19.521756999893114,True,35,4,,0.04107919181288544
32.85080232604966,30.0,8.164471290293836,8.215838362577927,3.651483716700914,False,dnn,38,0.02,epsilon=2,0.09502674420165533,-0.006252200933998528,1,spheroid,0.31113500153878704,,,,8.489267995769882,
24.493413870881508,30.0,8.164471290293836,8.215838362577927,3.651483716700914,False,three_rg,38,0.02,epsilon=2,-0.1835528709706164,-0.006252200933998528,1,spheroid,0.001915999746415764,,,,,
27.13879845160372,30.0,8.194081658092813,8.215838362577927,3.651483716700914,False,shannon,38,0.02,epsilon=2,-0.0953733849465427,-0.0026481417385488793,2,spheroid,19.543825997971,True,34,2,,0.00819408165809321
28.061195927384468,30.0,8.194081658092813,8.215838362577927,3.651483716700914,False,shannon_ex,38,0.02,epsilon=2,-0.06462680242051774,-0.0026481417385488793,2,spheroid,18.605205994390417,True,35,4,,0.04107919181288544
32.85000284713975,30.0,8.194081658092813,8.215838362577927,3.651483716700914,False,dnn,38,0.02,epsilon=2,0.09500009490465829,-0.0026481417385488793,2,spheroid,0.20057799702044576,,,,8.489155587439438,
24.58224497427844,30.0,8.194081658092813,8.215838362577927,3.651483716700914,False,three_rg,38,0.02,epsilon=2,-0.18059183419071873,-0.0026481417385488793,2,spheroid,0.001444001100026071,,,,,
28.0513218166564,30.0,8.212226071976426,8.215838362577927,3.651483716700914,False,shannon,38,0.05,epsilon=2,-0.06495593944478664,-0.00043967401037903843,0,spheroid,19.024469998839777,True,35,5,,0.04106113035987846
28.05215850518563,30.0,8.212226071976426,8.215838362577927,3.651483716700914,False,shannon_ex,38,0.05,epsilon=2,-0.06492804982714565,-0.00043967401037903843,0,spheroid,18.498666999221314,True,35,5,,0.04600869483043368
32.84962228180201,30.0,8.212226071976426,8.215838362577927,3.651483716700914,False,dnn,38,0.05,epsilon=2,0.09498740939340043,-0.00043967401037903843,0,spheroid,0.24909700005082414,,,,8.48894408737389,
24.63667821592928,30.0,8.212226071976426,8.215838362577927,3.651483716700914,False,three_rg,38,0.05,epsilon=2,-0.17877739280235735,-0.00043967401037903843,0,spheroid,0.0011279989848844707,,,,,
25.63948359906447,30.0,8.17976825620174,8.215838362577927,3.651483716700914,False,shannon,38,0.05,epsilon=2,-0.14535054669785102,-0.004390313536410503,1,spheroid,19.13113900081953,True,32,4,,0.11860663971492613
28.061195927384468,30.0,8.17976825620174,8.215838362577927,3.651483716700914,False,shannon_ex,38,0.05,epsilon=2,-0.06462680242051774,-0.004390313536410503,1,spheroid,18.78147399838781,True,35,4,,0.04107919181288544
32.85185330465644,30.0,8.17976825620174,8.215838362577927,3.651483716700914,False,dnn,38,0.05,epsilon=2,0.09506177682188124,-0.004390313536410503,1,spheroid,0.2265939983772114,,,,8.489418701084281,
24.53930476860522,30.0,8.17976825620174,8.215838362577927,3.651483716700914,False,three_rg,38,0.05,epsilon=2,-0.182023174379826,-0.004390313536410503,1,spheroid,0.001619999238755554,,,,,
25.443752153964233,30.0,8.157663403002275,8.215838362577927,3.651483716700914,False,shannon,38,0.05,epsilon=2,-0.15187492820119222,-0.0070808305870075725,2,spheroid,19.093681003141683,True,32,1,,0.008157663403002502
28.025867822425383,30.0,8.157663403002275,8.215838362577927,3.651483716700914,False,shannon_ex,38,0.05,epsilon=2,-0.0658044059191539,-0.0070808305870075725,2,spheroid,19.18358499824535,True,35,5,,0.016431676725154887
32.84985446701991,30.0,8.157663403002275,8.215838362577927,3.651483716700914,False,dnn,38,0.05,epsilon=2,0.09499514890066366,-0.0070808305870075725,2,spheroid,0.26212100056000054,,,,8.489137655379734,
24.472990209006824,30.0,8.157663403002275,8.215838362577927,3.651483716700914,False,three_rg,38,0.05,epsilon=2,-0.18423365969977254,-0.0070808305870075725,2,spheroid,0.001424996298737824,,,,,
25.396402893365295,30.0,8.16079784491164,8.215838362577927,3.651483716700914,False,shannon,38,0.1,epsilon=2,-0.1534532368878235,-0.006699318467241163,0,spheroid,20.346748002339154,True,32,2,,0.016321595689824164
28.05215850518563,30.0,8.16079784491164,8.215838362577927,3.651483716700914,False,shannon_ex,38,0.1,epsilon=2,-0.06492804982714565,-0.006699318467241163,0,spheroid,18.715785998210777,True,35,5,,0.04600869483043368
32.84914229561608,30.0,8.16079784491164,8.215838362577927,3.651483716700914,False,dnn,38,0.1,epsilon=2,0.09497140985386944,-0.006699318467241163,0,spheroid,0.20181999570922926,,,,8.488720667598898,
24.482393534734918,30.0,8.16079784491164,8.215838362577927,3.651483716700914,False,three_rg,38,0.1,epsilon=2,-0.18392021550883608,-0.006699318467241163,0,spheroid,0.0012899981811642647,,,,,
26.689901800232903,30.0,8.179559240034786,8.215838362577927,3.651483716700914,False,shannon,38,0.1,epsilon=2,-0.11033660665890324,-0.004415754174082484,1,spheroid,17.248096999537665,True,33,2,,0.008179559240033996
28.061195927384468,30.0,8.179559240034786,8.215838362577927,3.651483716700914,False,shannon_ex,38,0.1,epsilon=2,-0.06462680242051774,-0.004415754174082484,1,spheroid,17.45754600415239,True,35,4,,0.04107919181288544
32.853605310683314,30.0,8.179559240034786,8.215838362577927,3.651483716700914,False,dnn,38,0.1,epsilon=2,0.09512017702277713,-0.004415754174082484,1,spheroid,0.23545699514215812,,,,8.48966994383399,
24.53867772010436,30.0,8.179559240034786,8.215838362577927,3.651483716700914,False,three_rg,38,0.1,epsilon=2,-0.18204407599652134,-0.004415754174082484,1,spheroid,0.0015810001059435308,,,,,
25.444885270836853,30.0,8.158026697927939,8.215838362577927,3.651483716700914,False,shannon,38,0.1,epsilon=2,-0.15183715763877156,-0.007036611736826779,2,spheroid,19.32864200352924,True,32,1,,0.008158026697927312
28.063249886975115,30.0,8.158026697927939,8.215838362577927,3.651483716700914,False,shannon_ex,38,0.1,epsilon=2,-0.06455833710082952,-0.007036611736826779,2,spheroid,19.874766003340483,True,35,4,,0.043133151403532466
32.8496071671922,30.0,8.158026697927939,8.215838362577927,3.651483716700914,False,dnn,38,0.1,epsilon=2,0.09498690557307322,-0.007036611736826779,2,spheroid,0.20030800078529865,,,,8.489107769441521,
24.47408009378382,30.0,8.158026697927939,8.215838362577927,3.651483716700914,False,three_rg,38,0.1,epsilon=2,-0.18419733020720605,-0.007036611736826779,2,spheroid,0.0012079981388524175,,,,,
22.27364854988058,30.0,8.000592151537562,8.215838362577927,3.651483716700914,False,shannon,38,0.2,epsilon=2,-0.257545048337314,-0.02619893448984863,0,spheroid,18.25107300101081,False,28,0,,2.2561669867336
28.06324988697511,30.0,8.000592151537562,8.215838362577927,3.651483716700914,False,shannon_ex,38,0.2,epsilon=2,-0.06455833710082963,-0.02619893448984863,0,spheroid,18.59226400119951,True,35,4,,0.026701474678379356
32.848180824575735,30.0,8.000592151537562,8.215838362577927,3.651483716700914,False,dnn,38,0.2,epsilon=2,0.09493936081919116,-0.02619893448984863,0,spheroid,0.2657730001374148,,,,8.488273934302441,
24.00177645461269,30.0,8.000592151537562,8.215838362577927,3.651483716700914,False,three_rg,38,0.2,epsilon=2,-0.19994078484624372,-0.02619893448984863,0,spheroid,0.0014990000636316836,,,,,
26.242500276051828,30.0,8.16887168126112,8.215838362577927,3.651483716700914,False,shannon,38,0.2,epsilon=2,-0.1252499907982724,-0.005716602401860038,1,spheroid,18.125814996892586,True,33,2,,0.004084435840631784
28.061195927384468,30.0,8.16887168126112,8.215838362577927,3.651483716700914,False,shannon_ex,38,0.2,epsilon=2,-0.06462680242051774,-0.005716602401860038,1,spheroid,17.657379001320805,True,35,4,,0.04107919181288544
32.85711073138028,30.0,8.16887168126112,8.215838362577927,3.651483716700914,False,dnn,38,0.2,epsilon=2,0.09523702437934271,-0.005716602401860038,1,spheroid,0.28189200384076685,,,,8.49017268180316,
24.50661504378336,30.0,8.16887168126112,8.215838362577927,3.651483716700914,False,three_rg,38,0.2,epsilon=2,-0.18311283187388802,-0.005716602401860038,1,spheroid,0.0016999983927235007,,,,,
25.427515794310587,30.0,8.152457773103732,8.215838362577927,3.651483716700914,False,shannon,38,0.2,epsilon=2,-0.1524161401896471,-0.0077144396806641995,2,spheroid,17.445600999053568,True,32,3,,0.008152457773103805
28.10022115960671,30.0,8.152457773103732,8.215838362577927,3.651483716700914,False,shannon_ex,38,0.2,epsilon=2,-0.06332596134644296,-0.0077144396806641995,2,spheroid,17.61719299975084,True,35,4,,0.006161878771935747
32.84911256893271,30.0,8.152457773103732,8.215838362577927,3.651483716700914,False,dnn,38,0.2,epsilon=2,0.09497041896442368,-0.0077144396806641995,2,spheroid,0.2275829974678345,,,,8.489048000669731,
24.457373319311195,30.0,8.152457773103732,8.215838362577927,3.651483716700914,False,three_rg,38,0.2,epsilon=2,-0.18475422268962685,-0.0077144396806641995,2,spheroid,0.0013710014172829688,,,,,
3.8820405551363333,4.0,1.3417190858766057,1.3416407864966493,2.981423970006885,True,shannon,5,0.0,epsilon=0.5,-0.02948986121591668,5.836091205967457e-05,0,spheroid,17.302770000242162,True,4,3,,0.00894479390584424
3.7968434257854904,4.0,1.3417190858766057,1.3416407864966493,2.981423970006885,True,shannon_ex,5,0.0,epsilon=0.5,-0.0507891435536274,5.836091205967457e-05,0,spheroid,16.53160800196929,True,4,6,,0.0013416407864965674
4.6718333260638465,4.0,1.3417190858766057,1.3416407864966493,2.981423970006885,True,dnn,5,0.0,epsilon=0.5,0.16795833151596162,5.836091205967457e-05,0,spheroid,0.3161049971822649,,,,1.2888346974954108,
4.025157257629817,4.0,1.3417190858766057,1.3416407864966493,2.981423970006885,True,three_rg,5,0.0,epsilon=0.5,0.006289314407454283,5.836091205967457e-05,0,spheroid,0.0013230019249022007,,,,,
3.8908652127628316,4.0,1.3568841195336758,1.3416407864966493,2.981423970006885,True,shannon,5,0.02,epsilon=0.5,-0.0272836968092921,0.011361709624847179,0,spheroid,16.961376000836026,True,4,6,,0.015604167374637434
3.9202743781431746,4.0,1.3568841195336758,1.3416407864966493,2.981423970006885,True,shannon_ex,5,0.02,epsilon=0.5,-0.019931405464206353,0.011361709624847179,0,spheroid,17.103298006986734,True,4,2,,0.02012461179744829
4.6830151549651164,4.0,1.3568841195336758,1.3416407864966493,2.981423970006885,True,dnn,5,0.02,epsilon=0.5,0.1707537887412791,0.011361709624847179,0,spheroid,0.21442199795274064,,,,1.289893958641758,
4.070652358601027,4.0,1.3568841195336758,1.3416407864966493,2.981423970006885,True,three_rg,5,0.02,epsilon=0.5,0.017663089650256758,0.011361709624847179,0,spheroid,0.0012429954949766397,,,,,
3.8680722425779743,4.0,1.358290665465008,1.3416407864966493,2.981423970006885,True,shannon,5,0.02,epsilon=0.5,-0.03298193935550642,0.012410087063494517,1,spheroid,16.578645001573022,True,4,4,,0.020713932648341205
3.7355751632021477,4.0,1.358290665465008,1.3416407864966493,2.981423970006885,True,shannon_ex,5,0.02,epsilon=0.5,-0.06610620919946308,0.012410087063494517,1,spheroid,19.655335003335495,True,4,3,,0.0031304951684918425
4.673126991247154,4.0,1.358290665465008,1.3416407864966493,2.981423970006885,True,dnn,5,0.02,epsilon=0.5,0.1682817478117884,0.012410087063494517,1,spheroid,0.20229000074323267,,,,1.289156978511144,
4.074871996395024,4.0,1.358290665465008,1.3416407864966493,2.981423970006885,True,three_rg,5,0.02,epsilon=0.5,0.018717999098756044,0.012410087063494517,1,spheroid,0.0014659963198937476,,,,,
3.8871495507815474,4.0,1.3575293534894117,1.3416407864966493,2.981423970006885,True,shannon,5,0.02,epsilon=0.5,-0.02821261230461314,0.011842638620320523,2,spheroid,19.789535996096674,True,4,5,,0.017647881595361126
4.12554541847715,4.0,1.3575293534894117,1.3416407864966493,2.981423970006885,True,shannon_ex,5,0.02,epsilon=0.5,0.031386354619287404,0.011842638620320523,2,spheroid,18.65607500076294,False,5,0,,0.46286607134131597
4.67494809507203,4.0,1.3575293534894117,1.3416407864966493,2.981423970006885,True,dnn,5,0.02,epsilon=0.5,0.16873702376800748,0.011842638620320523,2,spheroid,0.2167229977203533,,,,1.2893160059455118,
4.072588060468235,4.0,1.3575293534894117,1.3416407864966493,2.981423970006885,True,three_rg,5,0.02,epsilon=0.5,0.01814701511705885,0.011842638620320523,2,spheroid,0.0014710021787323058,,,,,
3.866708563832636,4.0,1.3557884164910936,1.3416407864966493,2.981423970006885,True,shannon,5,0.05,epsilon=0.5,-0.03332285904184096,0.010545020796056152,0,spheroid,16.682253997714724,True,4,2,,0.023048403080350166
4.065618796680303,4.0,1.3557884164910936,1.3416407864966493,2.981423970006885,True,shannon_ex,5,0.05,epsilon=0.5,0.0164046991700757,0.010545020796056152,0,spheroid,16.502508005942218,True,5,3,,0.00491934955048734
4.698987177944224,4.0,1.3557884164910936,1.3416407864966493,2.981423970006885,True,dnn,5,0.05,epsilon=0.5,0.1747467944860559,0.010545020796056152,0,spheroid,0.20358999609015882,,,,1.2916384320607457,
4.067365249473281,4.0,1.3557884164910936,1.3416407864966493,2.981423970006885,True,three_rg,5,0.05,epsilon=0.5,0.016841312368320205,0.010545020796056152,0,spheroid,0.0013419994502328336,,,,,
3.8691559131923823,4.0,1.3613003476796208,1.3416407864966493,2.981423970006885,True,shannon,5,0.05,epsilon=0.5,-0.03271102170190443,0.014653371737682051,1,spheroid,17.98540299932938,True,4,4,,0.013953328563715228
4.085296194882252,4.0,1.3613003476796208,1.3416407864966493,2.981423970006885,True,shannon_ex,5,0.05,epsilon=0.5,0.021324048720563038,0.014653371737682051,1,spheroid,17.575126999872737,False,5,0,,0.17038837988506428
4.67481361581849,4.0,1.3613003476796208,1.3416407864966493,2.981423970006885,True,dnn,5,0.05,epsilon=0.5,0.16870340395462247,0.014653371737682051,1,spheroid,0.20451599993975833,,,,1.2897059604613184,
4.083901043038862,4.0,1.3613003476796208,1.3416407864966493,2.981423970006885,True,three_rg,5,0.05,epsilon=0.5,0.020975260759715564,0.014653371737682051,1,spheroid,0.0015170007827691734,,,,,
3.8263773849814813,4.0,1.3549494989311204,1.3416407864966493,2.981423970006885,True,shannon,5,0.05,epsilon=0.5,-0.04340565375462968,0.009919728565515184,2,spheroid,18.393311998806894,False,4,0,,0.08942666692945345
4.201348122914205,4.0,1.3549494989311204,1.3416407864966493,2.981423970006885,True,shannon_ex,5,0.05,epsilon=0.5,0.050337030728551335,0.009919728565515184,2,spheroid,17.452523003157694,True,5,2,,0.03421184005566236
4.678599024746175,4.0,1.3549494989311204,1.3416407864966493,2.981423970006885,True,dnn,5,0.05,epsilon=0.5,0.16964975618654377,0.009919728565515184,2,spheroid,0.2762459989753552,,,,1.2903235800883337,
4.064848496793362,4.0,1.3549494989311204,1.3416407864966493,2.981423970006885,True,three_rg,5,0.05,epsilon=0.5,0.016212124198340394,0.009919728565515184,2,spheroid,0.002072003553621471,,,,,
4.1037150665543445,4.0,1.3558529955576213,1.3416407864966493,2.981423970006885,True,shannon,5,0.1,epsilon=0.5,0.02592876663858612,0.010593155190282727,0,spheroid,16.673414000251796,True,5,3,,0.021693647928920257
4.00412692729921,4.0,1.3558529955576213,1.3416407864966493,2.981423970006885,True,shannon_ex,5,0.1,epsilon=0.5,0.0010317318248025398,0.010593155190282727,0,spheroid,16.36674600013066,True,5,2,,0.03287019926916579
4.724253497144071,4.0,1.3558529955576213,1.3416407864966493,2.981423970006885,True,dnn,5,0.1,epsilon=0.5,0.1810633742860177,0.010593155190282727,0,spheroid,0.29622900183312595,,,,1.294667761079967,
4.067558986672864,4.0,1.3558529955576213,1.3416407864966493,2.981423970006885,True,three_rg,5,0.1,epsilon=0.5,0.016889746668216077,0.010593155190282727,0,spheroid,0.002245993528049439,,,,,
4.025441723533833,4.0,1.360866032296761,1.3416407864966493,2.981423970006885,True,shannon,5,0.1,epsilon=0.5,0.006360430883458168,0.014329652164431765,1,spheroid,18.336385997827165,False,5,0,,0.17419085213398922
3.865267105896815,4.0,1.360866032296761,1.3416407864966493,2.981423970006885,True,shannon_ex,5,0.1,epsilon=0.5,-0.033683223525796224,0.014329652164431765,1,spheroid,16.660715999023523,True,4,1,,0.017441330224455376
4.677562217786923,4.0,1.360866032296761,1.3416407864966493,2.981423970006885,True,dnn,5,0.1,epsilon=0.5,0.16939055444673068,0.014329652164431765,1,spheroid,0.21473399829119444,,,,1.2906201203124916,
4.082598096890283,4.0,1.360866032296761,1.3416407864966493,2.981423970006885,True,three_rg,5,0.1,epsilon=0.5,0.020649524222570825,0.014329652164431765,1,spheroid,0.0014179968275129795,,,,,
3.690984700534582,4.0,1.3604809069423491,1.3416407864966493,2.981423970006885,True,shannon,5,0.1,epsilon=0.5,-0.07725382486635446,0.014042596673656565,2,spheroid,16.380275999836158,False,4,0,,0.15917626611224867
3.7378112311796414,4.0,1.3604809069423491,1.3416407864966493,2.981423970006885,True,shannon_ex,5,0.1,epsilon=0.5,-0.06554719220508964,0.014042596673656565,2,spheroid,16.42992699635215,False,4,0,,0.0617154761788421
4.684695811812171,4.0,1.3604809069423491,1.3416407864966493,2.981423970006885,True,dnn,5,0.1,epsilon=0.5,0.17117395295304272,0.014042596673656565,2,spheroid,0.2510069971322082,,,,1.2919817710475958,
4.081442720827047,4.0,1.3604809069423491,1.3416407864966493,2.981423970006885,True,three_rg,5,0.1,epsilon=0.5,0.02036068020676174,0.014042596673656565,2,spheroid,0.0013789976947009563,,,,,
4.1086017312193475,4.0,1.3558846713812018,1.3416407864966493,2.981423970006885,True,shannon,5,0.2,epsilon=0.5,0.027150432804836866,0.010616764955205915,0,spheroid,20.500508006080054,True,5,5,,0.019253562333614305
3.8394405207567566,4.0,1.3558846713812018,1.3416407864966493,2.981423970006885,True,shannon_ex,5,0.2,epsilon=0.5,-0.04013986981081086,0.010616764955205915,0,spheroid,16.472044997499324,True,4,4,,0.007714434522355207
4.772594612524147,4.0,1.3558846713812018,1.3416407864966493,2.981423970006885,True,dnn,5,0.2,epsilon=0.5,0.19314865313103668,0.010616764955205915,0,spheroid,0.19913099822588265,,,,1.3004751565043857,
4.0676540141436055,4.0,1.3558846713812018,1.3416407864966493,2.981423970006885,True,three_rg,5,0.2,epsilon=0.5,0.016913503535901375,0.010616764955205915,0,spheroid,0.0014760007616132498,,,,,
4.576118426134093,4.0,1.3643763941962233,1.3416407864966493,2.981423970006885,True,shannon,5,0.2,epsilon=0.5,0.14402960653352315,0.016946121442045714,1,spheroid,17.604529995878693,True,5,1,,0.024558775095531615
3.8639254651103188,4.0,1.3643763941962233,1.3416407864966493,2.981423970006885,True,shannon_ex,5,0.2,epsilon=0.5,-0.03401863372242031,0.016946121442045714,1,spheroid,17.641008002101444,False,4,0,,0.21734580741244391
4.682820952845759,4.0,1.3643763941962233,1.3416407864966493,2.981423970006885,True,dnn,5,0.2,epsilon=0.5,0.1707052382114398,0.016946121442045714,1,spheroid,0.21543500042753294,,,,1.2924456544628904,
4.09312918258867,4.0,1.3643763941962233,1.3416407864966493,2.981423970006885,True,three_rg,5,0.2,epsilon=0.5,0.02328229564716744,0.016946121442045714,1,spheroid,0.0014300021575763822,,,,,
3.7023827576568955,4.0,1.3507416116953266,1.3416407864966493,2.981423970006885,True,shannon,5,0.2,epsilon=0.5,-0.07440431058577612,0.0067833545985447755,2,spheroid,19.169425999280065,False,4,0,,0.06618633897307213
3.6506045800573643,4.0,1.3507416116953266,1.3416407864966493,2.981423970006885,True,shannon_ex,5,0.2,epsilon=0.5,-0.08734885498565892,0.0067833545985447755,2,spheroid,18.54353900125716,True,4,1,,0.009391485505475972
4.696939101602823,4.0,1.3507416116953266,1.3416407864966493,2.981423970006885,True,dnn,5,0.2,epsilon=0.5,0.17423477540070564,0.0067833545985447755,2,spheroid,0.2241100009996444,,,,1.2952213546225226,
4.05222483508598,4.0,1.3507416116953266,1.3416407864966493,2.981423970006885,True,three_rg,5,0.2,epsilon=0.5,0.013056208771494937,0.0067833545985447755,2,spheroid,0.001486005203332752,,,,,
5.752369187386863,6.0,2.0127253979660398,2.0124611797445415,2.981423970007526,True,shannon,7,0.0,epsilon=0.5,-0.04127180210218947,0.00013129108981460518,0,spheroid,16.85074099805206,True,7,1,,0.0
6.784006636919022,6.0,2.0127253979660398,2.0124611797445415,2.981423970007526,True,shannon_ex,7,0.0,epsilon=0.5,0.13066777281983702,0.00013129108981460518,0,spheroid,16.483501000038814,True,8,1,,0.05836137421259746
6.3468744075298,6.0,2.0127253979660398,2.0124611797445415,2.981423970007526,True,dnn,7,0.0,epsilon=0.5,0.05781240125496664,0.00013129108981460518,0,spheroid,0.20030199812026694,,,,1.9789785388343009,
6.038176193898119,6.0,2.0127253979660398,2.0124611797445415,2.981423970007526,True,three_rg,7,0.0,epsilon=0.5,0.006362698983019814,0.00013129108981460518,0,spheroid,0.0014420002116821706,,,,,
6.838675303134895,6.0,2.035320030694856,2.0124611797445415,2.981423970007526,True,shannon,7,0.02,epsilon=0.5,0.1397792171891492,0.011358654358349483,0,spheroid,17.878799000754952,True,8,4,,0.011194260168822634
6.033358616874234,6.0,2.035320030694856,2.0124611797445415,2.981423970007526,True,shannon_ex,7,0.02,epsilon=0.5,0.005559769479039023,0.011358654358349483,0,spheroid,17.996944996411912,False,7,0,,0.13282243786315284
6.354639550244084,6.0,2.035320030694856,2.0124611797445415,2.981423970007526,True,dnn,7,0.02,epsilon=0.5,0.0591065917073473,0.011358654358349483,0,spheroid,0.23397099721478298,,,,1.9791455609813753,
6.105960092084568,6.0,2.035320030694856,2.0124611797445415,2.981423970007526,True,three_rg,7,0.02,epsilon=0.5,0.017660015347428004,0.011358654358349483,0,spheroid,0.0012599994079209864,,,,,
7.112044598459913,6.0,2.036667983522356,2.0124611797445415,2.981423970007526,True,shannon,7,0.02,epsilon=0.5,0.18534076640998545,0.01202845750340747,1,spheroid,17.359184996166732,True,9,1,,0.0
5.83211249889976,6.0,2.036667983522356,2.0124611797445415,2.981423970007526,True,shannon_ex,7,0.02,epsilon=0.5,-0.027981250183373312,0.01202845750340747,1,spheroid,17.071680005756207,True,7,1,,0.0
6.343355580632224,6.0,2.036667983522356,2.0124611797445415,2.981423970007526,True,dnn,7,0.02,epsilon=0.5,0.05722593010537066,0.01202845750340747,1,spheroid,0.22849100059829652,,,,1.9789322130768663,
6.110003950567068,6.0,2.036667983522356,2.0124611797445415,2.981423970007526,True,three_rg,7,0.02,epsilon=0.5,0.01833399176117793,0.01202845750340747,1,spheroid,0.001567997969686985,,,,,
6.904455116644266,6.0,2.034911617048103,2.0124611797445415,2.981423970007526,True,shannon,7,0.02,epsilon=0.5,0.15074251944071104,0.011155711985664868,2,spheroid,20.172887001535855,True,8,3,,0.002034911617047719
5.864311877775676,6.0,2.034911617048103,2.0124611797445415,2.981423970007526,True,shannon_ex,7,0.02,epsilon=0.5,-0.022614687037387338,0.011155711985664868,2,spheroid,20.01036900037434,False,7,0,,0.25357010864783724
6.346925282192326,6.0,2.034911617048103,2.0124611797445415,2.981423970007526,True,dnn,7,0.02,epsilon=0.5,0.057820880365387683,0.011155711985664868,2,spheroid,0.2300120031577535,,,,1.9791194681645945,
6.104734851144309,6.0,2.034911617048103,2.0124611797445415,2.981423970007526,True,three_rg,7,0.02,epsilon=0.5,0.01745580852405156,0.011155711985664868,2,spheroid,0.0015210025594569743,,,,,
6.6849150023821,6.0,2.0533588285975064,2.0124611797445415,2.981423970007526,True,shannon,7,0.05,epsilon=0.5,0.11415250039701667,0.02032220510119671,0,spheroid,18.059517002257053,True,8,5,,0.004928061188633759
5.700296291626479,6.0,2.0533588285975064,2.0124611797445415,2.981423970007526,True,shannon_ex,7,0.05,epsilon=0.5,-0.04995061806225346,0.02032220510119671,0,spheroid,18.78768599999603,True,7,2,,0.00100623058987237
6.366203598281082,6.0,2.0533588285975064,2.0124611797445415,2.981423970007526,True,dnn,7,0.05,epsilon=0.5,0.06103393304684701,0.02032220510119671,0,spheroid,0.230617995839566,,,,1.9794033991395252,
6.160076485792519,6.0,2.0533588285975064,2.0124611797445415,2.981423970007526,True,three_rg,7,0.05,epsilon=0.5,0.0266794142987532,0.02032220510119671,0,spheroid,0.0012600066838786006,,,,,
7.131331389168553,6.0,2.0375232540481583,2.0124611797445415,2.981423970007526,True,shannon,7,0.05,epsilon=0.5,0.18855523152809214,0.012453444844485432,1,spheroid,16.55951899738284,True,9,1,,0.0
5.834124960079505,6.0,2.0375232540481583,2.0124611797445415,2.981423970007526,True,shannon_ex,7,0.05,epsilon=0.5,-0.027645839986749188,0.012453444844485432,1,spheroid,16.427493006631266,True,7,1,,0.00201246117974474
6.338103416858366,6.0,2.0375232540481583,2.0124611797445415,2.981423970007526,True,dnn,7,0.05,epsilon=0.5,0.05635056947639431,0.012453444844485432,1,spheroid,0.3213579984731041,,,,1.9788625773724167,
6.112569762144474,6.0,2.0375232540481583,2.0124611797445415,2.981423970007526,True,three_rg,7,0.05,epsilon=0.5,0.018761627024079058,0.012453444844485432,1,spheroid,0.0019259969121776521,,,,,
6.960664467054981,6.0,2.036472927751622,2.0124611797445415,2.981423970007526,True,shannon,7,0.05,epsilon=0.5,0.1601107445091635,0.011931533511681709,2,spheroid,16.46087900007842,True,8,3,,0.02851062098852175
6.466037770519353,6.0,2.036472927751622,2.0124611797445415,2.981423970007526,True,shannon_ex,7,0.05,epsilon=0.5,0.07767296175322554,0.011931533511681709,2,spheroid,16.576370006077923,True,8,1,,0.05433645185310798
6.347002821503213,6.0,2.036472927751622,2.0124611797445415,2.981423970007526,True,dnn,7,0.05,epsilon=0.5,0.057833803583868804,0.011931533511681709,2,spheroid,0.22816899581812322,,,,1.9793308533302505,
6.109418783254866,6.0,2.036472927751622,2.0124611797445415,2.981423970007526,True,three_rg,7,0.05,epsilon=0.5,0.018236463875811015,0.011931533511681709,2,spheroid,0.0013789976947009563,,,,,
6.6279149893065465,6.0,2.0406142208455607,2.0124611797445415,2.981423970007526,True,shannon,7,0.1,epsilon=0.5,0.10465249821775775,0.013989358594530916,0,spheroid,20.433116995263845,False,8,0,,0.32649827533532516
5.650487877427797,6.0,2.0406142208455607,2.0124611797445415,2.981423970007526,True,shannon_ex,7,0.1,epsilon=0.5,-0.05825202042870048,0.013989358594530916,0,spheroid,19.676374999107793,True,7,4,,0.000503115294936407
6.385300752749998,6.0,2.0406142208455607,2.0124611797445415,2.981423970007526,True,dnn,7,0.1,epsilon=0.5,0.06421679212499971,0.013989358594530916,0,spheroid,0.2292299977852963,,,,1.9798509413878604,
6.121842662536682,6.0,2.0406142208455607,2.0124611797445415,2.981423970007526,True,three_rg,7,0.1,epsilon=0.5,0.0203071104227804,0.013989358594530916,0,spheroid,0.0013269964256323874,,,,,
7.071508950931943,6.0,2.0388781213643488,2.0124611797445415,2.981423970007526,True,shannon,7,0.1,epsilon=0.5,0.17858482515532378,0.01312668382659712,1,spheroid,20.761060004588217,True,9,3,,0.06184596968138267
6.771931869840554,6.0,2.0388781213643488,2.0124611797445415,2.981423970007526,True,shannon_ex,7,0.1,epsilon=0.5,0.12865531164009228,0.01312668382659712,1,spheroid,18.641589005710557,False,8,0,,0.23545795803013458
6.329503836922633,6.0,2.0388781213643488,2.0124611797445415,2.981423970007526,True,dnn,7,0.1,epsilon=0.5,0.054917306153772216,0.01312668382659712,1,spheroid,0.22993799939285964,,,,1.9787407822310175,
6.116634364093047,6.0,2.0388781213643488,2.0124611797445415,2.981423970007526,True,three_rg,7,0.1,epsilon=0.5,0.019439060682174453,0.01312668382659712,1,spheroid,0.0013410026440396905,,,,,
6.85409357601931,6.0,2.036474272363825,2.0124611797445415,2.981423970007526,True,shannon,7,0.1,epsilon=0.5,0.14234892933655172,0.011932201654857063,2,spheroid,16.555934998905286,True,8,3,,0.008824721846909966
5.803938042383334,6.0,2.036474272363825,2.0124611797445415,2.981423970007526,True,shannon_ex,7,0.1,epsilon=0.5,-0.03267699293611104,0.011932201654857063,2,spheroid,16.69039199623512,True,7,2,,0.0201246117974474
6.347469764712394,6.0,2.036474272363825,2.0124611797445415,2.981423970007526,True,dnn,7,0.1,epsilon=0.5,0.057911627452065684,0.011932201654857063,2,spheroid,0.22817900025984272,,,,1.9796598675489676,
6.109422817091475,6.0,2.036474272363825,2.0124611797445415,2.981423970007526,True,three_rg,7,0.1,epsilon=0.5,0.018237136181912472,0.011932201654857063,2,spheroid,0.0012400050763972104,,,,,
6.454088322266658,6.0,2.0719384662172526,2.0124611797445415,2.981423970007526,True,shannon,7,0.2,epsilon=0.5,0.07568138704444305,0.02955450126012421,0,spheroid,16.97278999927221,False,8,0,,0.5034810472907592
6.06555799575015,6.0,2.0719384662172526,2.0124611797445415,2.981423970007526,True,shannon_ex,7,0.2,epsilon=0.5,0.010926332625024996,0.02955450126012421,0,spheroid,16.577039001276717,True,7,3,,0.0
6.423070739999813,6.0,2.0719384662172526,2.0124611797445415,2.981423970007526,True,dnn,7,0.2,epsilon=0.5,0.07051178999996877,0.02955450126012421,0,spheroid,0.21581799956038594,,,,1.9808124364589503,
6.215815398651758,6.0,2.0719384662172526,2.0124611797445415,2.981423970007526,True,three_rg,7,0.2,epsilon=0.5,0.03596923310862632,0.02955450126012421,0,spheroid,0.001386004441883415,,,,,
7.094656496885001,6.0,2.041627768887789,2.0124611797445415,2.981423970007526,True,shannon,7,0.2,epsilon=0.5,0.18244274948083353,0.014492994665839917,1,spheroid,17.86448000348173,True,9,1,,0.05104069422219304
5.79387573648461,6.0,2.041627768887789,2.0124611797445415,2.981423970007526,True,shannon_ex,7,0.2,epsilon=0.5,-0.03435404391923166,0.014492994665839917,1,spheroid,20.869513995421585,False,7,0,,0.12276013196442914
6.31251283740321,6.0,2.041627768887789,2.0124611797445415,2.981423970007526,True,dnn,7,0.2,epsilon=0.5,0.05208547290053497,0.014492994665839917,1,spheroid,0.23292499827221036,,,,1.9785022559254295,
6.124883306663367,6.0,2.041627768887789,2.0124611797445415,2.981423970007526,True,three_rg,7,0.2,epsilon=0.5,0.020813884443894537,0.014492994665839917,1,spheroid,0.001248001353815198,,,,,
6.549597804036013,6.0,2.042281822274987,2.0124611797445415,2.981423970007526,True,shannon,7,0.2,epsilon=0.5,0.0915996340060022,0.014817996406882559,2,spheroid,18.34558400150854,False,8,0,,0.4676825373010143
5.438676338259663,6.0,2.042281822274987,2.0124611797445415,2.981423970007526,True,shannon_ex,7,0.2,epsilon=0.5,-0.0935539436233895,0.014817996406882559,2,spheroid,20.638765003241133,True,6,2,,0.02515576474680925
6.3486918692427485,6.0,2.042281822274987,2.0124611797445415,2.981423970007526,True,dnn,7,0.2,epsilon=0.5,0.05811531154045809,0.014817996406882559,2,spheroid,0.2743160002864897,,,,1.9803066207128694,
6.12684546682496,6.0,2.042281822274987,2.0124611797445415,2.981423970007526,True,three_rg,7,0.2,epsilon=0.5,0.02114091113749339,0.014817996406882559,2,spheroid,0.0020139996195212007,,,,,
7.691408569740181,8.0,2.6839077273803578,2.683281572993815,2.981423970006311,True,shannon,10,0.0,epsilon=0.5,-0.03857392878247734,0.00023335396212036667,0,spheroid,17.594500997802243,True,9,4,,0.02885200806933641
7.7157761631437936,8.0,2.6839077273803578,2.683281572993815,2.981423970006311,True,shannon_ex,10,0.0,epsilon=0.5,-0.035527979607025806,0.00023335396212036667,0,spheroid,20.973146994947456,True,9,4,,0.018782971010958605
7.855041710678706,8.0,2.6839077273803578,2.683281572993815,2.981423970006311,True,dnn,10,0.0,epsilon=0.5,-0.018119786165161744,0.00023335396212036667,0,spheroid,0.27490600041346624,,,,2.703215424163636,
8.051723182141073,8.0,2.6839077273803578,2.683281572993815,2.981423970006311,True,three_rg,10,0.0,epsilon=0.5,0.006465397767634107,0.00023335396212036667,0,spheroid,0.0018930004443973303,,,,,
9.441209516925127,8.0,2.7059929827816847,2.683281572993815,2.981423970006311,True,shannon,10,0.02,epsilon=0.5,0.18015118961564092,0.008464042691773784,0,spheroid,16.90852599858772,True,12,2,,0.03517790877615923
8.158964836283307,8.0,2.7059929827816847,2.683281572993815,2.981423970006311,True,shannon_ex,10,0.02,epsilon=0.5,0.01987060453541334,0.008464042691773784,0,spheroid,16.874078995897435,True,10,3,,0.05366563145988046
7.858993257841027,8.0,2.7059929827816847,2.683281572993815,2.981423970006311,True,dnn,10,0.02,epsilon=0.5,-0.01762584276987167,0.008464042691773784,0,spheroid,0.24063599994406104,,,,2.7038856679822003,
8.117978948345055,8.0,2.7059929827816847,2.683281572993815,2.981423970006311,True,three_rg,10,0.02,epsilon=0.5,0.014747368543131856,0.008464042691773784,0,spheroid,0.0014990000636316836,,,,,
9.240742524814149,8.0,2.7170663113243054,2.683281572993815,2.981423970006311,True,shannon,10,0.02,epsilon=0.5,0.15509281560176857,0.012590828584864362,1,spheroid,16.80578499508556,True,11,4,,0.02717066311324512
7.675526939548883,8.0,2.7170663113243054,2.683281572993815,2.981423970006311,True,shannon_ex,10,0.02,epsilon=0.5,-0.040559132556389654,0.012590828584864362,1,spheroid,16.711313000996597,True,9,2,,0.017441330224460927
7.85331484579585,8.0,2.7170663113243054,2.683281572993815,2.981423970006311,True,dnn,10,0.02,epsilon=0.5,-0.018335644275518703,0.012590828584864362,1,spheroid,0.22670500038657337,,,,2.7031450002713115,
8.151198933972916,8.0,2.7170663113243054,2.683281572993815,2.981423970006311,True,three_rg,10,0.02,epsilon=0.5,0.01889986674661448,0.012590828584864362,1,spheroid,0.0013980024959892035,,,,,
9.199832740517117,8.0,2.717823557021298,2.683281572993815,2.981423970006311,True,shannon,10,0.02,epsilon=0.5,0.1499790925646396,0.012873037393889114,2,spheroid,20.22129800025141,True,11,2,,0.002717823557021326
7.658085609324422,8.0,2.717823557021298,2.683281572993815,2.981423970006311,True,shannon_ex,10,0.02,epsilon=0.5,-0.04273929883444727,0.012873037393889114,2,spheroid,18.67314599803649,True,9,2,,0.034882660448921854
7.85540723912202,8.0,2.717823557021298,2.683281572993815,2.981423970006311,True,dnn,10,0.02,epsilon=0.5,-0.018074095109747446,0.012873037393889114,2,spheroid,0.24052200024016201,,,,2.703336979320782,
8.153470671063895,8.0,2.717823557021298,2.683281572993815,2.981423970006311,True,three_rg,10,0.02,epsilon=0.5,0.019183833882986834,0.012873037393889114,2,spheroid,0.0023089960450306535,,,,,
9.541610627723152,8.0,2.72633025536411,2.683281572993815,2.981423970006311,True,shannon,10,0.05,epsilon=0.5,0.192701328465394,0.016043296686998085,0,spheroid,18.735514000582043,True,12,5,,0.000545266051073412
7.59189799719057,8.0,2.72633025536411,2.683281572993815,2.981423970006311,True,shannon_ex,10,0.05,epsilon=0.5,-0.051012750351178804,0.016043296686998085,0,spheroid,16.654502003802918,True,9,3,,0.012521980673971811
7.864826503561937,8.0,2.72633025536411,2.683281572993815,2.981423970006311,True,dnn,10,0.05,epsilon=0.5,-0.016896687054757886,0.016043296686998085,0,spheroid,0.22927000100025907,,,,2.7048743341243373,
8.17899076609233,8.0,2.72633025536411,2.683281572993815,2.981423970006311,True,three_rg,10,0.05,epsilon=0.5,0.022373845761541222,0.016043296686998085,0,spheroid,0.0017140046111308038,,,,,
9.486508186989449,8.0,2.710430910568359,2.683281572993815,2.981423970006311,True,shannon,10,0.05,epsilon=0.5,0.18581352337368107,0.010117960726817298,1,spheroid,18.29909200023394,True,12,3,,0.0
8.099038214486441,8.0,2.710430910568359,2.683281572993815,2.981423970006311,True,shannon_ex,10,0.05,epsilon=0.5,0.012379776810805154,0.010117960726817298,1,spheroid,16.64064700162271,True,10,3,,0.015205262246966278
7.850723779396171,8.0,2.710430910568359,2.683281572993815,2.981423970006311,True,dnn,10,0.05,epsilon=0.5,-0.01865952757547862,0.010117960726817298,1,spheroid,0.22558199998456985,,,,2.7030390382935274,
8.131292731705077,8.0,2.710430910568359,2.683281572993815,2.981423970006311,True,three_rg,10,0.05,epsilon=0.5,0.016411591463134645,0.010117960726817298,1,spheroid,0.0013929966371506453,,,,,
9.086337147788472,8.0,2.7123394471010758,2.683281572993815,2.981423970006311,True,shannon,10,0.05,epsilon=0.5,0.13579214347355895,0.010829230297601593,2,spheroid,23.93011700041825,True,11,1,,0.0
7.6205196673025055,8.0,2.7123394471010758,2.683281572993815,2.981423970006311,True,shannon_ex,10,0.05,epsilon=0.5,-0.04743504158718681,0.010829230297601593,2,spheroid,16.995150996081065,True,9,2,,0.03488266044892274
7.8559547515127095,8.0,2.7123394471010758,2.683281572993815,2.981423970006311,True,dnn,10,0.05,epsilon=0.5,-0.018005656060911313,0.010829230297601593,2,spheroid,0.2381209997111,,,,2.7035191636711593,
8.137018341303227,8.0,2.7123394471010758,2.683281572993815,2.981423970006311,True,three_rg,10,0.05,epsilon=0.5,0.01712729266290336,0.010829230297601593,2,spheroid,0.0013899989426136017,,,,,
9.431044950137665,8.0,2.7281009401612804,2.683281572993815,2.981423970006311,True,shannon,10,0.1,epsilon=0.5,0.17888061876720807,0.01670319194919935,0,spheroid,18.00221700250404,True,12,1,,0.02455290846145175
7.550754346404661,8.0,2.7281009401612804,2.683281572993815,2.981423970006311,True,shannon_ex,10,0.1,epsilon=0.5,-0.056155706699417385,0.01670319194919935,0,spheroid,17.005240006255917,True,9,3,,0.007155417527983765
7.874309957848997,8.0,2.7281009401612804,2.683281572993815,2.981423970006311,True,dnn,10,0.1,epsilon=0.5,-0.0157112552688754,0.01670319194919935,0,spheroid,0.2239660025225021,,,,2.7064787773990058,
8.184302820483842,8.0,2.7281009401612804,2.683281572993815,2.981423970006311,True,three_rg,10,0.1,epsilon=0.5,0.023037852560480188,0.01670319194919935,0,spheroid,0.0017929996829479933,,,,,
9.385698926950361,8.0,2.7098885309515013,2.683281572993815,2.981423970006311,True,shannon,10,0.1,epsilon=0.5,0.17321236586879518,0.009915827777999474,1,spheroid,19.0054569975473,True,11,4,,0.04471316076069698
7.675526939548883,8.0,2.7098885309515013,2.683281572993815,2.981423970006311,True,shannon_ex,10,0.1,epsilon=0.5,-0.040559132556389654,0.009915827777999474,1,spheroid,19.287298004201148,True,9,2,,0.017441330224460927
7.846403267849326,8.0,2.7098885309515013,2.683281572993815,2.981423970006311,True,dnn,10,0.1,epsilon=0.5,-0.019199591518834214,0.009915827777999474,1,spheroid,0.19745700410567224,,,,2.702861562298919,
8.129665592854504,8.0,2.7098885309515013,2.683281572993815,2.981423970006311,True,three_rg,10,0.1,epsilon=0.5,0.016208199106813037,0.009915827777999474,1,spheroid,0.0012939999578520656,,,,,
9.22275892203358,8.0,2.711778571606476,2.683281572993815,2.981423970006311,True,shannon,10,0.1,epsilon=0.5,0.1528448652541976,0.010620204342128044,2,spheroid,18.336419001570903,False,11,0,,0.26304252144582296
7.5977117739320565,8.0,2.711778571606476,2.683281572993815,2.981423970006311,True,shannon_ex,10,0.1,epsilon=0.5,-0.05028602825849293,0.010620204342128044,2,spheroid,18.233432994748,True,9,2,,0.022807893370449417
7.85686520009887,8.0,2.711778571606476,2.683281572993815,2.981423970006311,True,dnn,10,0.1,epsilon=0.5,-0.017891849987641262,0.010620204342128044,2,spheroid,0.2272549972985871,,,,2.7038224094392262,
8.135335714819428,8.0,2.711778571606476,2.683281572993815,2.981423970006311,True,three_rg,10,0.1,epsilon=0.5,0.01691696435242851,0.010620204342128044,2,spheroid,0.0017639977158978581,,,,,
9.43745286726259,8.0,2.718160388036481,2.683281572993815,2.981423970006311,True,shannon,10,0.2,epsilon=0.5,0.17968160840782366,0.012998566901702552,0,spheroid,18.849052998120897,True,12,2,,0.013590801940182473
7.725167648649272,8.0,2.718160388036481,2.683281572993815,2.981423970006311,True,shannon_ex,10,0.2,epsilon=0.5,-0.034354043918841004,0.012998566901702552,0,spheroid,18.007944003329612,True,9,2,,0.013416407864970115
7.892464048280086,8.0,2.718160388036481,2.683281572993815,2.981423970006311,True,dnn,10,0.2,epsilon=0.5,-0.01344199396498924,0.012998566901702552,0,spheroid,0.23540000256616622,,,,2.7095332231850984,
8.154481164109443,8.0,2.718160388036481,2.683281572993815,2.981423970006311,True,three_rg,10,0.2,epsilon=0.5,0.019310145513680377,0.012998566901702552,0,spheroid,0.0018999999156221747,,,,,
8.366136578548915,8.0,2.709241119996445,2.683281572993815,2.981423970006311,True,shannon,10,0.2,epsilon=0.5,0.04576707231861432,0.00967455196051821,1,spheroid,16.71070900192717,True,10,1,,0.005418482239992528
7.674185298762386,8.0,2.709241119996445,2.683281572993815,2.981423970006311,True,shannon_ex,10,0.2,epsilon=0.5,-0.04072683765470175,0.00967455196051821,1,spheroid,17.052730996510945,True,9,1,,0.032199378875928275
7.8375380385990425,8.0,2.709241119996445,2.683281572993815,2.981423970006311,True,dnn,10,0.2,epsilon=0.5,-0.020307745175119685,0.00967455196051821,1,spheroid,0.22399500448955223,,,,2.702628515915699,
8.127723359989334,8.0,2.709241119996445,2.683281572993815,2.981423970006311,True,three_rg,10,0.2,epsilon=0.5,0.01596541999866674,0.00967455196051821,1,spheroid,0.0016409976524300873,,,,,
8.852626942168067,8.0,2.720536859916387,2.683281572993815,2.981423970006311,True,shannon,10,0.2,epsilon=0.5,0.10657836777100838,0.01388422568005234,2,spheroid,19.39518800645601,False,11,0,,0.41352160270731986
7.5977117739320565,8.0,2.720536859916387,2.683281572993815,2.981423970006311,True,shannon_ex,10,0.2,epsilon=0.5,-0.05028602825849293,0.01388422568005234,2,spheroid,19.96891100134235,True,9,2,,0.02549117494344344
7.858387264825783,8.0,2.720536859916387,2.683281572993815,2.981423970006311,True,dnn,10,0.2,epsilon=0.5,-0.017701591896777114,0.01388422568005234,2,spheroid,0.2547089970903471,,,,2.7045538359934325,
8.161610579749162,8.0,2.720536859916387,2.683281572993815,2.981423970006311,True,three_rg,10,0.2,epsilon=0.5,0.020201322468645255,0.01388422568005234,2,spheroid,0.001767002686392516,,,,,
10.884672901297488,10.0,3.3553245688339888,3.354101966242352,2.9814239700062375,True,shannon,12,0.0,epsilon=0.5,0.08846729012974883,0.00036450966724979047,0,spheroid,18.007295999268536,False,13,0,,0.597247773252457
10.24342740490418,10.0,3.3553245688339888,3.354101966242352,2.9814239700062375,True,shannon_ex,12,0.0,epsilon=0.5,0.024342740490418003,0.00036450966724979047,0,spheroid,16.904869000427425,True,13,2,,0.003354101966243306
10.958305949307864,10.0,3.3553245688339888,3.354101966242352,2.9814239700062375,True,dnn,12,0.0,epsilon=0.5,0.09583059493078636,0.00036450966724979047,0,spheroid,0.19729700579773635,,,,3.357565881699755,
10.065973706501966,10.0,3.3553245688339888,3.354101966242352,2.9814239700062375,True,three_rg,12,0.0,epsilon=0.5,0.0065973706501965875,0.00036450966724979047,0,spheroid,0.0011809970601461828,,,,,
11.531044346613537,10.0,3.3894898138194667,3.354101966242352,2.9814239700062375,True,shannon,12,0.02,epsilon=0.5,0.15310443466135376,0.010550617701333713,0,spheroid,18.824864004272968,True,14,2,,0.0033894898138200347
10.750735327298345,10.0,3.3894898138194667,3.354101966242352,2.9814239700062375,True,shannon_ex,12,0.02,epsilon=0.5,0.07507353272983455,0.010550617701333713,0,spheroid,18.467510999471415,True,13,4,,0.0008385254915612705
10.945826061064144,10.0,3.3894898138194667,3.354101966242352,2.9814239700062375,True,dnn,12,0.02,epsilon=0.5,0.09458260610641442,0.010550617701333713,0,spheroid,0.21043300512246788,,,,3.3575036624399024,
10.1684694414584,10.0,3.3894898138194667,3.354101966242352,2.9814239700062375,True,three_rg,12,0.02,epsilon=0.5,0.016846944145840047,0.010550617701333713,0,spheroid,0.0011779993656091392,,,,,
11.77328742983958,10.0,3.3883214015272145,3.354101966242352,2.9814239700062375,True,shannon,12,0.02,epsilon=0.5,0.17732874298395807,0.010202264459836657,1,spheroid,21.669852998456918,True,14,3,,0.029365452146566717
10.754927954756148,10.0,3.3883214015272145,3.354101966242352,2.9814239700062375,True,shannon_ex,12,0.02,epsilon=0.5,0.07549279547561483,0.010202264459836657,1,spheroid,23.64333799778251,True,13,4,,0.0033541019662424176
10.958616904670281,10.0,3.3883214015272145,3.354101966242352,2.9814239700062375,True,dnn,12,0.02,epsilon=0.5,0.09586169046702811,0.010202264459836657,1,spheroid,0.20983299327781424,,,,3.357599612504724,
10.164964204581644,10.0,3.3883214015272145,3.354101966242352,2.9814239700062375,True,three_rg,12,0.02,epsilon=0.5,0.01649642045816435,0.010202264459836657,1,spheroid,0.0012790042092092335,,,,,
11.814079165678844,10.0,3.395826147076442,3.354101966242352,2.9814239700062375,True,shannon,12,0.02,epsilon=0.5,0.18140791656788444,0.012439747286763149,2,spheroid,25.26813200529432,True,15,6,,0.004527768196100901
10.92431010405139,10.0,3.395826147076442,3.354101966242352,2.9814239700062375,True,shannon_ex,12,0.02,epsilon=0.5,0.09243101040513899,0.012439747286763149,2,spheroid,24.448506002954673,True,13,1,,0.0771443452235756
10.957653474214425,10.0,3.395826147076442,3.354101966242352,2.9814239700062375,True,dnn,12,0.02,epsilon=0.5,0.09576534742144246,0.012439747286763149,2,spheroid,0.28547800320666283,,,,3.3576162645789185,
10.187478441229327,10.0,3.395826147076442,3.354101966242352,2.9814239700062375,True,three_rg,12,0.02,epsilon=0.5,0.018747844122932733,0.012439747286763149,2,spheroid,0.001472995791118592,,,,,
11.714619184039924,10.0,3.3918549935694053,3.354101966242352,2.9814239700062375,True,shannon,12,0.05,epsilon=0.5,0.17146191840399236,0.011255778061317763,0,spheroid,19.15874500264181,True,14,4,,0.02289502120659037
10.028764879064665,10.0,3.3918549935694053,3.354101966242352,2.9814239700062375,True,shannon_ex,12,0.05,epsilon=0.5,0.0028764879064665295,0.011255778061317763,0,spheroid,18.810251000104472,True,12,2,,0.04360332556115232
10.927257244728228,10.0,3.3918549935694053,3.354101966242352,2.9814239700062375,True,dnn,12,0.05,epsilon=0.5,0.09272572447282279,0.011255778061317763,0,spheroid,0.6264990006457083,,,,3.357414923043634,
10.175564980708216,10.0,3.3918549935694053,3.354101966242352,2.9814239700062375,True,three_rg,12,0.05,epsilon=0.5,0.017556498070821647,0.011255778061317763,0,spheroid,0.0019909930415451527,,,,,
11.801107715212128,10.0,3.3938861281347164,3.354101966242352,2.9814239700062375,True,shannon,12,0.05,epsilon=0.5,0.18011077152121277,0.011861345389250407,1,spheroid,16.815670001960825,True,15,6,,0.009616010696380073
10.71635578214436,10.0,3.3938861281347164,3.354101966242352,2.9814239700062375,True,shannon_ex,12,0.05,epsilon=0.5,0.071635578214436,0.011861345389250407,1,spheroid,17.039806996763218,True,13,4,,0.0016770509831207647
10.95908373389126,10.0,3.3938861281347164,3.354101966242352,2.9814239700062375,True,dnn,12,0.05,epsilon=0.5,0.09590837338912603,0.011861345389250407,1,spheroid,0.22450600226875395,,,,3.35765020022917,
10.181658384404148,10.0,3.3938861281347164,3.354101966242352,2.9814239700062375,True,three_rg,12,0.05,epsilon=0.5,0.018165838440414816,0.011861345389250407,1,spheroid,0.0011890006135217845,,,,,
11.79446031537013,10.0,3.3975112531671803,3.354101966242352,2.9814239700062375,True,shannon,12,0.05,epsilon=0.5,0.17944603153701308,0.012942148855856166,2,spheroid,16.90936100203544,True,15,6,,0.027746341900867222
10.850519860794059,10.0,3.3975112531671803,3.354101966242352,2.9814239700062375,True,shannon_ex,12,0.05,epsilon=0.5,0.08505198607940585,0.012942148855856166,2,spheroid,16.856570000527427,True,13,1,,0.0033541019662424176
10.956675550436842,10.0,3.3975112531671803,3.354101966242352,2.9814239700062375,True,dnn,12,0.05,epsilon=0.5,0.09566755504368415,0.012942148855856166,2,spheroid,0.24042699806159362,,,,3.3576918482272564,
10.19253375950154,10.0,3.3975112531671803,3.354101966242352,2.9814239700062375,True,three_rg,12,0.05,epsilon=0.5,0.019253375950153993,0.012942148855856166,2,spheroid,0.001920998329296708,,,,,
11.620527062450671,10.0,3.3928546167740246,3.354101966242352,2.9814239700062375,True,shannon,12,0.1,epsilon=0.5,0.16205270624506712,0.01155380811964038,0,spheroid,17.176884000946302,True,14,1,,0.04410711001805723
9.414964219242304,10.0,3.3928546167740246,3.354101966242352,2.9814239700062375,True,shannon_ex,12,0.1,epsilon=0.5,-0.05850357807576963,0.01155380811964038,0,spheroid,16.71803300268948,True,11,1,,0.0033541019662424176
10.896708089826182,10.0,3.3928546167740246,3.354101966242352,2.9814239700062375,True,dnn,12,0.1,epsilon=0.5,0.08967080898261823,0.01155380811964038,0,spheroid,0.2259780012536794,,,,3.3572790078068833,
10.178563850322075,10.0,3.3928546167740246,3.354101966242352,2.9814239700062375,True,three_rg,12,0.1,epsilon=0.5,0.017856385032207454,0.01155380811964038,0,spheroid,0.0016900012269616127,,,,,
11.77463963887444,10.0,3.3949800731995694,3.354101966242352,2.9814239700062375,True,shannon,12,0.1,epsilon=0.5,0.177463963887444,0.012187496793072699,1,spheroid,17.10046499647433,True,14,4,,0.021218625457496643
10.66828032062822,10.0,3.3949800731995694,3.354101966242352,2.9814239700062375,True,shannon_ex,12,0.1,epsilon=0.5,0.06682803206282202,0.012187496793072699,1,spheroid,16.939583998464514,True,13,3,,0.004472135954990186
10.959862836041596,10.0,3.3949800731995694,3.354101966242352,2.9814239700062375,True,dnn,12,0.1,epsilon=0.5,0.09598628360415962,0.012187496793072699,1,spheroid,0.22309400083031505,,,,3.3577344900643413,
10.184940219598708,10.0,3.3949800731995694,3.354101966242352,2.9814239700062375,True,three_rg,12,0.1,epsilon=0.5,0.01849402195987082,0.012187496793072699,1,spheroid,0.0014990000636316836,,,,,
11.106846036391108,10.0,3.388299584011912,3.354101966242352,2.9814239700062375,True,shannon,12,0.1,epsilon=0.5,0.11068460363911078,0.010195759733527805,2,spheroid,16.848550003487617,True,14,1,,0.07454259084826376
10.082430510524544,10.0,3.388299584011912,3.354101966242352,2.9814239700062375,True,shannon_ex,12,0.1,epsilon=0.5,0.008243051052454398,0.010195759733527805,2,spheroid,16.90270600374788,False,12,0,,0.7781516561682409
10.95504777933824,10.0,3.388299584011912,3.354101966242352,2.9814239700062375,True,dnn,12,0.1,epsilon=0.5,0.09550477793382406,0.010195759733527805,2,spheroid,0.24363499687751755,,,,3.3578178457493566,
10.164898752035736,10.0,3.388299584011912,3.354101966242352,2.9814239700062375,True,three_rg,12,0.1,epsilon=0.5,0.01648987520357359,0.010195759733527805,2,spheroid,0.0012789969332516193,,,,,
10.70514997466304,10.0,3.3941502773186425,3.354101966242352,2.9814239700062375,True,shannon,12,0.2,epsilon=0.5,0.07051499746630405,0.011940099460111906,0,spheroid,16.887468002096284,True,13,3,,0.024890435367002972
9.41161011727606,10.0,3.3941502773186425,3.354101966242352,2.9814239700062375,True,shannon_ex,12,0.2,epsilon=0.5,-0.058838988272393956,0.011940099460111906,0,spheroid,16.805455001303926,True,11,1,,0.006708203932484835
10.837079295515144,10.0,3.3941502773186425,3.354101966242352,2.9814239700062375,True,dnn,12,0.2,epsilon=0.5,0.0837079295515144,0.011940099460111906,0,spheroid,0.20165200112387538,,,,3.3570504135020838,
10.182450831955927,10.0,3.3941502773186425,3.354101966242352,2.9814239700062375,True,three_rg,12,0.2,epsilon=0.5,0.01824508319559275,0.011940099460111906,0,spheroid,0.0012909949873574078,,,,,
11.777541639190474,10.0,3.3941042187869854,3.354101966242352,2.9814239700062375,True,shannon,12,0.2,epsilon=0.5,0.17775416391904741,0.01192636745908134,1,spheroid,16.867323000042234,True,14,1,,0.013576416875146435
9.42502652514103,10.0,3.3941042187869854,3.354101966242352,2.9814239700062375,True,shannon_ex,12,0.2,epsilon=0.5,-0.05749734748589699,0.01192636745908134,1,spheroid,16.804197999590542,True,12,1,,0.08720665112230286
10.961424970108224,10.0,3.3941042187869854,3.354101966242352,2.9814239700062375,True,dnn,12,0.2,epsilon=0.5,0.0961424970108224,0.01192636745908134,1,spheroid,0.24188400129787624,,,,3.357902980510427,
10.182312656360956,10.0,3.3941042187869854,3.354101966242352,2.9814239700062375,True,three_rg,12,0.2,epsilon=0.5,0.018231265636095628,0.01192636745908134,1,spheroid,0.0015019977581687272,,,,,
9.90485000484805,10.0,3.3909106486984375,3.354101966242352,2.9814239700062375,True,shannon,12,0.2,epsilon=0.5,-0.009514999515194944,0.010974228817892166,2,spheroid,17.961577003006823,True,12,1,,0.0983364088122487
10.502811290293593,10.0,3.3909106486984375,3.354101966242352,2.9814239700062375,True,shannon_ex,12,0.2,epsilon=0.5,0.05028112902935931,0.010974228817892166,2,spheroid,16.77044499956537,True,13,3,,0.02683281572994023
10.95180010718605,10.0,3.3909106486984375,3.354101966242352,2.9814239700062375,True,dnn,12,0.2,epsilon=0.5,0.09518001071860507,0.010974228817892166,2,spheroid,0.2668009983608499,,,,3.3580699329977337,
10.172731946095313,10.0,3.3909106486984375,3.354101966242352,2.9814239700062375,True,three_rg,12,0.2,epsilon=0.5,0.017273194609531296,0.010974228817892166,2,spheroid,0.0014309989637695253,,,,,
13.519296156771937,14.0,4.699094945002392,4.6957427527391555,2.9814239700063245,True,shannon,17,0.0,epsilon=0.5,-0.03433598880200454,0.000713879026120305,0,spheroid,17.07861900649732,True,17,2,,0.014097284835007606
13.349996646037438,14.0,4.699094945002392,4.6957427527391555,2.9814239700063245,True,shannon_ex,17,0.0,epsilon=0.5,-0.046428810997325876,0.000713879026120305,0,spheroid,17.19248999870615,True,16,1,,0.09861059780752335
16.642899471608793,14.0,4.699094945002392,4.6957427527391555,2.9814239700063245,True,dnn,17,0.0,epsilon=0.5,0.18877853368634234,0.000713879026120305,0,spheroid,0.3016720002051443,,,,4.802039812855728,
14.097284835007176,14.0,4.699094945002392,4.6957427527391555,2.9814239700063245,True,three_rg,17,0.0,epsilon=0.5,0.006948916786226889,0.000713879026120305,0,spheroid,0.001701002474874258,,,,,
14.738386893430706,14.0,4.705742941708359,4.6957427527391555,2.9814239700063245,True,shannon,17,0.02,epsilon=0.5,0.052741920959336115,0.0021296287926697525,0,spheroid,25.104701999225654,True,18,2,,0.12705505942613193
14.354885595123628,14.0,4.705742941708359,4.6957427527391555,2.9814239700063245,True,shannon_ex,17,0.02,epsilon=0.5,0.025348971080259148,0.0021296287926697525,0,spheroid,22.680428002786357,True,18,2,,0.04695742752739207
16.632888651606518,14.0,4.705742941708359,4.6957427527391555,2.9814239700063245,True,dnn,17,0.02,epsilon=0.5,0.18806347511475124,0.0021296287926697525,0,spheroid,0.298454993753694,,,,4.801583300514884,
14.117228825125078,14.0,4.705742941708359,4.6957427527391555,2.9814239700063245,True,three_rg,17,0.02,epsilon=0.5,0.00837348750893417,0.0021296287926697525,0,spheroid,0.0016830017557367682,,,,,
15.923290650337467,14.0,4.752866398130673,4.6957427527391555,2.9814239700063245,True,shannon,17,0.02,epsilon=0.5,0.13737790359553337,0.012164986116029466,1,spheroid,17.28514500427991,True,20,4,,0.0011882165995338312
13.349996646037438,14.0,4.752866398130673,4.6957427527391555,2.9814239700063245,True,shannon_ex,17,0.02,epsilon=0.5,-0.046428810997325876,0.012164986116029466,1,spheroid,20.317080001404975,True,16,1,,0.10800208331300176
16.64418041061993,14.0,4.752866398130673,4.6957427527391555,2.9814239700063245,True,dnn,17,0.02,epsilon=0.5,0.1888700293299951,0.012164986116029466,1,spheroid,0.34547600080259144,,,,4.802114195003175,
14.25859919439202,14.0,4.752866398130673,4.6957427527391555,2.9814239700063245,True,three_rg,17,0.02,epsilon=0.5,0.01847137102800137,0.012164986116029466,1,spheroid,0.00195399479707703,,,,,
14.925291735943041,14.0,4.739692516971391,4.6957427527391555,2.9814239700063245,True,shannon,17,0.02,epsilon=0.5,0.06609226685307437,0.009359491468436636,2,spheroid,21.20468099747086,False,18,0,,0.32703878367104
15.674389308643345,14.0,4.739692516971391,4.6957427527391555,2.9814239700063245,True,shannon_ex,17,0.02,epsilon=0.5,0.11959923633166751,0.009359491468436636,2,spheroid,20.447267997951712,False,19,0,,0.30991902168078767
16.64203134194566,14.0,4.739692516971391,4.6957427527391555,2.9814239700063245,True,dnn,17,0.02,epsilon=0.5,0.18871652442469003,0.009359491468436636,2,spheroid,0.3046420024475083,,,,4.802023778023363,
14.219077550914172,14.0,4.739692516971391,4.6957427527391555,2.9814239700063245,True,three_rg,17,0.02,epsilon=0.5,0.0156483964938694,0.009359491468436636,2,spheroid,0.0014809993444941938,,,,,
13.769544399619871,14.0,4.735056533569472,4.6957427527391555,2.9814239700063245,True,shannon,17,0.05,epsilon=0.5,-0.016461114312866343,0.008372217751362971,0,spheroid,19.34269400226185,True,17,1,,0.05682067840282912
13.237298819971697,14.0,4.735056533569472,4.6957427527391555,2.9814239700063245,True,shannon_ex,17,0.05,epsilon=0.5,-0.054478655716307375,0.008372217751362971,0,spheroid,19.588365998060908,True,16,1,,0.004695742752739207
16.617891665860867,14.0,4.735056533569472,4.6957427527391555,2.9814239700063245,True,dnn,17,0.05,epsilon=0.5,0.1869922618472048,0.008372217751362971,0,spheroid,0.3071570026804693,,,,4.800899478670901,
14.205169600708416,14.0,4.735056533569472,4.6957427527391555,2.9814239700063245,True,three_rg,17,0.05,epsilon=0.5,0.014654971479172576,0.008372217751362971,0,spheroid,0.0017510028555989265,,,,,
14.757547457116974,14.0,4.782095741126705,4.6957427527391555,2.9814239700063245,True,shannon,17,0.05,epsilon=0.5,0.05411053265121245,0.018389633532879816,1,spheroid,17.625806998694316,False,18,0,,1.9319666794151642
13.349996646037438,14.0,4.782095741126705,4.6957427527391555,2.9814239700063245,True,shannon_ex,17,0.05,epsilon=0.5,-0.046428810997325876,0.018389633532879816,1,spheroid,17.340831000183243,True,16,1,,0.10800208331300176
16.64610209991103,14.0,4.782095741126705,4.6957427527391555,2.9814239700063245,True,dnn,17,0.05,epsilon=0.5,0.18900729285078782,0.018389633532879816,1,spheroid,0.2016360012930818,,,,4.802225802035763,
14.346287223380115,14.0,4.782095741126705,4.6957427527391555,2.9814239700063245,True,three_rg,17,0.05,epsilon=0.5,0.02473480167000819,0.018389633532879816,1,spheroid,0.00110599648905918,,,,,
7.152842738601445,14.0,2.860319861194522,4.6957427527391555,2.9814239700063245,False,shannon,17,0.05,epsilon=0.5,-0.48908266152846824,-0.3908695574249635,2,spheroid,16.833087996928953,True,9,7,,0.0020430856151389953
13.138688222164173,14.0,2.860319861194522,4.6957427527391555,2.9814239700063245,False,shannon_ex,17,0.05,epsilon=0.5,-0.061522269845416186,-0.3908695574249635,2,spheroid,21.895575999224093,True,16,1,,0.10330634056026256
16.640729415167442,14.0,2.860319861194522,4.6957427527391555,2.9814239700063245,False,dnn,17,0.05,epsilon=0.5,0.1886235296548173,-0.3908695574249635,2,spheroid,0.292638003884349,,,,4.801999737338429,
8.580959583583565,14.0,2.860319861194522,4.6957427527391555,2.9814239700063245,False,three_rg,17,0.05,epsilon=0.5,-0.3870743154583168,-0.3908695574249635,2,spheroid,0.0016600024537183344,,,,,
14.468120127068495,14.0,4.652128658221457,4.6957427527391555,2.9814239700063245,True,shannon,17,0.1,epsilon=0.5,0.033437151933463936,-0.009288007630370526,0,spheroid,18.574960995465517,False,18,0,,1.7864174047568904
13.138688222164173,14.0,4.652128658221457,4.6957427527391555,2.9814239700063245,True,shannon_ex,17,0.1,epsilon=0.5,-0.061522269845416186,-0.009288007630370526,0,spheroid,21.597541999653913,True,16,1,,0.10330634056026256
16.59294832309176,14.0,4.652128658221457,4.6957427527391555,2.9814239700063245,True,dnn,17,0.1,epsilon=0.5,0.18521059450655436,-0.009288007630370526,0,spheroid,0.23911699827294797,,,,4.7997623158550216,
13.956385974664371,14.0,4.652128658221457,4.6957427527391555,2.9814239700063245,True,three_rg,17,0.1,epsilon=0.5,-0.003115287523973466,-0.009288007630370526,0,spheroid,0.001333006366621703,,,,,
16.645843855285513,14.0,4.762418669704797,4.6957427527391555,2.9814239700063245,True,shannon,17,0.1,epsilon=0.5,0.18898884680610806,0.014199226933108154,1,spheroid,17.002842003421392,True,21,4,,0.02262148868109648
13.349996646037438,14.0,4.762418669704797,4.6957427527391555,2.9814239700063245,True,shannon_ex,17,0.1,epsilon=0.5,-0.046428810997325876,0.014199226933108154,1,spheroid,17.188326994073577,True,16,1,,0.10800208331300176
16.649305662796763,14.0,4.762418669704797,4.6957427527391555,2.9814239700063245,True,dnn,17,0.1,epsilon=0.5,0.18923611877119736,0.014199226933108154,1,spheroid,0.23916799545986578,,,,4.802411903859008,
14.28725600911439,14.0,4.762418669704797,4.6957427527391555,2.9814239700063245,True,three_rg,17,0.1,epsilon=0.5,0.020518286365313592,0.014199226933108154,1,spheroid,0.0016659978427924216,,,,,
15.691923007393067,14.0,4.74901203219891,4.6957427527391555,2.9814239700063245,True,shannon,17,0.1,epsilon=0.5,0.12085164338521905,0.011344164760448345,2,spheroid,17.484570998931304,True,19,4,,0.07717144552322885
13.129296736658695,14.0,4.74901203219891,4.6957427527391555,2.9814239700063245,True,shannon_ex,17,0.1,epsilon=0.5,-0.06219309023866464,0.011344164760448345,2,spheroid,17.00206099485513,True,16,1,,0.11269782606574097
16.63856025133135,14.0,4.74901203219891,4.6957427527391555,2.9814239700063245,True,dnn,17,0.1,epsilon=0.5,0.18846858938081062,0.011344164760448345,2,spheroid,0.2272889978485182,,,,4.801959700378717,
14.24703609659673,14.0,4.74901203219891,4.6957427527391555,2.9814239700063245,True,three_rg,17,0.1,epsilon=0.5,0.017645435471195015,0.011344164760448345,2,spheroid,0.0014219986042007804,,,,,
12.742268540299882,14.0,4.652160839831993,4.6957427527391555,2.9814239700063245,True,shannon,17,0.2,epsilon=0.5,-0.08983796140715126,-0.009281154271438809,0,spheroid,17.20763299817918,False,16,0,,0.22795588115177878
14.707066301579069,14.0,4.652160839831993,4.6957427527391555,2.9814239700063245,True,shannon_ex,17,0.2,epsilon=0.5,0.050504735827076326,-0.009281154271438809,0,spheroid,18.30423200590303,False,18,0,,0.6855784418999242
16.543257367441733,14.0,4.652160839831993,4.6957427527391555,2.9814239700063245,True,dnn,17,0.2,epsilon=0.5,0.18166124053155233,-0.009281154271438809,0,spheroid,0.2681859987205826,,,,4.797497621860215,
13.956482519495978,14.0,4.652160839831993,4.6957427527391555,2.9814239700063245,True,three_rg,17,0.2,epsilon=0.5,-0.0031083914645729954,-0.009281154271438809,0,spheroid,0.0013980024959892035,,,,,
16.678688803990752,14.0,4.762618162190447,4.6957427527391555,2.9814239700063245,True,shannon,17,0.2,epsilon=0.5,0.19133491457076804,0.014241710624433345,1,spheroid,17.05225199839333,True,21,2,,0.0
13.582435912298028,14.0,4.762618162190447,4.6957427527391555,2.9814239700063245,True,shannon_ex,17,0.2,epsilon=0.5,-0.0298260062644266,0.014241710624433345,1,spheroid,17.881036998005584,True,17,2,,0.05869678440924009
16.65571558232547,14.0,4.762618162190447,4.6957427527391555,2.9814239700063245,True,dnn,17,0.2,epsilon=0.5,0.18969397016610504,0.014241710624433345,1,spheroid,0.20297000446589664,,,,4.802784444972912,
14.28785448657134,14.0,4.762618162190447,4.6957427527391555,2.9814239700063245,True,three_rg,17,0.2,epsilon=0.5,0.020561034755095773,0.014241710624433345,1,spheroid,0.0013310054782778025,,,,,
15.04019353801813,14.0,4.7475358390207845,4.6957427527391555,2.9814239700063245,True,shannon,17,0.2,epsilon=0.5,0.07429953842986643,0.011029796351475302,2,spheroid,18.576057998870965,True,19,1,,0.028485215034127265
13.124600993905956,14.0,4.7475358390207845,4.6957427527391555,2.9814239700063245,True,shannon_ex,17,0.2,epsilon=0.5,-0.06252850043528888,0.011029796351475302,2,spheroid,18.34476699877996,True,16,1,,0.10800208331300176
16.63422460309491,14.0,4.7475358390207845,4.6957427527391555,2.9814239700063245,True,dnn,17,0.2,epsilon=0.5,0.18815890022106505,0.011029796351475302,2,spheroid,0.2126300023519434,,,,4.8018797422233686,
14.242607517062353,14.0,4.7475358390207845,4.6957427527391555,2.9814239700063245,True,three_rg,17,0.2,epsilon=0.5,0.017329108361596672,0.011029796351475302,2,spheroid,0.001357999281026423,,,,,
19.41490546613336,20.0,6.717960368904244,6.708203932485364,2.9814239700059444,True,shannon,25,0.0,epsilon=0.5,-0.029254726693332067,0.0014544036700543926,0,spheroid,21.976419004204217,True,24,1,,0.01343592073780897
21.412586952492916,20.0,6.717960368904244,6.708203932485364,2.9814239700059444,True,shannon_ex,25,0.0,epsilon=0.5,0.07062934762464579,0.0014544036700543926,0,spheroid,19.687910993525293,False,27,0,,0.6037383539236352
24.19088934042323,20.0,6.717960368904244,6.708203932485364,2.9814239700059444,True,dnn,25,0.0,epsilon=0.5,0.20954446702116147,0.0014544036700543926,0,spheroid,0.22763000015402213,,,,6.8483678406931725,
20.15388110671273,20.0,6.717960368904244,6.708203932485364,2.9814239700059444,True,three_rg,25,0.0,epsilon=0.5,0.007694055335636563,0.0014544036700543926,0,spheroid,0.0014680044841952622,,,,,
21.82867025034727,20.0,6.79512833095096,6.708203932485364,2.9814239700059444,True,shannon,25,0.02,epsilon=0.5,0.09143351251736345,0.012957924258183836,0,spheroid,17.204440002387855,True,27,5,,0.010872205329523155
23.26405123785873,20.0,6.79512833095096,6.708203932485364,2.9814239700059444,True,shannon_ex,25,0.02,epsilon=0.5,0.16320256189293653,0.012957924258183836,0,spheroid,21.06281200394733,True,29,1,,0.0
24.18991560329629,20.0,6.79512833095096,6.708203932485364,2.9814239700059444,True,dnn,25,0.02,epsilon=0.5,0.20949578016481443,0.012957924258183836,0,spheroid,0.30891899950802326,,,,6.848210780092194,
20.38538499285288,20.0,6.79512833095096,6.708203932485364,2.9814239700059444,True,three_rg,25,0.02,epsilon=0.5,0.019269249642644048,0.012957924258183836,0,spheroid,0.0018419959815219045,,,,,
19.392289923961798,20.0,6.740455308989122,6.708203932485364,2.9814239700059444,True,shannon,25,0.02,epsilon=0.5,-0.03038550380191012,0.004807751348699593,1,spheroid,21.01196500007063,False,24,0,,0.384205952612394
21.526626419345156,20.0,6.740455308989122,6.708203932485364,2.9814239700059444,True,shannon_ex,25,0.02,epsilon=0.5,0.07633132096725781,0.004807751348699593,1,spheroid,18.757821002509445,False,27,0,,1.6569263713237543
24.191766142826374,20.0,6.740455308989122,6.708203932485364,2.9814239700059444,True,dnn,25,0.02,epsilon=0.5,0.2095883071413187,0.004807751348699593,1,spheroid,0.3016359987668693,,,,6.848456465305348,
20.221365926967366,20.0,6.740455308989122,6.708203932485364,2.9814239700059444,True,three_rg,25,0.02,epsilon=0.5,0.011068296348368279,0.004807751348699593,1,spheroid,0.0018510036170482635,,,,,
12.954865534132502,20.0,5.174258743519769,6.708203932485364,2.9814239700059444,False,shannon,25,0.02,epsilon=0.5,-0.35225672329337493,-0.22866704775286603,2,spheroid,26.146315998630598,True,16,7,,0.01921867533307431
19.634912910384436,20.0,5.174258743519769,6.708203932485364,2.9814239700059444,False,shannon_ex,25,0.02,epsilon=0.5,-0.01825435448077819,-0.22866704775286603,2,spheroid,24.302566998812836,False,24,0,,0.23478713763696923
24.19067039569468,20.0,5.174258743519769,6.708203932485364,2.9814239700059444,False,dnn,25,0.02,epsilon=0.5,0.20953351978473406,-0.22866704775286603,2,spheroid,0.28854000265710056,,,,6.848353190160189,
15.522776230559309,20.0,5.174258743519769,6.708203932485364,2.9814239700059444,False,three_rg,25,0.02,epsilon=0.5,-0.22386118847203457,-0.22866704775286603,2,spheroid,0.0018690043361857533,,,,,
21.466683638195278,20.0,6.787526445466594,6.708203932485364,2.9814239700059444,True,shannon,25,0.05,epsilon=0.5,0.07333418190976389,0.01182470207816738,0,spheroid,23.060199004248716,True,27,3,,0.013575052890931971
23.27411354375746,20.0,6.787526445466594,6.708203932485364,2.9814239700059444,True,shannon_ex,25,0.05,epsilon=0.5,0.16370567718787293,0.01182470207816738,0,spheroid,27.93544300220674,True,29,2,,0.010062305898728141
24.188454953965632,20.0,6.787526445466594,6.708203932485364,2.9814239700059444,True,dnn,25,0.05,epsilon=0.5,0.2094227476982816,0.01182470207816738,0,spheroid,0.3229280046070926,,,,6.8479751918588185,
20.362579336399783,20.0,6.787526445466594,6.708203932485364,2.9814239700059444,True,three_rg,25,0.05,epsilon=0.5,0.018128966819989146,0.01182470207816738,0,spheroid,0.014962999557610601,,,,,
19.495970880301634,20.0,6.763954277888964,6.708203932485364,2.9814239700059444,True,shannon,25,0.05,epsilon=0.5,-0.025201455984918297,0.008310770806120273,1,spheroid,20.287835999624804,True,24,3,,0.047347679945216825
21.204632630585884,20.0,6.763954277888964,6.708203932485364,2.9814239700059444,True,shannon_ex,25,0.05,epsilon=0.5,0.060231631529294206,0.008310770806120273,1,spheroid,18.963377995532937,False,26,0,,1.3349325825644822
24.19308136989213,20.0,6.763954277888964,6.708203932485364,2.9814239700059444,True,dnn,25,0.05,epsilon=0.5,0.20965406849460652,0.008310770806120273,1,spheroid,0.22809700021753088,,,,6.848589419676315,
20.291862833666894,20.0,6.763954277888964,6.708203932485364,2.9814239700059444,True,three_rg,25,0.05,epsilon=0.5,0.01459314168334469,0.008310770806120273,1,spheroid,0.0017569982446730137,,,,,
20.048889769570295,20.0,6.768700124770655,6.708203932485364,2.9814239700059444,True,shannon,25,0.05,epsilon=0.5,0.002444488478514728,0.009018239888672815,2,spheroid,17.542989997309633,True,25,2,,0.11506790212108697
19.869700048021404,20.0,6.768700124770655,6.708203932485364,2.9814239700059444,True,shannon_ex,25,0.05,epsilon=0.5,-0.006514997598929817,0.009018239888672815,2,spheroid,22.407828997529577,True,25,1,,0.0
24.190341983992546,20.0,6.768700124770655,6.708203932485364,2.9814239700059444,True,dnn,25,0.05,epsilon=0.5,0.2095170991996273,0.009018239888672815,2,spheroid,0.28568300331244245,,,,6.848331214755005,
20.306100374311967,20.0,6.768700124770655,6.708203932485364,2.9814239700059444,True,three_rg,25,0.05,epsilon=0.5,0.015305018715598352,0.009018239888672815,2,spheroid,0.0014800025383010507,,,,,
22.618401044122514,20.0,6.739690418391486,6.708203932485364,2.9814239700059444,True,shannon,25,0.1,epsilon=0.5,0.1309200522061257,0.004693728190588409,0,spheroid,18.75323300191667,True,28,1,,0.0
23.257343033926247,20.0,6.739690418391486,6.708203932485364,2.9814239700059444,True,shannon_ex,25,0.1,epsilon=0.5,0.16286715169631236,0.004693728190588409,0,spheroid,18.50194800499594,True,29,1,,0.006708203932484835
24.18602041925704,20.0,6.739690418391486,6.708203932485364,2.9814239700059444,True,dnn,25,0.1,epsilon=0.5,0.20930102096285202,0.004693728190588409,0,spheroid,0.19954399613197893,,,,6.847582551703086,
20.21907125517446,20.0,6.739690418391486,6.708203932485364,2.9814239700059444,True,three_rg,25,0.1,epsilon=0.5,0.010953562758722946,0.004693728190588409,0,spheroid,0.0015760015230625868,,,,,
21.09976359582361,20.0,6.751924350663676,6.708203932485364,2.9814239700059444,True,shannon,25,0.1,epsilon=0.5,0.054988179791180515,0.006517455136775144,1,spheroid,18.693202997383196,False,26,0,,2.0593369269522377
20.667976315987097,20.0,6.751924350663676,6.708203932485364,2.9814239700059444,True,shannon_ex,25,0.1,epsilon=0.5,0.033398815799354865,0.006517455136775144,1,spheroid,18.47089499642607,False,26,0,,0.7982762679656954
24.195273477487184,20.0,6.751924350663676,6.708203932485364,2.9814239700059444,True,dnn,25,0.1,epsilon=0.5,0.2097636738743592,0.006517455136775144,1,spheroid,0.2043069980572909,,,,6.848811056842395,
20.255773051991028,20.0,6.751924350663676,6.708203932485364,2.9814239700059444,True,three_rg,25,0.1,epsilon=0.5,0.012788652599551397,0.006517455136775144,1,spheroid,0.0012660020729526877,,,,,
22.563561154897066,20.0,6.825033622170927,6.708203932485364,2.9814239700059444,True,shannon,25,0.1,epsilon=0.5,0.1281780577448533,0.01741594186184468,2,spheroid,19.001889006176498,True,28,1,,0.0
21.45954438002031,20.0,6.825033622170927,6.708203932485364,2.9814239700059444,True,shannon_ex,25,0.1,epsilon=0.5,0.07297721900101557,0.01741594186184468,2,spheroid,18.77236599830212,False,27,0,,1.1605192803198765
24.18979464553411,20.0,6.825033622170927,6.708203932485364,2.9814239700059444,True,dnn,25,0.1,epsilon=0.5,0.20948973227670553,0.01741594186184468,2,spheroid,0.25897900195559487,,,,6.848294590131161,
20.47510086651278,20.0,6.825033622170927,6.708203932485364,2.9814239700059444,True,three_rg,25,0.1,epsilon=0.5,0.023755043325638957,0.01741594186184468,2,spheroid,0.002396998752374202,,,,,
23.24363274602719,20.0,6.690740571683198,6.708203932485364,2.9814239700059444,True,shannon,25,0.2,epsilon=0.5,0.16218163730135943,-0.0026032841246220197,0,spheroid,17.898636004247237,True,29,1,,0.0
20.61431068452722,20.0,6.690740571683198,6.708203932485364,2.9814239700059444,True,shannon_ex,25,0.2,epsilon=0.5,0.03071553422636093,-0.0026032841246220197,0,spheroid,18.196301003627013,False,26,0,,0.23478713763696923
24.181150884192952,20.0,6.690740571683198,6.708203932485364,2.9814239700059444,True,dnn,25,0.2,epsilon=0.5,0.20905754420964762,-0.0026032841246220197,0,spheroid,0.22839999292045832,,,,6.846797295813572,
20.072221715049594,20.0,6.690740571683198,6.708203932485364,2.9814239700059444,True,three_rg,25,0.2,epsilon=0.5,0.0036110857524796814,-0.0026032841246220197,0,spheroid,0.002173001121263951,,,,,
20.051882379673877,20.0,6.771996750987355,6.708203932485364,2.9814239700059444,True,shannon,25,0.2,epsilon=0.5,0.0025941189836938606,0.009509671909803721,1,spheroid,17.581920001248363,False,25,0,,0.5891637173359605
21.452836176087825,20.0,6.771996750987355,6.708203932485364,2.9814239700059444,True,shannon_ex,25,0.2,epsilon=0.5,0.07264180880439124,0.009509671909803721,1,spheroid,18.70030000281986,True,27,1,,0.02683281572993934
24.19965792647664,20.0,6.771996750987355,6.708203932485364,2.9814239700059444,True,dnn,25,0.2,epsilon=0.5,0.209982896323832,0.009509671909803721,1,spheroid,0.22762000298826024,,,,6.84925450577796,
20.315990252962063,20.0,6.771996750987355,6.708203932485364,2.9814239700059444,True,three_rg,25,0.2,epsilon=0.5,0.015799512648103153,0.009509671909803721,1,spheroid,0.0018790015019476414,,,,,
22.548052313776957,20.0,6.8368866930797445,6.708203932485364,2.9814239700059444,True,shannon,25,0.2,epsilon=0.5,0.12740261568884784,0.01918289334813116,2,spheroid,20.02270799857797,True,28,1,,0.013673773386159382
18.87241373005866,20.0,6.8368866930797445,6.708203932485364,2.9814239700059444,True,shannon_ex,25,0.2,epsilon=0.5,-0.05637931349706697,0.01918289334813116,2,spheroid,20.934738000505604,True,24,3,,0.035777087639919714
24.18870002255724,20.0,6.8368866930797445,6.708203932485364,2.9814239700059444,True,dnn,25,0.2,epsilon=0.5,0.20943500112786193,0.01918289334813116,2,spheroid,0.2596100021037273,,,,6.848221344826481,
20.510660079239234,20.0,6.8368866930797445,6.708203932485364,2.9814239700059444,True,three_rg,25,0.2,epsilon=0.5,0.025533003961961676,0.01918289334813116,2,spheroid,0.001486994733568281,,,,,
31.587527252535423,30.0,10.095087009439217,10.062305898728956,2.9814239700056744,True,shannon,38,0.0,epsilon=0.5,0.05291757508451411,0.003257812974499343,0,spheroid,19.177875998138916,True,40,2,,0.040380348037757585
32.561621888286304,30.0,10.095087009439217,10.062305898728956,2.9814239700056744,True,shannon_ex,38,0.0,epsilon=0.5,0.08538739627621013,0.003257812974499343,0,spheroid,18.138654006179422,False,41,0,,1.3885982140244835
41.94279410143252,30.0,10.095087009439217,10.062305898728956,2.9814239700056744,True,dnn,38,0.0,epsilon=0.5,0.39809313671441726,0.003257812974499343,0,spheroid,0.21463700250023976,,,,11.340663109329174,
30.28526102831765,30.0,10.095087009439217,10.062305898728956,2.9814239700056744,True,three_rg,38,0.0,epsilon=0.5,0.009508700943921628,0.003257812974499343,0,spheroid,0.0011470037861727178,,,,,
35.46008349262473,30.0,10.14159402048449,10.062305898728956,2.9814239700056744,True,shannon,38,0.02,epsilon=0.5,0.1820027830874911,0.007879716891289216,0,spheroid,18.757742996967863,True,45,2,,0.05577876711266683
32.561621888286304,30.0,10.14159402048449,10.062305898728956,2.9814239700056744,True,shannon_ex,38,0.02,epsilon=0.5,0.08538739627621013,0.007879716891289216,0,spheroid,18.47125500353286,False,41,0,,1.3885982140244835
41.943386951193894,30.0,10.14159402048449,10.062305898728956,2.9814239700056744,True,dnn,38,0.02,epsilon=0.5,0.3981128983731298,0.007879716891289216,0,spheroid,0.24286499683512375,,,,11.34070719709237,
30.42478206145347,30.0,10.14159402048449,10.062305898728956,2.9814239700056744,True,three_rg,38,0.02,epsilon=0.5,0.01415940204844901,0.007879716891289216,0,spheroid,0.0013219978427514434,,,,,
31.31766909120658,30.0,10.158180049045413,10.062305898728956,2.9814239700056744,True,shannon,38,0.02,epsilon=0.5,0.04392230304021929,0.009528049661913675,1,spheroid,25.645882000389975,True,39,3,,0.016930300081739347
29.6636777894526,30.0,10.158180049045413,10.062305898728956,2.9814239700056744,True,shannon_ex,38,0.02,epsilon=0.5,-0.01121074035158003,0.009528049661913675,1,spheroid,23.46644300268963,False,37,0,,1.5093458848092212
41.94327740599533,30.0,10.158180049045413,10.062305898728956,2.9814239700056744,True,dnn,38,0.02,epsilon=0.5,0.39810924686651106,0.009528049661913675,1,spheroid,0.2135480026481673,,,,11.340759770614067,
30.47454014713624,30.0,10.158180049045413,10.062305898728956,2.9814239700056744,True,three_rg,38,0.02,epsilon=0.5,0.015818004904541282,0.009528049661913675,1,spheroid,0.0013409953680820763,,,,,
33.95741124735599,30.0,10.097356897816239,10.062305898728956,2.9814239700056744,True,shannon,38,0.02,epsilon=0.5,0.13191370824519974,0.003483396295049012,2,spheroid,18.397904001176357,True,43,1,,0.05048678448908106
29.6636777894526,30.0,10.097356897816239,10.062305898728956,2.9814239700056744,True,shannon_ex,38,0.02,epsilon=0.5,-0.01121074035158003,0.003483396295049012,2,spheroid,18.000658994424157,False,37,0,,1.5093458848092212
41.94278724591058,30.0,10.097356897816239,10.062305898728956,2.9814239700056744,True,dnn,38,0.02,epsilon=0.5,0.3980929081970193,0.003483396295049012,2,spheroid,0.22716999956173822,,,,11.340661322363335,
30.292070693448714,30.0,10.097356897816239,10.062305898728956,2.9814239700056744,True,three_rg,38,0.02,epsilon=0.5,0.00973568978162381,0.003483396295049012,2,spheroid,0.0012039963621646166,,,,,
28.46495596918197,30.0,10.14431787925232,10.062305898728956,2.9814239700056744,True,shannon,38,0.05,epsilon=0.5,-0.05116813436060106,0.00815041615199981,0,spheroid,18.56268200208433,True,36,1,,0.18259772182653933
30.106419248996637,30.0,10.14431787925232,10.062305898728956,2.9814239700056744,True,shannon_ex,38,0.05,epsilon=0.5,0.0035473082998879117,0.00815041615199981,0,spheroid,19.55582200025674,True,38,1,,0.08049844718982513
41.944276445482686,30.0,10.14431787925232,10.062305898728956,2.9814239700056744,True,dnn,38,0.05,epsilon=0.5,0.3981425481827562,0.00815041615199981,0,spheroid,0.21027900220360607,,,,11.340773361304695,
30.43295363775696,30.0,10.14431787925232,10.062305898728956,2.9814239700056744,True,three_rg,38,0.05,epsilon=0.5,0.014431787925231986,0.00815041615199981,0,spheroid,0.0013919998309575021,,,,,
31.172193648843333,30.0,10.213693856108506,10.062305898728956,2.9814239700056744,True,shannon,38,0.05,epsilon=0.5,0.03907312162811109,0.015045056163386217,1,spheroid,20.75932000298053,True,39,1,,0.30641081568326456
29.6636777894526,30.0,10.213693856108506,10.062305898728956,2.9814239700056744,True,shannon_ex,38,0.05,epsilon=0.5,-0.01121074035158003,0.015045056163386217,1,spheroid,19.196540997654665,False,37,0,,1.5093458848092212
41.94400239845319,30.0,10.213693856108506,10.062305898728956,2.9814239700056744,True,dnn,38,0.05,epsilon=0.5,0.3981334132817731,0.015045056163386217,1,spheroid,0.22501099738292396,,,,11.34090476839234,
30.641081568325518,30.0,10.213693856108506,10.062305898728956,2.9814239700056744,True,three_rg,38,0.05,epsilon=0.5,0.0213693856108506,0.015045056163386217,1,spheroid,0.0012859964044764638,,,,,
30.54947884980573,30.0,10.166892588460462,10.062305898728956,2.9814239700056744,True,shannon,38,0.05,epsilon=0.5,0.01831596166019101,0.010393908790301854,2,spheroid,20.55136199487606,True,38,5,,0.040667570353837945
31.686201275096955,30.0,10.166892588460462,10.062305898728956,2.9814239700056744,True,shannon_ex,38,0.05,epsilon=0.5,0.05620670916989852,0.010393908790301854,2,spheroid,18.781129001581576,False,40,0,,3.5318693704535775
41.942776963614634,30.0,10.166892588460462,10.062305898728956,2.9814239700056744,True,dnn,38,0.05,epsilon=0.5,0.3980925654538211,0.010393908790301854,2,spheroid,0.32618299883324653,,,,11.340658642211364,
30.500677765381383,30.0,10.166892588460462,10.062305898728956,2.9814239700056744,True,three_rg,38,0.05,epsilon=0.5,0.016689258846046093,0.010393908790301854,2,spheroid,0.0017689962987788022,,,,,
23.536731549149046,30.0,9.412003475809387,10.062305898728956,2.9814239700056744,True,shannon,38,0.1,epsilon=0.5,-0.2154422816950318,-0.06462757438150574,0,spheroid,19.26965799793834,True,29,7,,0.0067228596255795026
32.53143497059012,30.0,9.412003475809387,10.062305898728956,2.9814239700056744,True,shannon_ex,38,0.1,epsilon=0.5,0.08438116568633731,-0.06462757438150574,0,spheroid,18.57225199637469,True,41,1,,0.07043614129109699
41.94575952203516,30.0,9.412003475809387,10.062305898728956,2.9814239700056744,True,dnn,38,0.1,epsilon=0.5,0.3981919840678387,-0.06462757438150574,0,spheroid,0.22465000074589625,,,,11.340883721897727,
28.236010427428162,30.0,9.412003475809387,10.062305898728956,2.9814239700056744,True,three_rg,38,0.1,epsilon=0.5,-0.05879965241906125,-0.06462757438150574,0,spheroid,0.0017620041035115719,,,,,
30.72366602671564,30.0,10.126455513090233,10.062305898728956,2.9814239700056744,True,shannon,38,0.1,epsilon=0.5,0.024122200890521365,0.006375239930777714,1,spheroid,25.315708997368347,False,39,0,,2.9771779208484563
29.6636777894526,30.0,10.126455513090233,10.062305898728956,2.9814239700056744,True,shannon_ex,38,0.1,epsilon=0.5,-0.01121074035158003,0.006375239930777714,1,spheroid,20.360556998639368,False,37,0,,1.5093458848092212
41.945210814236354,30.0,10.126455513090233,10.062305898728956,2.9814239700056744,True,dnn,38,0.1,epsilon=0.5,0.3981736938078785,0.006375239930777714,1,spheroid,0.261634006164968,,,,11.341146446968217,
30.3793665392707,30.0,10.126455513090233,10.062305898728956,2.9814239700056744,True,three_rg,38,0.1,epsilon=0.5,0.01264555130902328,0.006375239930777714,1,spheroid,0.0012899981811642647,,,,,
30.327891616940875,30.0,10.172593341997247,10.062305898728956,2.9814239700056744,True,shannon,38,0.1,epsilon=0.5,0.010929720564695818,0.01096045423169079,2,spheroid,19.48818000528263,True,38,6,,0.023736051131326263
30.67997068522414,30.0,10.172593341997247,10.062305898728956,2.9814239700056744,True,shannon_ex,38,0.1,epsilon=0.5,0.02266568950747138,0.01096045423169079,2,spheroid,18.823723003151827,False,39,0,,0.4930529890376789
41.942759829086626,30.0,10.172593341997247,10.062305898728956,2.9814239700056744,True,dnn,38,0.1,epsilon=0.5,0.3980919943028875,0.01096045423169079,2,spheroid,0.2088089968310669,,,,11.340654176082822,
30.51778002599174,30.0,10.172593341997247,10.062305898728956,2.9814239700056744,True,three_rg,38,0.1,epsilon=0.5,0.017259334199724682,0.01096045423169079,2,spheroid,0.0013410026440396905,,,,,
30.212383636887473,30.0,10.188528654525921,10.062305898728956,2.9814239700056744,True,shannon,38,0.2,epsilon=0.5,0.007079454562915781,0.012544118323108122,0,spheroid,19.292539000161923,True,38,3,,0.10188528654525975
30.90134141499616,30.0,10.188528654525921,10.062305898728956,2.9814239700056744,True,shannon_ex,38,0.2,epsilon=0.5,0.03004471383320535,0.012544118323108122,0,spheroid,18.95314099965617,False,39,0,,1.7005296968850558
41.94872787524434,30.0,10.188528654525921,10.062305898728956,2.9814239700056744,True,dnn,38,0.2,epsilon=0.5,0.39829092917481124,0.012544118323108122,0,spheroid,0.22646800061920658,,,,11.341104769379132,
30.565585963577764,30.0,10.188528654525921,10.062305898728956,2.9814239700056744,True,three_rg,38,0.2,epsilon=0.5,0.018852865452592127,0.012544118323108122,0,spheroid,0.001329994120169431,,,,,
29.181132777731765,30.0,10.169059373338465,10.062305898728956,2.9814239700056744,True,shannon,38,0.2,epsilon=0.5,-0.027295574075607832,0.010609245602739355,1,spheroid,17.54615800018655,True,37,5,,0.07728485123736561
30.9516529444898,30.0,10.169059373338465,10.062305898728956,2.9814239700056744,True,shannon_ex,38,0.2,epsilon=0.5,0.03172176481632671,0.010609245602739355,1,spheroid,17.717065995384473,False,39,0,,2.797321039846423
41.9476280024658,30.0,10.169059373338465,10.062305898728956,2.9814239700056744,True,dnn,38,0.2,epsilon=0.5,0.39825426674885994,0.010609245602739355,1,spheroid,0.2437430011923425,,,,11.341629862729908,
30.507178120015396,30.0,10.169059373338465,10.062305898728956,2.9814239700056744,True,three_rg,38,0.2,epsilon=0.5,0.016905937333846547,0.010609245602739355,1,spheroid,0.0013269964256323874,,,,,
30.062346219002816,30.0,10.168794526666868,10.062305898728956,2.9814239700056744,True,shannon,38,0.2,epsilon=0.5,0.002078207300093856,0.010582924928903562,2,spheroid,21.16288399702171,True,38,6,,0.2101550868844484
33.205609465804905,30.0,10.168794526666868,10.062305898728956,2.9814239700056744,True,shannon_ex,38,0.2,epsilon=0.5,0.10685364886016349,0.010582924928903562,2,spheroid,17.889652997837402,False,42,0,,0.7647352483033387
41.94272556989983,30.0,10.168794526666868,10.062305898728956,2.9814239700056744,True,dnn,38,0.2,epsilon=0.5,0.39809085232999425,0.010582924928903562,2,spheroid,0.20973599748685956,,,,11.34064524679343,
30.506383580000605,30.0,10.168794526666868,10.062305898728956,2.9814239700056744,True,three_rg,38,0.2,epsilon=0.5,0.016879452666686844,0.010582924928903562,2,spheroid,0.0011420052032917738,,,,,
5.1242122957744325,4.0,1.6391484746342195,1.6386814981791809,2.440986857082719,False,shannon,5,0.0,epsilon=1.5;X=0.16,0.2810530739436081,0.00028497084732912505,0,core_shell,17.14961899415357,True,3,7,,0.002107476610244241
5.126498018375029,4.0,1.6391484746342195,1.6386814981791809,2.440986857082719,False,shannon_ex,5,0.0,epsilon=1.5;X=0.16,0.2816245045937573,0.00028497084732912505,0,core_shell,21.7069319987786,True,3,7,,0.0035114603532409028
6.111231582185778,4.0,1.6391484746342195,1.6386814981791809,2.440986857082719,False,dnn,5,0.0,epsilon=1.5;X=0.16,0.5278078955464445,0.00028497084732912505,0,core_shell,0.218522000068333,,,,1.7514544636567428,
4.917445423902659,4.0,1.6391484746342195,1.6386814981791809,2.440986857082719,False,three_rg,5,0.0,epsilon=1.5;X=0.16,0.22936135597566465,0.00028497084732912505,0,core_shell,0.0010840012691915035,,,,,
5.090275248426227,4.0,1.7101956678178216,1.6386814981791809,2.440986857082719,False,shannon,5,0.02,epsilon=1.5;X=0.16,0.2725688121065568,0.043641287045776536,0,core_shell,22.172926997882314,True,3,7,,0.024187053016277993
5.120177389739197,4.0,1.7101956678178216,1.6386814981791809,2.440986857082719,False,shannon_ex,5,0.02,epsilon=1.5;X=0.16,0.28004434743479933,0.043641287045776536,0,core_shell,19.943300998420455,True,3,7,,0.000936389427530937
6.165949518002056,4.0,1.7101956678178216,1.6386814981791809,2.440986857082719,False,dnn,5,0.02,epsilon=1.5;X=0.16,0.541487379500514,0.043641287045776536,0,core_shell,0.2790360013023019,,,,1.7540303849052292,
5.130587003453465,4.0,1.7101956678178216,1.6386814981791809,2.440986857082719,False,three_rg,5,0.02,epsilon=1.5;X=0.16,0.2826467508633663,0.043641287045776536,0,core_shell,0.00187299883691594,,,,,
5.117960046654387,4.0,1.698625969682813,1.6386814981791809,2.440986857082719,False,shannon,5,0.02,epsilon=1.5;X=0.16,0.27949001166359677,0.0365809167737839,1,core_shell,18.247512001835275,True,3,7,,0.004125234497801777
5.124859336876852,4.0,1.698625969682813,1.6386814981791809,2.440986857082719,False,shannon_ex,5,0.02,epsilon=1.5;X=0.16,0.2812148342192129,0.0365809167737839,1,core_shell,18.081848000292666,True,3,7,,0.0
6.060708949864196,4.0,1.698625969682813,1.6386814981791809,2.440986857082719,False,dnn,5,0.02,epsilon=1.5;X=0.16,0.515177237466049,0.0365809167737839,1,core_shell,0.3780230035772547,,,,1.7481348891308146,
5.095877909048439,4.0,1.698625969682813,1.6386814981791809,2.440986857082719,False,three_rg,5,0.02,epsilon=1.5;X=0.16,0.27396947726210974,0.0365809167737839,1,core_shell,0.0027420028345659375,,,,,
5.1252531424599175,4.0,1.6962210768861967,1.6386814981791809,2.440986857082719,False,shannon,5,0.02,epsilon=1.5;X=0.16,0.28131328561497937,0.035113338846475606,2,core_shell,18.660524001461454,True,3,7,,0.004604028637261948
5.121113779166729,4.0,1.6962210768861967,1.6386814981791809,2.440986857082719,False,shannon_ex,5,0.02,epsilon=1.5;X=0.16,0.2802784447916822,0.035113338846475606,2,core_shell,16.985411995847244,True,3,7,,0.00046819471376524646
6.105755066796055,4.0,1.6962210768861967,1.6386814981791809,2.440986857082719,False,dnn,5,0.02,epsilon=1.5;X=0.16,0.5264387666990138,0.035113338846475606,2,core_shell,0.3211519942851737,,,,1.7516574047770619,
5.08866323065859,4.0,1.6962210768861967,1.6386814981791809,2.440986857082719,False,three_rg,5,0.02,epsilon=1.5;X=0.16,0.2721658076646476,0.035113338846475606,2,core_shell,0.0015240002539940178,,,,,
5.068317044453236,4.0,1.713592509233584,1.6386814981791809,2.440986857082719,False,shannon,5,0.05,epsilon=1.5;X=0.16,0.26707926111330904,0.04571419835864407,0,core_shell,18.938801003969274,True,3,7,,0.0029375871586867497
5.116900026742838,4.0,1.713592509233584,1.6386814981791809,2.440986857082719,False,shannon_ex,5,0.05,epsilon=1.5;X=0.16,0.2792250066857096,0.04571419835864407,0,core_shell,18.527512002037838,True,3,7,,0.001872778855061874
6.23376804131744,4.0,1.713592509233584,1.6386814981791809,2.440986857082719,False,dnn,5,0.05,epsilon=1.5;X=0.16,0.5584420103293599,0.04571419835864407,0,core_shell,0.22452700068242848,,,,1.757094192248492,
5.140777527700752,4.0,1.713592509233584,1.6386814981791809,2.440986857082719,False,three_rg,5,0.05,epsilon=1.5;X=0.16,0.2851943819251881,0.04571419835864407,0,core_shell,0.0016419944586232305,,,,,
5.117991853825612,4.0,1.6978851665903987,1.6386814981791809,2.440986857082719,False,shannon,5,0.05,epsilon=1.5;X=0.16,0.279497963456403,0.03612884412071651,1,core_shell,17.90793099644361,True,3,3,,0.0005659617221969171
5.08599917563432,4.0,1.6978851665903987,1.6386814981791809,2.440986857082719,False,shannon_ex,5,0.05,epsilon=1.5;X=0.16,0.2714997939085799,0.03612884412071651,1,core_shell,17.79189800436143,True,3,7,,0.02200515154697591
5.983991837563576,4.0,1.6978851665903987,1.6386814981791809,2.440986857082719,False,dnn,5,0.05,epsilon=1.5;X=0.16,0.4959979593908941,0.03612884412071651,1,core_shell,0.22640600218437612,,,,1.7433488979958343,
5.093655499771196,4.0,1.6978851665903987,1.6386814981791809,2.440986857082719,False,three_rg,5,0.05,epsilon=1.5;X=0.16,0.273413874942799,0.03612884412071651,1,core_shell,0.001481996150687337,,,,,
5.0260367697743495,4.0,1.7142008082450186,1.6386814981791809,2.440986857082719,False,shannon,5,0.05,epsilon=1.5;X=0.16,0.2565091924435874,0.04608541083166618,2,core_shell,18.996881997736637,True,3,7,,0.003428401616489829
5.1201773897391964,4.0,1.7142008082450186,1.6386814981791809,2.440986857082719,False,shannon_ex,5,0.05,epsilon=1.5;X=0.16,0.2800443474347991,0.04608541083166618,2,core_shell,19.027786001970526,True,3,7,,0.0009363894275304929
6.087297512121187,4.0,1.7142008082450186,1.6386814981791809,2.440986857082719,False,dnn,5,0.05,epsilon=1.5;X=0.16,0.5218243780302967,0.04608541083166618,2,core_shell,0.22511799761559814,,,,1.7512998250289646,
5.142602424735056,4.0,1.7142008082450186,1.6386814981791809,2.440986857082719,False,three_rg,5,0.05,epsilon=1.5;X=0.16,0.28565060618376403,0.04608541083166618,2,core_shell,0.0013899989426136017,,,,,
5.033811745439365,4.0,1.7219424442779987,1.6386814981791809,2.440986857082719,False,shannon,5,0.1,epsilon=1.5;X=0.16,0.25845293635984135,0.05080971878387176,0,core_shell,17.626111999561545,True,3,3,,0.00918369303614952
5.090915220128857,4.0,1.7219424442779987,1.6386814981791809,2.440986857082719,False,shannon_ex,5,0.1,epsilon=1.5;X=0.16,0.2727288050322143,0.05080971878387176,0,core_shell,16.414914003689773,True,3,7,,0.026921196041512552
6.354644474517261,4.0,1.7219424442779987,1.6386814981791809,2.440986857082719,False,dnn,5,0.1,epsilon=1.5;X=0.16,0.5886611186293154,0.05080971878387176,0,core_shell,0.22514499869430438,,,,1.7630763955349367,
5.165827332833996,4.0,1.7219424442779987,1.6386814981791809,2.440986857082719,False,three_rg,5,0.1,epsilon=1.5;X=0.16,0.291456833208499,0.05080971878387176,0,core_shell,0.0017290003597736359,,,,,
5.122778906470379,4.0,1.6963967502716666,1.6386814981791809,2.440986857082719,False,shannon,5,0.1,epsilon=1.5;X=0.16,0.28069472661759476,0.03522054295274339,1,core_shell,17.435720001230948,True,3,5,,0.008481983751358335
5.1148711829831885,4.0,1.6963967502716666,1.6386814981791809,2.440986857082719,False,shannon_ex,5,0.1,epsilon=1.5;X=0.16,0.27871779574579714,0.03522054295274339,1,core_shell,17.34013900568243,True,3,3,,0.009832088989074173
5.850128801389978,4.0,1.6963967502716666,1.6386814981791809,2.440986857082719,False,dnn,5,0.1,epsilon=1.5;X=0.16,0.46253220034749454,0.03522054295274339,1,core_shell,0.24638499598950148,,,,1.73575147453967,
5.089190250814999,4.0,1.6963967502716666,1.6386814981791809,2.440986857082719,False,three_rg,5,0.1,epsilon=1.5;X=0.16,0.27229756270374983,0.03522054295274339,1,core_shell,0.0011789961718022823,,,,,
4.960362482023971,4.0,1.7247435612044397,1.6386814981791809,2.440986857082719,False,shannon,5,0.1,epsilon=1.5;X=0.16,0.24009062050599272,0.05251909118452038,2,core_shell,18.28419599769404,True,3,1,,0.048292819713724455
5.050416377388147,4.0,1.7247435612044397,1.6386814981791809,2.440986857082719,False,shannon_ex,5,0.1,epsilon=1.5;X=0.16,0.2626040943470367,0.05251909118452038,2,core_shell,17.784825999115128,True,3,2,,0.031134948465401102
6.057630274006197,4.0,1.7247435612044397,1.6386814981791809,2.440986857082719,False,dnn,5,0.1,epsilon=1.5;X=0.16,0.5144075685015492,0.05251909118452038,2,core_shell,0.20031400345033035,,,,1.7508165773769666,
5.174230683613319,4.0,1.7247435612044397,1.6386814981791809,2.440986857082719,False,three_rg,5,0.1,epsilon=1.5;X=0.16,0.29355767090332985,0.05251909118452038,2,core_shell,0.0013169992598704994,,,,,
5.002272577702418,4.0,1.7375035004176467,1.6386814981791809,2.440986857082719,False,shannon,5,0.2,epsilon=1.5;X=0.16,0.2505681444256045,0.060305802163673525,0,core_shell,17.683001002296805,False,3,0,,0.081662664519631
4.97667570997009,4.0,1.7375035004176467,1.6386814981791809,2.440986857082719,False,shannon_ex,5,0.2,epsilon=1.5;X=0.16,0.2441689274925225,0.060305802163673525,0,core_shell,16.501808000612073,True,3,1,,0.044244400450833776
6.624703488861339,4.0,1.7375035004176467,1.6386814981791809,2.440986857082719,False,dnn,5,0.2,epsilon=1.5;X=0.16,0.6561758722153348,0.060305802163673525,0,core_shell,0.199838999833446,,,,1.7781579154050138,
5.21251050125294,4.0,1.7375035004176467,1.6386814981791809,2.440986857082719,False,three_rg,5,0.2,epsilon=1.5;X=0.16,0.3031276253132349,0.060305802163673525,0,core_shell,0.001196000084746629,,,,,
5.083076250996003,4.0,1.666910294154923,1.6386814981791809,2.440986857082719,False,shannon,5,0.2,epsilon=1.5;X=0.16,0.2707690627490007,0.01722652999201402,1,core_shell,17.64445600565523,True,3,5,,0.00900131558843631
5.121972136141964,4.0,1.666910294154923,1.6386814981791809,2.440986857082719,False,shannon_ex,5,0.2,epsilon=1.5;X=0.16,0.280493034035491,0.01722652999201402,1,core_shell,18.071389000397176,True,3,6,,0.01256322481937211
5.51514817182845,4.0,1.666910294154923,1.6386814981791809,2.440986857082719,False,dnn,5,0.2,epsilon=1.5;X=0.16,0.3787870429571125,0.01722652999201402,1,core_shell,0.20961600239388645,,,,1.7204047354074996,
5.000730882464769,4.0,1.666910294154923,1.6386814981791809,2.440986857082719,False,three_rg,5,0.2,epsilon=1.5;X=0.16,0.2501827206161922,0.01722652999201402,1,core_shell,0.00118200114229694,,,,,
5.03065768735482,4.0,1.7339920334188903,1.6386814981791809,2.440986857082719,False,shannon,5,0.2,epsilon=1.5;X=0.16,0.25766442183870497,0.058162940965412524,2,core_shell,18.177846999606118,True,6,5,,0.019420710774289862
4.899657679555676,4.0,1.7339920334188903,1.6386814981791809,2.440986857082719,False,shannon_ex,5,0.2,epsilon=1.5;X=0.16,0.22491441988891903,0.058162940965412524,2,core_shell,16.545027996471617,False,6,0,,0.49815917544642474
6.002387231758781,4.0,1.7339920334188903,1.6386814981791809,2.440986857082719,False,dnn,5,0.2,epsilon=1.5;X=0.16,0.5005968079396952,0.058162940965412524,2,core_shell,0.2559400018071756,,,,1.7502723299265295,
5.201976100256671,4.0,1.7339920334188903,1.6386814981791809,2.440986857082719,False,three_rg,5,0.2,epsilon=1.5;X=0.16,0.30049402506416767,0.058162940965412524,2,core_shell,0.0017649945220910013,,,,,
6.916394033849667,6.0,2.4595995852950283,2.4580222472692452,2.4409868570822484,False,shannon,7,0.0,epsilon=1.5;X=0.16,0.15273233897494443,0.0006417102316854271,0,core_shell,19.954333001805935,False,8,0,,0.4082935311589999
6.389628831776399,6.0,2.4595995852950283,2.4580222472692452,2.4409868570822484,False,shannon_ex,7,0.0,epsilon=1.5;X=0.16,0.06493813862939983,0.0006417102316854271,0,core_shell,21.638103004079312,True,8,2,,0.02580923359632692
7.370351114790891,6.0,2.4595995852950283,2.4580222472692452,2.4409868570822484,False,dnn,7,0.0,epsilon=1.5;X=0.16,0.22839185246514848,0.0006417102316854271,0,core_shell,0.30027300090296194,,,,2.45579455147677,
7.378798755885085,6.0,2.4595995852950283,2.4580222472692452,2.4409868570822484,False,three_rg,7,0.0,epsilon=1.5;X=0.16,0.22979979264751416,0.0006417102316854271,0,core_shell,0.002405999111942947,,,,,
7.799348645012037,6.0,2.5734054755463123,2.4580222472692452,2.4409868570822484,False,shannon,7,0.02,epsilon=1.5;X=0.16,0.2998914408353395,0.04694149062534025,0,core_shell,17.700550000881776,True,9,4,,0.0006433513688866022
6.459682465823572,6.0,2.5734054755463123,2.4580222472692452,2.4409868570822484,False,shannon_ex,7,0.02,epsilon=1.5;X=0.16,0.0766137443039286,0.04694149062534025,0,core_shell,17.89497300342191,True,8,1,,0.06390857842899944
7.392382829527419,6.0,2.5734054755463123,2.4580222472692452,2.4409868570822484,False,dnn,7,0.02,epsilon=1.5;X=0.16,0.23206380492123646,0.04694149062534025,0,core_shell,0.23110999609343708,,,,2.4587226262526487,
7.720216426638936,6.0,2.5734054755463123,2.4580222472692452,2.4409868570822484,False,three_rg,7,0.02,epsilon=1.5;X=0.16,0.2867027377731561,0.04694149062534025,0,core_shell,0.0019259969121776521,,,,,
7.837174991263673,6.0,2.5410310419919404,2.4580222472692452,2.4409868570822484,False,shannon,7,0.02,epsilon=1.5;X=0.16,0.30619583187727883,0.033770562823389534,1,core_shell,17.530605000501964,True,9,4,,0.0019057732814946604
7.713273811930868,6.0,2.5410310419919404,2.4580222472692452,2.4409868570822484,False,shannon_ex,7,0.02,epsilon=1.5;X=0.16,0.2855456353218114,0.033770562823389534,1,core_shell,17.326569999568164,False,9,0,,0.4965204939483807
7.343334702215259,6.0,2.5410310419919404,2.4580222472692452,2.4409868570822484,False,dnn,7,0.02,epsilon=1.5;X=0.16,0.22388911703587647,0.033770562823389534,1,core_shell,0.23445999977411702,,,,2.4543307330976267,
7.623093125975821,6.0,2.5410310419919404,2.4580222472692452,2.4409868570822484,False,three_rg,7,0.02,epsilon=1.5;X=0.16,0.27051552099597015,0.033770562823389534,1,core_shell,0.0011559968697838485,,,,,
7.745775326180603,6.0,2.5633408872940207,2.4580222472692452,2.4409868570822484,False,shannon,7,0.02,epsilon=1.5;X=0.16,0.29096255436343377,0.04284690268437554,2,core_shell,18.30690700444393,True,9,4,,0.007049187440058002
8.317947284759093,6.0,2.5633408872940207,2.4580222472692452,2.4409868570822484,False,shannon_ex,7,0.02,epsilon=1.5;X=0.16,0.38632454745984884,0.04284690268437554,2,core_shell,18.94760099821724,False,10,0,,0.17697760180338307
7.3793353598567615,6.0,2.5633408872940207,2.4580222472692452,2.4409868570822484,False,dnn,7,0.02,epsilon=1.5;X=0.16,0.22988922664279357,0.04284690268437554,2,core_shell,0.2766800025710836,,,,2.456503712200008,
7.690022661882062,6.0,2.5633408872940207,2.4580222472692452,2.4409868570822484,False,three_rg,7,0.02,epsilon=1.5;X=0.16,0.2816704436470103,0.04284690268437554,2,core_shell,0.0014999968698248267,,,,,
8.510310730663353,6.0,2.578882039594977,2.4580222472692452,2.4409868570822484,False,shannon,7,0.05,epsilon=1.5;X=0.16,0.4183851217772254,0.04916952743613362,0,core_shell,18.07734100293601,True,10,2,,0.005157764079189775
7.944327903174174,6.0,2.578882039594977,2.4580222472692452,2.4409868570822484,False,shannon_ex,7,0.05,epsilon=1.5;X=0.16,0.324054650529029,0.04916952743613362,0,core_shell,17.13302999996813,False,10,0,,0.270382447199613
7.422067151907347,6.0,2.578882039594977,2.4580222472692452,2.4409868570822484,False,dnn,7,0.05,epsilon=1.5;X=0.16,0.2370111919845579,0.04916952743613362,0,core_shell,0.21081400336697698,,,,2.462744122899243,
7.736646118784932,6.0,2.578882039594977,2.4580222472692452,2.4409868570822484,False,three_rg,7,0.05,epsilon=1.5;X=0.16,0.2894410197974886,0.04916952743613362,0,core_shell,0.0012669988791458309,,,,,
7.788631353731385,6.0,2.538667325205821,2.4580222472692452,2.4409868570822484,False,shannon,7,0.05,epsilon=1.5;X=0.16,0.2981052256218975,0.03280892922192591,1,core_shell,16.821106997667812,False,9,0,,0.12185603160987313
7.347028497087756,6.0,2.538667325205821,2.4580222472692452,2.4409868570822484,False,shannon_ex,7,0.05,epsilon=1.5;X=0.16,0.22450474951462596,0.03280892922192591,1,core_shell,16.61716800299473,True,9,1,,0.051618467192653394
7.300607941838377,6.0,2.538667325205821,2.4580222472692452,2.4409868570822484,False,dnn,7,0.05,epsilon=1.5;X=0.16,0.21676799030639624,0.03280892922192591,1,core_shell,0.19851099932566285,,,,2.4517591537612233,
7.616001975617463,6.0,2.538667325205821,2.4580222472692452,2.4409868570822484,False,three_rg,7,0.05,epsilon=1.5;X=0.16,0.26933366260291053,0.03280892922192591,1,core_shell,0.0015600016922689974,,,,,
8.20598109673062,6.0,2.5748293369095325,2.4580222472692452,2.4409868570822484,False,shannon,7,0.05,epsilon=1.5;X=0.16,0.3676635161217699,0.04752076177099489,2,core_shell,16.840054995554965,False,10,0,,0.759574654388286
6.995531315728259,6.0,2.5748293369095325,2.4580222472692452,2.4409868570822484,False,shannon_ex,7,0.05,epsilon=1.5;X=0.16,0.16592188595470989,0.04752076177099489,2,core_shell,16.664269998727832,False,8,0,,0.48668840495930343
7.379401777507898,6.0,2.5748293369095325,2.4580222472692452,2.4409868570822484,False,dnn,7,0.05,epsilon=1.5;X=0.16,0.22990029625131628,0.04752076177099489,2,core_shell,0.2317729959031567,,,,2.455853563280389,
7.724488010728598,6.0,2.5748293369095325,2.4580222472692452,2.4409868570822484,False,three_rg,7,0.05,epsilon=1.5;X=0.16,0.28741466845476626,0.04752076177099489,2,core_shell,0.0014030010788701475,,,,,
7.746638273093326,6.0,2.5685140162776197,2.4580222472692452,2.4409868570822484,False,shannon,7,0.1,epsilon=1.5;X=0.16,0.2911063788488876,0.04495149266086828,0,core_shell,22.031530999811366,False,9,0,,0.24144031753010076
6.978325159997375,6.0,2.5685140162776197,2.4580222472692452,2.4409868570822484,False,shannon_ex,7,0.1,epsilon=1.5;X=0.16,0.16305419333289586,0.04495149266086828,0,core_shell,18.57828000356676,False,8,0,,0.8037732748570314
7.4597658763277535,6.0,2.5685140162776197,2.4580222472692452,2.4409868570822484,False,dnn,7,0.1,epsilon=1.5;X=0.16,0.24329431272129223,0.04495149266086828,0,core_shell,0.24447000032523647,,,,2.4680515631110977,
7.705542048832859,6.0,2.5685140162776197,2.4580222472692452,2.4409868570822484,False,three_rg,7,0.1,epsilon=1.5;X=0.16,0.28425700813880983,0.04495149266086828,0,core_shell,0.001362997863907367,,,,,
7.627651260813895,6.0,2.535788318089696,2.4580222472692452,2.4409868570822484,False,shannon,7,0.1,epsilon=1.5;X=0.16,0.2712752101356492,0.03163765946660797,1,core_shell,19.323569002153818,True,9,1,,0.04564418972561768
7.351944541582295,6.0,2.535788318089696,2.4580222472692452,2.4409868570822484,False,shannon_ex,7,0.1,epsilon=1.5;X=0.16,0.22532409026371583,0.03163765946660797,1,core_shell,17.283530003624037,True,9,1,,0.051618467192653394
7.232775991346394,6.0,2.535788318089696,2.4580222472692452,2.4409868570822484,False,dnn,7,0.1,epsilon=1.5;X=0.16,0.20546266522439893,0.03163765946660797,1,core_shell,0.20119699911447242,,,,2.4476555830855418,
7.607364954269088,6.0,2.535788318089696,2.4580222472692452,2.4409868570822484,False,three_rg,7,0.1,epsilon=1.5;X=0.16,0.26789415904484803,0.03163765946660797,1,core_shell,0.0012939999578520656,,,,,
7.198717239606805,6.0,2.1867306317153625,2.4580222472692452,2.4409868570822484,True,shannon,7,0.1,epsilon=1.5;X=0.16,0.19978620660113414,-0.11036987800060628,2,core_shell,17.75096499477513,True,9,5,,0.003498769010744418
6.690736557066877,6.0,2.1867306317153625,2.4580222472692452,2.4409868570822484,True,shannon_ex,7,0.1,epsilon=1.5;X=0.16,0.11512275951114621,-0.11036987800060628,2,core_shell,17.500902999017853,False,8,0,,0.07374066741807628
7.378951234334553,6.0,2.1867306317153625,2.4580222472692452,2.4409868570822484,True,dnn,7,0.1,epsilon=1.5;X=0.16,0.22982520572242557,-0.11036987800060628,2,core_shell,0.33593300031498075,,,,2.4546893907586087,
6.560191895146088,6.0,2.1867306317153625,2.4580222472692452,2.4409868570822484,True,three_rg,7,0.1,epsilon=1.5;X=0.16,0.09336531585768126,-0.11036987800060628,2,core_shell,0.0013719982234761119,,,,,
6.49583517745795,6.0,2.5941833775790535,2.4580222472692452,2.4409868570822484,False,shannon,7,0.2,epsilon=1.5;X=0.16,0.0826391962429917,0.05539458825528422,0,core_shell,17.379356002493296,True,8,1,,0.010376733510316427
6.77430931347403,6.0,2.5941833775790535,2.4580222472692452,2.4409868570822484,False,shannon_ex,7,0.2,epsilon=1.5;X=0.16,0.12905155224567175,0.05539458825528422,0,core_shell,21.802468996611424,False,8,0,,0.27529849169415144
7.529284804731161,6.0,2.5941833775790535,2.4580222472692452,2.4409868570822484,False,dnn,7,0.2,epsilon=1.5;X=0.16,0.2548808007885269,0.05539458825528422,0,core_shell,0.2454329951433465,,,,2.478164985742615,
7.7825501327371605,6.0,2.5941833775790535,2.4580222472692452,2.4409868570822484,False,three_rg,7,0.2,epsilon=1.5;X=0.16,0.29709168878952674,0.05539458825528422,0,core_shell,0.0018540013115853071,,,,,
8.131503420100957,6.0,2.530025955227425,2.4580222472692452,2.4409868570822484,False,shannon,7,0.2,epsilon=1.5;X=0.16,0.3552505700168262,0.029293350797850847,1,core_shell,17.00122799957171,True,10,2,,0.07843080461205076
6.825927780666683,6.0,2.530025955227425,2.4580222472692452,2.4409868570822484,False,shannon_ex,7,0.2,epsilon=1.5;X=0.16,0.1376546301111139,0.029293350797850847,1,core_shell,17.806939002184663,False,8,0,,0.5776352281082642
7.109257970803612,6.0,2.530025955227425,2.4580222472692452,2.4409868570822484,False,dnn,7,0.2,epsilon=1.5;X=0.16,0.18487632846726867,0.029293350797850847,1,core_shell,0.2407489955658093,,,,2.4400899162535854,
7.590077865682275,6.0,2.530025955227425,2.4580222472692452,2.4409868570822484,False,three_rg,7,0.2,epsilon=1.5;X=0.16,0.2650129776137125,0.029293350797850847,1,core_shell,0.0022360036382451653,,,,,
7.696753951865406,6.0,2.541021443336192,2.4580222472692452,2.4409868570822484,False,shannon,7,0.2,epsilon=1.5;X=0.16,0.28279232531090104,0.0337666577913016,2,core_shell,21.81536400166806,False,9,0,,0.9223907839310934
6.146694299671292,6.0,2.541021443336192,2.4580222472692452,2.4409868570822484,False,shannon_ex,7,0.2,epsilon=1.5;X=0.16,0.02444904994521539,0.0337666577913016,2,core_shell,23.48245000030147,True,7,3,,0.0
7.380724703403011,6.0,2.541021443336192,2.4580222472692452,2.4409868570822484,False,dnn,7,0.2,epsilon=1.5;X=0.16,0.23012078390050186,0.0337666577913016,2,core_shell,0.26153199723921716,,,,2.4526821786862785,
7.623064330008576,6.0,2.541021443336192,2.4580222472692452,2.4409868570822484,False,three_rg,7,0.2,epsilon=1.5;X=0.16,0.27051072166809603,0.0337666577913016,2,core_shell,0.001577995135448873,,,,,
9.393806962433704,8.0,3.281106169204872,3.277362996359518,2.4409868570818576,False,shannon,10,0.0,epsilon=1.5;X=0.16,0.174225870304213,0.0011421294649118768,0,core_shell,16.951808996964246,False,11,0,,0.5282580932420524
8.920982076090679,8.0,3.281106169204872,3.277362996359518,2.4409868570818576,False,shannon_ex,10,0.0,epsilon=1.5;X=0.16,0.11512275951133488,0.0011421294649118768,0,core_shell,16.804881001007743,False,11,0,,0.6489178732792471
8.044765104107913,8.0,3.281106169204872,3.277362996359518,2.4409868570818576,False,dnn,10,0.0,epsilon=1.5;X=0.16,0.005595638013489168,0.0011421294649118768,0,core_shell,0.19839299784507602,,,,3.314543098153644,
9.843318507614617,8.0,3.281106169204872,3.277362996359518,2.4409868570818576,False,three_rg,10,0.0,epsilon=1.5;X=0.16,0.23041481345182713,0.0011421294649118768,0,core_shell,0.0011160009307786822,,,,,
11.578881736721872,8.0,3.3896023819442345,3.277362996359518,2.4409868570818576,False,shannon,10,0.02,epsilon=1.5;X=0.16,0.447360217090234,0.03424685813240444,0,core_shell,17.363242994179018,True,14,1,,0.0
11.47077048725863,8.0,3.3896023819442345,3.277362996359518,2.4409868570818576,False,shannon_ex,10,0.02,epsilon=1.5;X=0.16,0.4338463109073287,0.03424685813240444,0,core_shell,18.754081000224687,True,14,1,,0.0
8.04329209570594,8.0,3.3896023819442345,3.277362996359518,2.4409868570818576,False,dnn,10,0.02,epsilon=1.5;X=0.16,0.005411511963242521,0.03424685813240444,0,core_shell,0.23853300081100315,,,,3.3150316131209654,
10.168807145832703,8.0,3.3896023819442345,3.277362996359518,2.4409868570818576,False,three_rg,10,0.02,epsilon=1.5;X=0.16,0.2711008932290879,0.03424685813240444,0,core_shell,0.0012230011634528637,,,,,
11.714507005068107,8.0,3.398464463321276,3.277362996359518,2.4409868570818576,False,shannon,10,0.02,epsilon=1.5;X=0.16,0.4643133756335134,0.036950886153373025,1,core_shell,16.86973899631994,True,14,6,,0.005664107438867916
11.47077048725863,8.0,3.398464463321276,3.277362996359518,2.4409868570818576,False,shannon_ex,10,0.02,epsilon=1.5;X=0.16,0.4338463109073287,0.036950886153373025,1,core_shell,17.171414001495577,True,14,1,,0.0
8.042509603306657,8.0,3.398464463321276,3.277362996359518,2.4409868570818576,False,dnn,10,0.02,epsilon=1.5;X=0.16,0.005313700413332123,0.036950886153373025,1,core_shell,0.23659800353925675,,,,3.3142902799789624,
10.19539338996383,8.0,3.398464463321276,3.277362996359518,2.4409868570818576,False,three_rg,10,0.02,epsilon=1.5;X=0.16,0.2744241737454787,0.036950886153373025,1,core_shell,0.0015529949450865388,,,,,
11.716574612835984,8.0,3.385119210919874,3.277362996359518,2.4409868570818576,False,shannon,10,0.02,epsilon=1.5;X=0.16,0.46457182660449803,0.03287893793884018,2,core_shell,18.406933995720465,True,14,5,,0.016248572212416157
11.47077048725863,8.0,3.385119210919874,3.277362996359518,2.4409868570818576,False,shannon_ex,10,0.02,epsilon=1.5;X=0.16,0.4338463109073287,0.03287893793884018,2,core_shell,25.0827380004921,True,14,1,,0.0
8.043621701035192,8.0,3.385119210919874,3.277362996359518,2.4409868570818576,False,dnn,10,0.02,epsilon=1.5;X=0.16,0.005452712629399059,0.03287893793884018,2,core_shell,0.30205800430849195,,,,3.3145961976186955,
10.155357632759621,8.0,3.385119210919874,3.277362996359518,2.4409868570818576,False,three_rg,10,0.02,epsilon=1.5;X=0.16,0.26941970409495264,0.03287893793884018,2,core_shell,0.0018999999156221747,,,,,
11.900939581039285,8.0,3.4035747815131567,3.277362996359518,2.4409868570818576,False,shannon,10,0.05,epsilon=1.5;X=0.16,0.48761744762991066,0.03851016359610888,0,core_shell,22.512430005008355,True,15,5,,0.01837930382017383
10.0778912138057,8.0,3.4035747815131567,3.277362996359518,2.4409868570818576,False,shannon_ex,10,0.05,epsilon=1.5;X=0.16,0.25973640172571244,0.03851016359610888,0,core_shell,19.26575999823399,False,12,0,,0.9406031799552723
8.041254897318838,8.0,3.4035747815131567,3.277362996359518,2.4409868570818576,False,dnn,10,0.05,epsilon=1.5;X=0.16,0.005156862164854781,0.03851016359610888,0,core_shell,0.24257899349322543,,,,3.3157685618123303,
10.21072434453947,8.0,3.4035747815131567,3.277362996359518,2.4409868570818576,False,three_rg,10,0.05,epsilon=1.5;X=0.16,0.2763405430674337,0.03851016359610888,0,core_shell,0.001644002622924745,,,,,
11.770459804102538,8.0,3.4048191507384744,3.277362996359518,2.4409868570818576,False,shannon,10,0.05,epsilon=1.5;X=0.16,0.47130747551281726,0.038889849711653574,1,core_shell,18.527977998019196,True,14,6,,0.022698794338253947
8.347443551727707,8.0,3.4048191507384744,3.277362996359518,2.4409868570818576,False,shannon_ex,10,0.05,epsilon=1.5;X=0.16,0.043430443965963406,0.038889849711653574,1,core_shell,19.70676599739818,True,10,1,,0.03605099295995817
8.039132321973836,8.0,3.4048191507384744,3.277362996359518,2.4409868570818576,False,dnn,10,0.05,epsilon=1.5;X=0.16,0.004891540246729553,0.038889849711653574,1,core_shell,0.47398100286955014,,,,3.313911212729951,
10.214457452215424,8.0,3.4048191507384744,3.277362996359518,2.4409868570818576,False,three_rg,10,0.05,epsilon=1.5;X=0.16,0.27680718152692796,0.038889849711653574,1,core_shell,0.0021419982658699155,,,,,
11.78285288972588,8.0,3.4317323109731412,3.277362996359518,2.4409868570818576,False,shannon,10,0.05,epsilon=1.5;X=0.16,0.4728566112157351,0.04710168351357355,2,core_shell,18.441836997226346,True,14,4,,0.02402212617680899
10.775969532030345,8.0,3.4317323109731412,3.277362996359518,2.4409868570818576,False,shannon_ex,10,0.05,epsilon=1.5;X=0.16,0.3469961915037931,0.04710168351357355,2,core_shell,23.95632200205,True,13,1,,0.07210198591991634
8.041908112591436,8.0,3.4317323109731412,3.277362996359518,2.4409868570818576,False,dnn,10,0.05,epsilon=1.5;X=0.16,0.005238514073929501,0.04710168351357355,2,core_shell,0.5040449977968819,,,,3.3146757798392663,
10.295196932919424,8.0,3.4317323109731412,3.277362996359518,2.4409868570818576,False,three_rg,10,0.05,epsilon=1.5;X=0.16,0.286899616614928,0.04710168351357355,2,core_shell,0.0029660004656761885,,,,,
10.22123641836897,8.0,3.4253473251906414,3.277362996359518,2.4409868570818576,False,shannon,10,0.1,epsilon=1.5;X=0.16,0.27765455229612135,0.04515347521635649,0,core_shell,18.723021996265743,True,13,1,,0.0
8.563749509487458,8.0,3.4253473251906414,3.277362996359518,2.4409868570818576,False,shannon_ex,10,0.1,epsilon=1.5;X=0.16,0.07046868868593226,0.04515347521635649,0,core_shell,17.392447000020184,False,10,0,,0.1933644167852302
8.03832008612928,8.0,3.4253473251906414,3.277362996359518,2.4409868570818576,False,dnn,10,0.1,epsilon=1.5;X=0.16,0.0047900107661600355,0.04515347521635649,0,core_shell,0.22787399939261377,,,,3.3170069901663046,
10.276041975571925,8.0,3.4253473251906414,3.277362996359518,2.4409868570818576,False,three_rg,10,0.1,epsilon=1.5;X=0.16,0.2845052469464906,0.04515347521635649,0,core_shell,0.0015980040188878775,,,,,
11.748967607634123,8.0,3.420369026967839,3.277362996359518,2.4409868570818576,False,shannon,10,0.1,epsilon=1.5;X=0.16,0.46862095095426537,0.043634480149794666,1,core_shell,18.791369002428837,True,14,4,,0.018812029648321626
10.998830215782814,8.0,3.420369026967839,3.277362996359518,2.4409868570818576,False,shannon_ex,10,0.1,epsilon=1.5;X=0.16,0.3748537769728517,0.043634480149794666,1,core_shell,16.960065004241187,False,14,0,,0.39983828555589973
8.033519519856481,8.0,3.420369026967839,3.277362996359518,2.4409868570818576,False,dnn,10,0.1,epsilon=1.5;X=0.16,0.004189939982060187,0.043634480149794666,1,core_shell,0.20256899733794853,,,,3.313279860738192,
10.261107080903518,8.0,3.420369026967839,3.277362996359518,2.4409868570818576,False,three_rg,10,0.1,epsilon=1.5;X=0.16,0.2826383851129397,0.043634480149794666,1,core_shell,0.0014370016288012266,,,,,
11.74217375583925,8.0,3.4185902398507286,3.277362996359518,2.4409868570818576,False,shannon,10,0.1,epsilon=1.5;X=0.16,0.46777171947990626,0.04309173065299303,2,core_shell,16.910899998038076,True,14,5,,0.008204616575640422
10.222095185645532,8.0,3.4185902398507286,3.277362996359518,2.4409868570818576,False,shannon_ex,10,0.1,epsilon=1.5;X=0.16,0.2777618982056915,0.04309173065299303,2,core_shell,16.88437900156714,False,13,0,,0.6259763323047283
8.039056171377059,8.0,3.4185902398507286,3.277362996359518,2.4409868570818576,False,dnn,10,0.1,epsilon=1.5;X=0.16,0.004882021422132343,0.04309173065299303,2,core_shell,0.1996610008063726,,,,3.3148082382676702,
10.255770719552185,8.0,3.4185902398507286,3.277362996359518,2.4409868570818576,False,three_rg,10,0.1,epsilon=1.5;X=0.16,0.2819713399440231,0.04309173065299303,2,core_shell,0.0015940022422000766,,,,,
11.020494258839623,8.0,3.41350294528094,3.277362996359518,2.4409868570818576,False,shannon,10,0.2,epsilon=1.5;X=0.16,0.37756178235495286,0.04153947825512328,0,core_shell,17.567180999321863,True,14,2,,0.05290929565185731
8.32777937374955,8.0,3.41350294528094,3.277362996359518,2.4409868570818576,False,shannon_ex,10,0.2,epsilon=1.5;X=0.16,0.04097242171869375,0.04153947825512328,0,core_shell,17.092647001845762,True,10,1,,0.01638681498179917
8.034178612593292,8.0,3.41350294528094,3.277362996359518,2.4409868570818576,False,dnn,10,0.2,epsilon=1.5;X=0.16,0.004272326574161545,0.04153947825512328,0,core_shell,0.2700490003917366,,,,3.3195157262797634,
10.240508835842821,8.0,3.41350294528094,3.277362996359518,2.4409868570818576,False,three_rg,10,0.2,epsilon=1.5;X=0.16,0.2800636044803526,0.04153947825512328,0,core_shell,0.0015949990483932197,,,,,
11.247751927358056,8.0,3.41358176854577,3.277362996359518,2.4409868570818576,False,shannon,10,0.2,epsilon=1.5;X=0.16,0.405968990919757,0.04156352907430854,1,core_shell,18.446001995471306,False,14,0,,0.3038087774005449
9.592841490344444,8.0,3.41358176854577,3.277362996359518,2.4409868570818576,False,shannon_ex,10,0.2,epsilon=1.5;X=0.16,0.1991051862930555,0.04156352907430854,1,core_shell,25.286473995947745,False,12,0,,0.6325310582974479
8.019248141729008,8.0,3.41358176854577,3.277362996359518,2.4409868570818576,False,dnn,10,0.2,epsilon=1.5;X=0.16,0.00240601771612603,0.04156352907430854,1,core_shell,0.20104100258322433,,,,3.312067056932028,
10.24074530563731,8.0,3.41358176854577,3.277362996359518,2.4409868570818576,False,three_rg,10,0.2,epsilon=1.5;X=0.16,0.2800931632046637,0.04156352907430854,1,core_shell,0.0015170007827691734,,,,,
11.596395125863346,8.0,3.400702382951181,3.277362996359518,2.4409868570818576,False,shannon,10,0.2,epsilon=1.5;X=0.16,0.4495493907329182,0.03763372770384839,2,core_shell,20.021422002173495,True,14,1,,0.04080842859541178
10.018898679871224,8.0,3.400702382951181,3.277362996359518,2.4409868570818576,False,shannon_ex,10,0.2,epsilon=1.5;X=0.16,0.25236233498390304,0.03763372770384839,2,core_shell,19.401439996727277,False,12,0,,0.8226181120863183
8.027073877541994,8.0,3.400702382951181,3.277362996359518,2.4409868570818576,False,dnn,10,0.2,epsilon=1.5;X=0.16,0.0033842346927492883,0.03763372770384839,2,core_shell,0.20145100279478356,,,,3.315164540102618,
10.202107148853543,8.0,3.400702382951181,3.277362996359518,2.4409868570818576,False,three_rg,10,0.2,epsilon=1.5;X=0.16,0.27526339360669283,0.03763372770384839,2,core_shell,0.001367996446788311,,,,,
10.3134159585758,10.0,4.104025451084679,4.096703745449352,2.440986857081885,False,shannon,12,0.0,epsilon=1.5;X=0.16,0.03134159585757992,0.0017872187227256048,0,core_shell,19.351025999640115,True,13,1,,0.05335233086410085
10.303209919805116,10.0,4.104025451084679,4.096703745449352,2.440986857081885,False,shannon_ex,12,0.0,epsilon=1.5;X=0.16,0.030320991980511636,0.0017872187227256048,0,core_shell,18.798454002535436,True,13,1,,0.06145055618173689
9.90627215372284,10.0,4.104025451084679,4.096703745449352,2.440986857081885,False,dnn,12,0.0,epsilon=1.5;X=0.16,-0.00937278462771598,0.0017872187227256048,0,core_shell,0.20036700152559206,,,,4.08656735039626,
12.312076353254037,10.0,4.104025451084679,4.096703745449352,2.440986857081885,False,three_rg,12,0.0,epsilon=1.5;X=0.16,0.2312076353254037,0.0017872187227256048,0,core_shell,0.00123800418805331,,,,,
14.934706475184562,10.0,4.290349461414736,4.096703745449352,2.440986857081885,False,shannon,12,0.02,epsilon=1.5;X=0.16,0.4934706475184562,0.04726866476017139,0,core_shell,19.058388999837916,True,19,2,,0.0471938440755606
10.307306623550566,10.0,4.290349461414736,4.096703745449352,2.440986857081885,False,shannon_ex,12,0.02,epsilon=1.5;X=0.16,0.030730662355056636,0.04726866476017139,0,core_shell,19.559101994673256,True,13,1,,0.05735385243628777
9.904919249813487,10.0,4.290349461414736,4.096703745449352,2.440986857081885,False,dnn,12,0.02,epsilon=1.5;X=0.16,-0.009508075018651318,0.04726866476017139,0,core_shell,0.19745399913517758,,,,4.086640701542981,
12.871048384244208,10.0,4.290349461414736,4.096703745449352,2.440986857081885,False,three_rg,12,0.02,epsilon=1.5;X=0.16,0.2871048384244208,0.04726866476017139,0,core_shell,0.001305001205764711,,,,,
14.372620723671904,10.0,4.131250567310119,4.096703745449352,2.440986857081885,False,shannon,12,0.02,epsilon=1.5;X=0.16,0.4372620723671904,0.008432833811608293,1,core_shell,22.99592200142797,True,18,1,,0.09501876304813273
11.32328915242195,10.0,4.131250567310119,4.096703745449352,2.440986857081885,False,shannon_ex,12,0.02,epsilon=1.5;X=0.16,0.13232891524219498,0.008432833811608293,1,core_shell,22.438329993747175,False,14,0,,1.0159825288713833
9.905884686795195,10.0,4.131250567310119,4.096703745449352,2.440986857081885,False,dnn,12,0.02,epsilon=1.5;X=0.16,-0.009411531320480471,0.008432833811608293,1,core_shell,0.30636400333605707,,,,4.086511910258905,
12.39375170193036,10.0,4.131250567310119,4.096703745449352,2.440986857081885,False,three_rg,12,0.02,epsilon=1.5;X=0.16,0.23937517019303592,0.008432833811608293,1,core_shell,0.0016989943105727434,,,,,
15.006656864750411,10.0,4.333635326972238,4.096703745449352,2.440986857081885,False,shannon,12,0.02,epsilon=1.5;X=0.16,0.5006656864750412,0.05783468765249901,2,core_shell,17.64930199715309,True,19,6,,0.012278633426420882
11.642832044566982,10.0,4.333635326972238,4.096703745449352,2.440986857081885,False,shannon_ex,12,0.02,epsilon=1.5;X=0.16,0.16428320445669814,0.05783468765249901,2,core_shell,19.157146001816727,False,14,0,,1.0651429738167728
9.90590282895128,10.0,4.333635326972238,4.096703745449352,2.440986857081885,False,dnn,12,0.02,epsilon=1.5;X=0.16,-0.009409717104871974,0.05783468765249901,2,core_shell,0.21009999909438193,,,,4.08656347706248,
13.000905980916713,10.0,4.333635326972238,4.096703745449352,2.440986857081885,False,three_rg,12,0.02,epsilon=1.5;X=0.16,0.30009059809167127,0.05783468765249901,2,core_shell,0.001214997610077262,,,,,
14.849625250899619,10.0,4.2451758864778775,4.096703745449352,2.440986857081885,False,shannon,12,0.05,epsilon=1.5;X=0.16,0.4849625250899619,0.03624185448934393,0,core_shell,17.71847700001672,True,18,3,,0.008490351772955762
12.02382549289375,10.0,4.2451758864778775,4.096703745449352,2.440986857081885,False,shannon_ex,12,0.05,epsilon=1.5;X=0.16,0.20238254928937494,0.03624185448934393,0,core_shell,18.200498998339754,False,15,0,,1.3150419022891695
9.902899448458125,10.0,4.2451758864778775,4.096703745449352,2.440986857081885,False,dnn,12,0.05,epsilon=1.5;X=0.16,-0.009710055154187458,0.03624185448934393,0,core_shell,0.20155999663984403,,,,4.086751012655327,
12.735527659433632,10.0,4.2451758864778775,4.096703745449352,2.440986857081885,False,three_rg,12,0.05,epsilon=1.5;X=0.16,0.27355276594336325,0.03624185448934393,0,core_shell,0.001377993612550199,,,,,
14.932072111975028,10.0,4.301951055020087,4.096703745449352,2.440986857081885,False,shannon,12,0.05,epsilon=1.5;X=0.16,0.4932072111975028,0.05010059851135817,1,core_shell,18.179846003476996,True,19,1,,0.047321461605224435
10.307306623550566,10.0,4.301951055020087,4.096703745449352,2.440986857081885,False,shannon_ex,12,0.05,epsilon=1.5;X=0.16,0.030730662355056636,0.05010059851135817,1,core_shell,17.42067599843722,True,13,1,,0.05735385243628777
9.905303428735115,10.0,4.301951055020087,4.096703745449352,2.440986857081885,False,dnn,12,0.05,epsilon=1.5;X=0.16,-0.009469657126488507,0.05010059851135817,1,core_shell,0.2490539991413243,,,,4.086428740492364,
12.905853165060261,10.0,4.301951055020087,4.096703745449352,2.440986857081885,False,three_rg,12,0.05,epsilon=1.5;X=0.16,0.2905853165060261,0.05010059851135817,1,core_shell,0.0018870050553232431,,,,,
14.00753648869589,10.0,4.237004382545621,4.096703745449352,2.440986857081885,False,shannon,12,0.05,epsilon=1.5;X=0.16,0.4007536488695891,0.03424720111922076,2,core_shell,18.04512999660801,True,17,1,,0.0
11.79031337940315,10.0,4.237004382545621,4.096703745449352,2.440986857081885,False,shannon_ex,12,0.05,epsilon=1.5;X=0.16,0.179031337940315,0.03424720111922076,2,core_shell,21.245502000965644,False,15,0,,0.3605099295995231
9.905349141567633,10.0,4.237004382545621,4.096703745449352,2.440986857081885,False,dnn,12,0.05,epsilon=1.5;X=0.16,-0.009465085843236664,0.03424720111922076,2,core_shell,0.35769600071944296,,,,4.086557675334623,
12.711013147636862,10.0,4.237004382545621,4.096703745449352,2.440986857081885,False,three_rg,12,0.05,epsilon=1.5;X=0.16,0.2711013147636862,0.03424720111922076,2,core_shell,0.003002001903951168,,,,,
13.873234649945466,10.0,4.317844584483468,4.096703745449352,2.440986857081885,False,shannon,12,0.1,epsilon=1.5;X=0.16,0.3873234649945466,0.053980188164633805,0,core_shell,17.058003999409266,False,17,0,,1.1010503690433149
12.867746464456271,10.0,4.317844584483468,4.096703745449352,2.440986857081885,False,shannon_ex,12,0.1,epsilon=1.5;X=0.16,0.2867746464456271,0.053980188164633805,0,core_shell,17.315195000264794,False,16,0,,0.9135649352351551
9.899558428006925,10.0,4.317844584483468,4.096703745449352,2.440986857081885,False,dnn,12,0.1,epsilon=1.5;X=0.16,-0.010044157199307513,0.053980188164633805,0,core_shell,0.23586000315845013,,,,4.086935607799438,
12.953533753450404,10.0,4.317844584483468,4.096703745449352,2.440986857081885,False,three_rg,12,0.1,epsilon=1.5;X=0.16,0.29535337534504047,0.053980188164633805,0,core_shell,0.0016120029613375664,,,,,
13.717196360008042,10.0,4.298040532667426,4.096703745449352,2.440986857081885,False,shannon,12,0.1,epsilon=1.5;X=0.16,0.37171963600080427,0.04914604514464113,1,core_shell,22.025013000529725,True,17,2,,0.11389807411568498
10.303209919805116,10.0,4.298040532667426,4.096703745449352,2.440986857081885,False,shannon_ex,12,0.1,epsilon=1.5;X=0.16,0.030320991980511636,0.04914604514464113,1,core_shell,21.147924002434593,True,13,1,,0.06145055618173689
9.90433451163677,10.0,4.298040532667426,4.096703745449352,2.440986857081885,False,dnn,12,0.1,epsilon=1.5;X=0.16,-0.00956654883632293,0.04914604514464113,1,core_shell,0.38458200288005173,,,,4.086290098740255,
12.894121598002279,10.0,4.298040532667426,4.096703745449352,2.440986857081885,False,three_rg,12,0.1,epsilon=1.5;X=0.16,0.2894121598002279,0.04914604514464113,1,core_shell,0.002152999513782561,,,,,
13.666463267806,10.0,4.235692939037917,4.096703745449352,2.440986857081885,False,shannon,12,0.1,epsilon=1.5;X=0.16,0.3666463267806,0.03392707948260975,2,core_shell,26.974795997375622,True,17,4,,0.02964985057326608
13.588766323655317,10.0,4.235692939037917,4.096703745449352,2.440986857081885,False,shannon_ex,12,0.1,epsilon=1.5;X=0.16,0.35887663236553174,0.03392707948260975,2,core_shell,23.640001003514044,False,17,0,,0.6841495254900041
9.904427127928088,10.0,4.235692939037917,4.096703745449352,2.440986857081885,False,dnn,12,0.1,epsilon=1.5;X=0.16,-0.009557287207191224,0.03392707948260975,2,core_shell,0.26679199800128117,,,,4.0865480278068915,
12.70707881711375,10.0,4.235692939037917,4.096703745449352,2.440986857081885,False,three_rg,12,0.1,epsilon=1.5;X=0.16,0.270707881711375,0.03392707948260975,2,core_shell,0.0022790045477449894,,,,,
13.487377334765826,10.0,4.349363861581986,4.096703745449352,2.440986857081885,False,shannon,12,0.2,epsilon=1.5;X=0.16,0.3487377334765826,0.061674002278854195,0,core_shell,24.621871001727413,True,17,1,,0.039144274754239206
11.384739708603686,10.0,4.349363861581986,4.096703745449352,2.440986857081885,False,shannon_ex,12,0.2,epsilon=1.5;X=0.16,0.13847397086036856,0.061674002278854195,0,core_shell,24.050090003584046,False,14,0,,0.7906638228716814
9.892970225418592,10.0,4.349363861581986,4.096703745449352,2.440986857081885,False,dnn,12,0.2,epsilon=1.5;X=0.16,-0.010702977458140773,0.061674002278854195,0,core_shell,0.2862049950635992,,,,4.087307484701755,
13.048091584745958,10.0,4.349363861581986,4.096703745449352,2.440986857081885,False,three_rg,12,0.2,epsilon=1.5;X=0.16,0.3048091584745958,0.061674002278854195,0,core_shell,0.0016810008673928678,,,,,
15.031648161128201,10.0,4.297212167275069,4.096703745449352,2.440986857081885,False,shannon,12,0.2,epsilon=1.5;X=0.16,0.5031648161128202,0.048943842241080726,1,core_shell,25.764491998415906,True,19,1,,0.0
10.307306623550566,10.0,4.297212167275069,4.096703745449352,2.440986857081885,False,shannon_ex,12,0.2,epsilon=1.5;X=0.16,0.030730662355056636,0.048943842241080726,1,core_shell,24.69832500355551,True,13,1,,0.06554725992718602
9.902396101994604,10.0,4.297212167275069,4.096703745449352,2.440986857081885,False,dnn,12,0.2,epsilon=1.5;X=0.16,-0.00976038980053957,0.048943842241080726,1,core_shell,0.2582539964350872,,,,4.0860127198426515,
12.891636501825207,10.0,4.297212167275069,4.096703745449352,2.440986857081885,False,three_rg,12,0.2,epsilon=1.5;X=0.16,0.2891636501825207,0.048943842241080726,1,core_shell,0.0017170023056678474,,,,,
15.082646916450761,10.0,4.317963617649715,4.096703745449352,2.440986857081885,False,shannon,12,0.2,epsilon=1.5;X=0.16,0.5082646916450761,0.05400924400407045,2,core_shell,20.255570001609158,True,19,2,,0.025907781705900135
13.396221247619208,10.0,4.317963617649715,4.096703745449352,2.440986857081885,False,shannon_ex,12,0.2,epsilon=1.5;X=0.16,0.3396221247619208,0.05400924400407045,2,core_shell,19.021542997506913,False,17,0,,0.8685011940352148
9.902586090727715,10.0,4.317963617649715,4.096703745449352,2.440986857081885,False,dnn,12,0.2,epsilon=1.5;X=0.16,-0.009741390927228543,0.05400924400407045,2,core_shell,0.2928340036305599,,,,4.086528815037756,
12.953890852949145,10.0,4.317963617649715,4.096703745449352,2.440986857081885,False,three_rg,12,0.2,epsilon=1.5;X=0.16,0.29538908529491453,0.05400924400407045,2,core_shell,0.001562999386806041,,,,,
16.12131133760233,14.0,5.755555636416372,5.735385243627751,2.440986857082456,False,shannon,17,0.0,epsilon=1.5;X=0.16,0.15152223840016635,0.0035168331213725466,0,core_shell,24.61573800246697,True,20,1,,0.13237777963758202
15.669072485591006,14.0,5.755555636416372,5.735385243627751,2.440986857082456,False,shannon_ex,17,0.0,epsilon=1.5;X=0.16,0.11921946325650039,0.0035168331213725466,0,core_shell,25.215339999704156,False,19,0,,0.5850092948500274
32.89147447295095,14.0,5.755555636416372,5.735385243627751,2.440986857082456,False,dnn,17,0.0,epsilon=1.5;X=0.16,1.3493910337822104,0.0035168331213725466,0,core_shell,0.270534997980576,,,,7.449493043224106,
17.266666909249118,14.0,5.755555636416372,5.735385243627751,2.440986857082456,False,three_rg,17,0.0,epsilon=1.5;X=0.16,0.23333335066065125,0.0035168331213725466,0,core_shell,0.0016210033209063113,,,,,
18.981239215181414,14.0,5.788728031467444,5.735385243627751,2.440986857082456,False,shannon,17,0.02,epsilon=1.5;X=0.16,0.3558028010843867,0.009300646002630574,0,core_shell,25.886277995596174,False,24,0,,0.4225771462970904
16.27702332141554,14.0,5.788728031467444,5.735385243627751,2.440986857082456,False,shannon_ex,17,0.02,epsilon=1.5;X=0.16,0.16264452295825294,0.009300646002630574,0,core_shell,26.419662004627753,False,20,0,,0.3097108031558964
32.87313055016731,14.0,5.788728031467444,5.735385243627751,2.440986857082456,False,dnn,17,0.02,epsilon=1.5;X=0.16,1.3480807535833794,0.009300646002630574,0,core_shell,0.2751140054897405,,,,7.4474083747555975,
17.366184094402332,14.0,5.788728031467444,5.735385243627751,2.440986857082456,False,three_rg,17,0.02,epsilon=1.5;X=0.16,0.24044172102873798,0.009300646002630574,0,core_shell,0.0014859979273751378,,,,,
18.88680121502263,14.0,5.832860165232503,5.735385243627751,2.440986857082456,False,shannon,17,0.02,epsilon=1.5;X=0.16,0.3490572296444735,0.01699535732373884,1,core_shell,17.548688003444113,False,24,0,,0.5249574148708991
18.0894050584019,14.0,5.832860165232503,5.735385243627751,2.440986857082456,False,shannon_ex,17,0.02,epsilon=1.5;X=0.16,0.2921003613144215,0.01699535732373884,1,core_shell,22.356555004080292,True,23,1,,0.0
32.89599955364678,14.0,5.832860165232503,5.735385243627751,2.440986857082456,False,dnn,17,0.02,epsilon=1.5;X=0.16,1.349714253831913,0.01699535732373884,1,core_shell,0.43960000039078295,,,,7.450275733789791,
17.49858049569751,14.0,5.832860165232503,5.735385243627751,2.440986857082456,False,three_rg,17,0.02,epsilon=1.5;X=0.16,0.24989860683553644,0.01699535732373884,1,core_shell,0.0017279962776228786,,,,,
19.589094053638707,14.0,5.872030591618348,5.735385243627751,2.440986857082456,False,shannon,17,0.02,epsilon=1.5;X=0.16,0.39922100383133624,0.02382496418046469,2,core_shell,20.44423699408071,False,24,0,,0.5754589979785862
16.592469509815068,14.0,5.872030591618348,5.735385243627751,2.440986857082456,False,shannon_ex,17,0.02,epsilon=1.5;X=0.16,0.18517639355821913,0.02382496418046469,2,core_shell,21.117388998391107,False,21,0,,1.5198770895613425
32.8904028079051,14.0,5.872030591618348,5.735385243627751,2.440986857082456,False,dnn,17,0.02,epsilon=1.5;X=0.16,1.3493144862789355,0.02382496418046469,2,core_shell,0.21984799968777224,,,,7.449439207910096,
17.616091774855043,14.0,5.872030591618348,5.735385243627751,2.440986857082456,False,three_rg,17,0.02,epsilon=1.5;X=0.16,0.25829226963250307,0.02382496418046469,2,core_shell,0.0012649979908019304,,,,,
19.905428908433482,14.0,5.687265402409641,5.735385243627751,2.440986857082456,False,shannon,17,0.05,epsilon=1.5;X=0.16,0.4218163506023916,-0.008389992855592953,0,core_shell,17.82565399480518,True,25,1,,0.0
16.345847944339074,14.0,5.687265402409641,5.735385243627751,2.440986857082456,False,shannon_ex,17,0.05,epsilon=1.5;X=0.16,0.16756056745279096,-0.008389992855592953,0,core_shell,19.99060300295241,False,20,0,,1.5829663272412473
32.84551768812733,14.0,5.687265402409641,5.735385243627751,2.440986857082456,False,dnn,17,0.05,epsilon=1.5;X=0.16,1.3461084062948092,-0.008389992855592953,0,core_shell,0.26413900195620954,,,,7.444272563943979,
17.061796207228923,14.0,5.687265402409641,5.735385243627751,2.440986857082456,False,three_rg,17,0.05,epsilon=1.5;X=0.16,0.2186997290877802,-0.008389992855592953,0,core_shell,0.0016330013750120997,,,,,
20.17389325317659,14.0,6.0473301118633955,5.735385243627751,2.440986857082456,False,shannon,17,0.05,epsilon=1.5;X=0.16,0.4409923752268993,0.05438952310696624,1,core_shell,19.235193001804873,True,25,1,,0.0
14.367140035287516,14.0,6.0473301118633955,5.735385243627751,2.440986857082456,False,shannon_ex,17,0.05,epsilon=1.5;X=0.16,0.026224288234822573,0.05438952310696624,1,core_shell,17.336377000901848,True,18,1,,0.028676926218138554
32.902782491790845,14.0,6.0473301118633955,5.735385243627751,2.440986857082456,False,dnn,17,0.05,epsilon=1.5;X=0.16,1.3501987494136318,0.05438952310696624,1,core_shell,0.2265599978272803,,,,7.451449602549072,
18.141990335590187,14.0,6.0473301118633955,5.735385243627751,2.440986857082456,False,three_rg,17,0.05,epsilon=1.5;X=0.16,0.2958564525421562,0.05438952310696624,1,core_shell,0.0013210010365583003,,,,,
20.716669144680253,14.0,6.0383362763475406,5.735385243627751,2.440986857082456,False,shannon,17,0.05,epsilon=1.5;X=0.16,0.4797620817628752,0.05282139208632599,2,core_shell,20.51302100153407,True,26,7,,0.001725238936099771
15.370832452922365,14.0,6.0383362763475406,5.735385243627751,2.440986857082456,False,shannon_ex,17,0.05,epsilon=1.5;X=0.16,0.09791660378016889,0.05282139208632599,2,core_shell,26.98219399462687,True,19,1,,0.011470770487255422
32.88879523230141,14.0,6.0383362763475406,5.735385243627751,2.440986857082456,False,dnn,17,0.05,epsilon=1.5;X=0.16,1.3491996594501008,0.05282139208632599,2,core_shell,0.23756000155117363,,,,7.449358593160644,
18.115008829042623,14.0,6.0383362763475406,5.735385243627751,2.440986857082456,False,three_rg,17,0.05,epsilon=1.5;X=0.16,0.29392920207447304,0.05282139208632599,2,core_shell,0.001610002072993666,,,,,
19.093471899011405,14.0,5.602544571306247,5.735385243627751,2.440986857082456,False,shannon,17,0.1,epsilon=1.5;X=0.16,0.3638194213579575,-0.023161595373056336,0,core_shell,26.18965399597073,True,24,1,,0.19048651542440354
14.608026215519878,14.0,5.602544571306247,5.735385243627751,2.440986857082456,False,shannon_ex,17,0.1,epsilon=1.5;X=0.16,0.04343044396570558,-0.023161595373056336,0,core_shell,24.936669004091527,True,18,2,,0.04588308194902169
32.79923647523095,14.0,5.602544571306247,5.735385243627751,2.440986857082456,False,dnn,17,0.1,epsilon=1.5;X=0.16,1.3428026053736393,-0.023161595373056336,0,core_shell,0.28049400134477764,,,,7.439022638940016,
16.80763371391874,14.0,5.602544571306247,5.735385243627751,2.440986857082456,False,three_rg,17,0.1,epsilon=1.5;X=0.16,0.20054526527991,-0.023161595373056336,0,core_shell,0.0016900012269616127,,,,,
19.0962564377295,14.0,5.875771211609139,5.735385243627751,2.440986857082456,False,shannon,17,0.1,epsilon=1.5;X=0.16,0.36401831698067866,0.02447716448295486,1,core_shell,17.887278998387046,True,24,3,,0.13710132827087484
16.15658023129936,14.0,5.875771211609139,5.735385243627751,2.440986857082456,False,shannon_ex,17,0.1,epsilon=1.5;X=0.16,0.1540414450928113,0.02447716448295486,1,core_shell,23.651399002119433,True,20,3,,0.013382565568464955
32.914074911711886,14.0,5.875771211609139,5.735385243627751,2.440986857082456,False,dnn,17,0.1,epsilon=1.5;X=0.16,1.3510053508365634,0.02447716448295486,1,core_shell,0.24112899700412527,,,,7.453405607356963,
17.627313634827416,14.0,5.875771211609139,5.735385243627751,2.440986857082456,False,three_rg,17,0.1,epsilon=1.5;X=0.16,0.25909383105910117,0.02447716448295486,1,core_shell,0.0016650010365992785,,,,,
20.694166521952678,14.0,6.06733607621574,5.735385243627751,2.440986857082456,False,shannon,17,0.1,epsilon=1.5;X=0.16,0.4781547515680484,0.05787768711034708,2,core_shell,25.95022199966479,True,26,4,,0.001516834019053448
18.674414353251926,14.0,6.06733607621574,5.735385243627751,2.440986857082456,False,shannon_ex,17,0.1,epsilon=1.5;X=0.16,0.3338867395179947,0.05787768711034708,2,core_shell,24.77906399872154,False,23,0,,0.19500309828334395
32.88611573636732,14.0,6.06733607621574,5.735385243627751,2.440986857082456,False,dnn,17,0.1,epsilon=1.5;X=0.16,1.3490082668833803,0.05787768711034708,2,core_shell,0.28378499700920656,,,,7.449224605241868,
18.20200822864722,14.0,6.06733607621574,5.735385243627751,2.440986857082456,False,three_rg,17,0.1,epsilon=1.5;X=0.16,0.3001434449033728,0.05787768711034708,2,core_shell,0.001529995643068105,,,,,
17.768970680313693,14.0,5.31051126130107,5.735385243627751,2.440986857082456,True,shannon,17,0.2,epsilon=1.5;X=0.16,0.2692121914509781,-0.07407941476969375,0,core_shell,23.122013997635804,True,22,1,,0.0
14.975090871112052,14.0,5.31051126130107,5.735385243627751,2.440986857082456,True,shannon_ex,17,0.2,epsilon=1.5;X=0.16,0.06964934793657511,-0.07407941476969375,0,core_shell,20.46641900233226,False,19,0,,0.20073848352696988
32.705692004961435,14.0,5.31051126130107,5.735385243627751,2.440986857082456,True,dnn,17,0.2,epsilon=1.5;X=0.16,1.3361208574972454,-0.07407941476969375,0,core_shell,0.2168200007872656,,,,7.4284338155082885,
15.931533783903209,14.0,5.31051126130107,5.735385243627751,2.440986857082456,True,three_rg,17,0.2,epsilon=1.5;X=0.16,0.13796669885022922,-0.07407941476969375,0,core_shell,0.00133900175569579,,,,,
19.659390579239613,14.0,5.903720894666528,5.735385243627751,2.440986857082456,False,shannon,17,0.2,epsilon=1.5;X=0.16,0.4042421842314009,0.029350365126005317,1,core_shell,19.114080001600087,True,25,1,,0.18891906862933183
18.089405058401898,14.0,5.903720894666528,5.735385243627751,2.440986857082456,False,shannon_ex,17,0.2,epsilon=1.5;X=0.16,0.29210036131442124,0.029350365126005317,1,core_shell,17.925251995620783,True,23,1,,0.022941540974510843
32.936613036053835,14.0,5.903720894666528,5.735385243627751,2.440986857082456,False,dnn,17,0.2,epsilon=1.5;X=0.16,1.3526152168609882,0.029350365126005317,1,core_shell,0.20174700330244377,,,,7.457315971890738,
17.711162683999586,14.0,5.903720894666528,5.735385243627751,2.440986857082456,False,three_rg,17,0.2,epsilon=1.5;X=0.16,0.26508304885711326,0.029350365126005317,1,core_shell,0.0010700023267418146,,,,,
20.723453422777677,14.0,6.124469051737136,5.735385243627751,2.440986857082456,False,shannon,17,0.2,epsilon=1.5;X=0.16,0.48024667305554836,0.06783917584990008,2,core_shell,17.84985600534128,True,26,7,,0.0
15.066857035010095,14.0,6.124469051737136,5.735385243627751,2.440986857082456,False,shannon_ex,17,0.2,epsilon=1.5;X=0.16,0.0762040739292925,0.06783917584990008,2,core_shell,20.751818003191147,False,19,0,,0.3613292703485458
32.88075601485747,14.0,6.124469051737136,5.735385243627751,2.440986857082456,False,dnn,17,0.2,epsilon=1.5;X=0.16,1.3486254296326763,0.06783917584990008,2,core_shell,0.2524269948480651,,,,7.448958026400614,
18.373407155211407,14.0,6.124469051737136,5.735385243627751,2.440986857082456,False,three_rg,17,0.2,epsilon=1.5;X=0.16,0.3123862253722433,0.06783917584990008,2,core_shell,0.0018139980966225266,,,,,
23.26439820701283,20.0,8.252713092235753,8.19340749089813,2.440986857082056,False,shannon,25,0.0,epsilon=1.5;X=0.16,0.1632199103506416,0.007238209670824338,0,core_shell,24.762141998508014,True,29,1,,0.041263565461182594
28.087000878798904,20.0,8.252713092235753,8.19340749089813,2.440986857082056,False,shannon_ex,25,0.0,epsilon=1.5;X=0.16,0.40435004393994517,0.007238209670824338,0,core_shell,18.004651996307075,True,35,1,,0.0
27.631132616651914,20.0,8.252713092235753,8.19340749089813,2.440986857082056,False,dnn,25,0.0,epsilon=1.5;X=0.16,0.3815566308325957,0.007238209670824338,0,core_shell,0.25503199867671356,,,,9.143629112250206,
24.75813927670726,20.0,8.252713092235753,8.19340749089813,2.440986857082056,False,three_rg,25,0.0,epsilon=1.5;X=0.16,0.23790696383536308,0.007238209670824338,0,core_shell,0.001658001565374434,,,,,
26.3016567737551,20.0,8.250206014352216,8.19340749089813,2.440986857082056,False,shannon,25,0.02,epsilon=1.5;X=0.16,0.31508283868775494,0.006932222462654539,0,core_shell,25.902368004608434,False,33,0,,0.8910222495500761
25.38727311054793,20.0,8.250206014352216,8.19340749089813,2.440986857082056,False,shannon_ex,25,0.02,epsilon=1.5;X=0.16,0.2693636555273965,0.006932222462654539,0,core_shell,25.286085001425818,True,32,2,,0.02867692621814477
27.630790704404173,20.0,8.250206014352216,8.19340749089813,2.440986857082056,False,dnn,25,0.02,epsilon=1.5;X=0.16,0.38153953522020867,0.006932222462654539,0,core_shell,0.2828490032698028,,,,9.143527221727954,
24.750618043056647,20.0,8.250206014352216,8.19340749089813,2.440986857082056,False,three_rg,25,0.02,epsilon=1.5;X=0.16,0.23753090215283237,0.006932222462654539,0,core_shell,0.001672000507824123,,,,,
23.481838093225363,20.0,8.300402295236914,8.19340749089813,2.440986857082056,False,shannon,25,0.02,epsilon=1.5;X=0.16,0.17409190466126817,0.013058645558351928,1,core_shell,20.62736899824813,True,29,1,,0.22411086197140762
22.85960689960582,20.0,8.300402295236914,8.19340749089813,2.440986857082056,False,shannon_ex,25,0.02,epsilon=1.5;X=0.16,0.14298034498029094,0.013058645558351928,1,core_shell,18.971517005411442,False,29,0,,1.884483722906598
27.63131995027821,20.0,8.300402295236914,8.19340749089813,2.440986857082056,False,dnn,25,0.02,epsilon=1.5;X=0.16,0.38156599751391057,0.013058645558351928,1,core_shell,0.2055910008493811,,,,9.143682149056245,
24.901206885710742,20.0,8.300402295236914,8.19340749089813,2.440986857082056,False,three_rg,25,0.02,epsilon=1.5;X=0.16,0.2450603442855371,0.013058645558351928,1,core_shell,0.0011399970389902592,,,,,
24.46126566503553,20.0,8.255573967274769,8.19340749089813,2.440986857082056,False,shannon,25,0.02,epsilon=1.5;X=0.16,0.2230632832517765,0.007587377589323892,2,core_shell,17.910291004227474,True,31,1,,0.12383360950913413
28.087000878798904,20.0,8.255573967274769,8.19340749089813,2.440986857082056,False,shannon_ex,25,0.02,epsilon=1.5;X=0.16,0.40435004393994517,0.007587377589323892,2,core_shell,20.563618003507145,True,35,1,,0.0
27.631129688097715,20.0,8.255573967274769,8.19340749089813,2.440986857082056,False,dnn,25,0.02,epsilon=1.5;X=0.16,0.38155648440488577,0.007587377589323892,2,core_shell,0.2237410008092411,,,,9.143624853345221,
24.766721901824305,20.0,8.255573967274769,8.19340749089813,2.440986857082056,False,three_rg,25,0.02,epsilon=1.5;X=0.16,0.23833609509121523,0.007587377589323892,2,core_shell,0.0015810001059435308,,,,,
25.211593119302176,20.0,8.278989613103052,8.19340749089813,2.440986857082056,False,shannon,25,0.05,epsilon=1.5;X=0.16,0.2605796559651088,0.010445241775170278,0,core_shell,17.398170006345026,True,32,4,,0.014488231822930686
23.24469705167804,20.0,8.278989613103052,8.19340749089813,2.440986857082056,False,shannon_ex,25,0.05,epsilon=1.5;X=0.16,0.1622348525839019,0.010445241775170278,0,core_shell,20.64184899791144,True,29,1,,0.04096703745449126
27.63027778859758,20.0,8.278989613103052,8.19340749089813,2.440986857082056,False,dnn,25,0.05,epsilon=1.5;X=0.16,0.38151388942987907,0.010445241775170278,0,core_shell,0.26775000151246786,,,,9.143374369764542,
24.836968839309158,20.0,8.278989613103052,8.19340749089813,2.440986857082056,False,three_rg,25,0.05,epsilon=1.5;X=0.16,0.2418484419654579,0.010445241775170278,0,core_shell,0.0014210017980076373,,,,,
26.104896150375346,20.0,8.392508005264391,8.19340749089813,2.440986857082056,False,shannon,25,0.05,epsilon=1.5;X=0.16,0.3052448075187673,0.024300086940316032,1,core_shell,18.93372199992882,True,33,2,,0.1300838740816097
24.154165283167742,20.0,8.392508005264391,8.19340749089813,2.440986857082056,False,shannon_ex,25,0.05,epsilon=1.5;X=0.16,0.2077082641583871,0.024300086940316032,1,core_shell,19.907451001927257,False,30,0,,2.1302859476335456
27.631600953976385,20.0,8.392508005264391,8.19340749089813,2.440986857082056,False,dnn,25,0.05,epsilon=1.5;X=0.16,0.38158004769881926,0.024300086940316032,1,core_shell,0.22725500457454473,,,,9.143761704447765,
25.177524015793175,20.0,8.392508005264391,8.19340749089813,2.440986857082056,False,three_rg,25,0.05,epsilon=1.5;X=0.16,0.25887620078965873,0.024300086940316032,1,core_shell,0.0012689997674897313,,,,,
27.9989608907089,20.0,8.46529429802256,8.19340749089813,2.440986857082056,False,shannon,25,0.05,epsilon=1.5;X=0.16,0.399948044535445,0.033183606140236854,2,core_shell,17.51027199497912,True,35,2,,0.23279559319559695
21.860011185716232,20.0,8.46529429802256,8.19340749089813,2.440986857082056,False,shannon_ex,25,0.05,epsilon=1.5;X=0.16,0.0930005592858116,0.033183606140236854,2,core_shell,18.80539900594158,False,27,0,,0.8848880090170113
27.631125295639283,20.0,8.46529429802256,8.19340749089813,2.440986857082056,False,dnn,25,0.05,epsilon=1.5;X=0.16,0.38155626478196414,0.033183606140236854,2,core_shell,0.6269209989113733,,,,9.143618465065023,
25.39588289406768,20.0,8.46529429802256,8.19340749089813,2.440986857082056,False,three_rg,25,0.05,epsilon=1.5;X=0.16,0.2697941447033839,0.033183606140236854,2,core_shell,0.001553002221044153,,,,,
24.00787718035828,20.0,8.27572463990287,8.19340749089813,2.440986857082056,False,shannon,25,0.1,epsilon=1.5;X=0.16,0.2003938590179139,0.01004675394165187,0,core_shell,20.90977300395025,True,30,1,,0.057930072479321026
24.367193877931097,20.0,8.27572463990287,8.19340749089813,2.440986857082056,False,shannon_ex,25,0.1,epsilon=1.5;X=0.16,0.21835969389655485,0.01004675394165187,0,core_shell,18.811125999491196,False,31,0,,1.0815297887985693
27.6294228024205,20.0,8.27572463990287,8.19340749089813,2.440986857082056,False,dnn,25,0.1,epsilon=1.5;X=0.16,0.381471140121025,0.01004675394165187,0,core_shell,0.20301500626374036,,,,9.143119573346658,
24.827173919708613,20.0,8.27572463990287,8.19340749089813,2.440986857082056,False,three_rg,25,0.1,epsilon=1.5;X=0.16,0.24135869598543067,0.01004675394165187,0,core_shell,0.0011000010999850929,,,,,
28.6375456273602,20.0,8.490859277254742,8.19340749089813,2.440986857082056,False,shannon,25,0.1,epsilon=1.5;X=0.16,0.43187728136801,0.03630379505560352,1,core_shell,17.611139002838172,True,36,4,,0.10825845578498772
22.867800307096715,20.0,8.490859277254742,8.19340749089813,2.440986857082056,False,shannon_ex,25,0.1,epsilon=1.5;X=0.16,0.14339001535483575,0.03630379505560352,1,core_shell,22.57157300482504,False,29,0,,0.23760881723604932
27.63206930215653,20.0,8.490859277254742,8.19340749089813,2.440986857082056,False,dnn,25,0.1,epsilon=1.5;X=0.16,0.3816034651078265,0.03630379505560352,1,core_shell,0.20498599769780412,,,,9.143894297250933,
25.472577831764227,20.0,8.490859277254742,8.19340749089813,2.440986857082056,False,three_rg,25,0.1,epsilon=1.5;X=0.16,0.27362889158821135,0.03630379505560352,1,core_shell,0.0010650037438608706,,,,,
25.51810081621955,20.0,8.395032618561238,8.19340749089813,2.440986857082056,False,shannon,25,0.1,epsilon=1.5;X=0.16,0.27590504081097755,0.024608214334156973,2,core_shell,25.710604997584596,True,32,3,,0.03637847468042743
25.030859884693854,20.0,8.395032618561238,8.19340749089813,2.440986857082056,False,shannon_ex,25,0.1,epsilon=1.5;X=0.16,0.2515429942346927,0.024608214334156973,2,core_shell,26.35556999302935,False,31,0,,3.0725278090868446
27.631117975869437,20.0,8.395032618561238,8.19340749089813,2.440986857082056,False,dnn,25,0.1,epsilon=1.5;X=0.16,0.38155589879347185,0.024608214334156973,2,core_shell,0.26221400185022503,,,,9.143607818137427,
25.185097855683715,20.0,8.395032618561238,8.19340749089813,2.440986857082056,False,three_rg,25,0.1,epsilon=1.5;X=0.16,0.25925489278418573,0.024608214334156973,2,core_shell,0.0019180006347596645,,,,,
28.233885712055887,20.0,8.455790869139399,8.19340749089813,2.440986857082056,False,shannon,25,0.2,epsilon=1.5;X=0.16,0.41169428560279436,0.0320237188901864,0,core_shell,25.19570299773477,True,35,2,,0.0
27.193919462290992,20.0,8.455790869139399,8.19340749089813,2.440986857082056,False,shannon_ex,25,0.2,epsilon=1.5;X=0.16,0.3596959731145496,0.0320237188901864,0,core_shell,28.974884997296613,False,34,0,,0.909468231489706
27.627712355652235,20.0,8.455790869139399,8.19340749089813,2.440986857082056,False,dnn,25,0.2,epsilon=1.5;X=0.16,0.38138561778261176,0.0320237188901864,0,core_shell,0.9134610008914024,,,,9.142609818723564,
25.367372607418197,20.0,8.455790869139399,8.19340749089813,2.440986857082056,False,three_rg,25,0.2,epsilon=1.5;X=0.16,0.26836863037090986,0.0320237188901864,0,core_shell,0.005588997737504542,,,,,
29.597290979273453,20.0,8.579919694826602,8.19340749089813,2.440986857082056,False,shannon,25,0.2,epsilon=1.5;X=0.16,0.47986454896367264,0.047173560494560986,1,core_shell,21.293872996466234,True,37,5,,0.16130249026273447
26.825216125200573,20.0,8.579919694826602,8.19340749089813,2.440986857082056,False,shannon_ex,25,0.2,epsilon=1.5;X=0.16,0.34126080626002864,0.047173560494560986,1,core_shell,19.705664999492,False,34,0,,1.2945583835619239
27.63300603103345,20.0,8.579919694826602,8.19340749089813,2.440986857082056,False,dnn,25,0.2,epsilon=1.5;X=0.16,0.38165030155167246,0.047173560494560986,1,core_shell,0.25851400278043,,,,9.144159484654866,
25.739759084479807,20.0,8.579919694826602,8.19340749089813,2.440986857082056,False,three_rg,25,0.2,epsilon=1.5;X=0.16,0.28698795422399037,0.047173560494560986,1,core_shell,0.0015989935491234064,,,,,
27.393926566731647,20.0,8.685455474550286,8.19340749089813,2.440986857082056,False,shannon,25,0.2,epsilon=1.5;X=0.16,0.36969632833658234,0.06005413305743202,2,core_shell,20.136164996074513,False,34,0,,2.397185710975897
23.31843771909612,20.0,8.685455474550286,8.19340749089813,2.440986857082056,False,shannon_ex,25,0.2,epsilon=1.5;X=0.16,0.16592188595480603,0.06005413305743202,2,core_shell,17.65489100216655,False,29,0,,1.2945583835619239
27.631103340057894,20.0,8.685455474550286,8.19340749089813,2.440986857082056,False,dnn,25,0.2,epsilon=1.5;X=0.16,0.3815551670028947,0.06005413305743202,2,core_shell,0.2021690015681088,,,,9.143586525054943,
26.056366423650857,20.0,8.685455474550286,8.19340749089813,2.440986857082056,False,three_rg,25,0.2,epsilon=1.5;X=0.16,0.30281832118254287,0.06005413305743202,2,core_shell,0.001157997758127749,,,,,
40.169918417882634,30.0,12.494531389699226,12.290111236347949,2.440986857081906,False,shannon,38,0.0,epsilon=1.5;X=0.16,0.3389972805960878,0.01663289692177119,0,core_shell,18.09716700518038,False,51,0,,3.0361711276967824
41.76179798111062,30.0,12.494531389699226,12.290111236347949,2.440986857081906,False,shannon_ex,38,0.0,epsilon=1.5;X=0.16,0.3920599327036873,0.01663289692177119,0,core_shell,22.62784000049578,False,53,0,,0.9832088989078613
38.697500934960146,30.0,12.494531389699226,12.290111236347949,2.440986857081906,False,dnn,38,0.0,epsilon=1.5;X=0.16,0.28991669783200485,0.01663289692177119,0,core_shell,0.19971800065832213,,,,12.106313652116143,
37.48359416909768,30.0,12.494531389699226,12.290111236347949,2.440986857081906,False,three_rg,38,0.0,epsilon=1.5;X=0.16,0.2494531389699226,0.01663289692177119,0,core_shell,0.00161500065587461,,,,,
38.44376007596814,30.0,12.493909676947641,12.290111236347949,2.440986857081906,False,shannon,38,0.02,epsilon=1.5;X=0.16,0.2814586691989381,0.016582310499921243,0,core_shell,19.49826599593507,False,48,0,,4.760179586917218
40.77858908220276,30.0,12.493909676947641,12.290111236347949,2.440986857081906,False,shannon_ex,38,0.02,epsilon=1.5;X=0.16,0.3592863027400919,0.016582310499921243,0,core_shell,18.937110995466355,False,51,0,,1.9664177978157227
38.69753477612816,30.0,12.493909676947641,12.290111236347949,2.440986857081906,False,dnn,38,0.02,epsilon=1.5;X=0.16,0.2899178258709386,0.016582310499921243,0,core_shell,0.21901100262766704,,,,12.106323330111357,
37.48172903084293,30.0,12.493909676947641,12.290111236347949,2.440986857081906,False,three_rg,38,0.02,epsilon=1.5;X=0.16,0.24939096769476427,0.016582310499921243,0,core_shell,0.001248998160008341,,,,,
40.17032460493227,30.0,12.494657730927578,12.290111236347949,2.440986857081906,False,shannon,38,0.02,epsilon=1.5;X=0.16,0.339010820164409,0.01664317683103502,1,core_shell,21.611627998936456,False,51,0,,3.0362018286154395
40.77858908220276,30.0,12.494657730927578,12.290111236347949,2.440986857081906,False,shannon_ex,38,0.02,epsilon=1.5;X=0.16,0.3592863027400919,0.01664317683103502,1,core_shell,24.10584000608651,False,51,0,,1.9664177978157227
38.69750910716813,30.0,12.494657730927578,12.290111236347949,2.440986857081906,False,dnn,38,0.02,epsilon=1.5;X=0.16,0.2899169702389377,0.01664317683103502,1,core_shell,0.5355319954105653,,,,12.106318985078904,
37.483973192782734,30.0,12.494657730927578,12.290111236347949,2.440986857081906,False,three_rg,38,0.02,epsilon=1.5;X=0.16,0.2494657730927578,0.01664317683103502,1,core_shell,0.00187299883691594,,,,,
37.186525099401756,30.0,12.495472143616192,12.290111236347949,2.440986857081906,False,shannon,38,0.02,epsilon=1.5;X=0.16,0.2395508366467252,0.01670944252000661,2,core_shell,19.77294000244001,True,47,1,,0.14994566572339352
41.749507869874265,30.0,12.495472143616192,12.290111236347949,2.440986857081906,False,shannon_ex,38,0.02,epsilon=1.5;X=0.16,0.39165026232914213,0.01670944252000661,2,core_shell,20.309853993239813,False,53,0,,0.9954990101442114
38.697502066313795,30.0,12.495472143616192,12.290111236347949,2.440986857081906,False,dnn,38,0.02,epsilon=1.5;X=0.16,0.28991673554379316,0.01670944252000661,2,core_shell,0.23368200345430523,,,,12.106314945336658,
37.48641643084858,30.0,12.495472143616192,12.290111236347949,2.440986857081906,False,three_rg,38,0.02,epsilon=1.5;X=0.16,0.24954721436161928,0.01670944252000661,2,core_shell,0.0013640019460581243,,,,,
38.440386505069135,30.0,12.492813293815276,12.290111236347949,2.440986857081906,False,shannon,38,0.05,epsilon=1.5;X=0.16,0.2813462168356378,0.01649310193937357,0,core_shell,18.583926001156215,False,48,0,,4.759761864943307
36.07147647868137,30.0,12.492813293815276,12.290111236347949,2.440986857081906,False,shannon_ex,38,0.05,epsilon=1.5;X=0.16,0.20238254928937896,0.01649310193937357,0,core_shell,18.15713600080926,False,45,0,,4.68253238104869
38.69758554124113,30.0,12.492813293815276,12.290111236347949,2.440986857081906,False,dnn,38,0.05,epsilon=1.5;X=0.16,0.28991951804137106,0.01649310193937357,0,core_shell,0.2542299989727326,,,,12.106337848016564,
37.47843988144583,30.0,12.492813293815276,12.290111236347949,2.440986857081906,False,three_rg,38,0.05,epsilon=1.5;X=0.16,0.24928132938152767,0.01649310193937357,0,core_shell,0.0013890021364204586,,,,,
35.265726878475334,30.0,12.545616107604271,12.290111236347949,2.440986857081906,False,shannon,38,0.05,epsilon=1.5;X=0.16,0.17552422928251113,0.020789467755236248,1,core_shell,19.19041200017091,False,44,0,,1.191833530222322
36.07147647868137,30.0,12.545616107604271,12.290111236347949,2.440986857081906,False,shannon_ex,38,0.05,epsilon=1.5;X=0.16,0.20238254928937896,0.020789467755236248,1,core_shell,26.573280003503896,False,45,0,,4.68253238104869
38.697521366051866,30.0,12.545616107604271,12.290111236347949,2.440986857081906,False,dnn,38,0.05,epsilon=1.5;X=0.16,0.2899173788683955,0.020789467755236248,1,core_shell,0.3660340007627383,,,,12.106326984667014,
37.63684832281281,30.0,12.545616107604271,12.290111236347949,2.440986857081906,False,three_rg,38,0.05,epsilon=1.5;X=0.16,0.254561610760427,0.020789467755236248,1,core_shell,0.0027700007194653153,,,,,
37.761897169999976,30.0,12.528831177836636,12.290111236347949,2.440986857081906,False,shannon,38,0.05,epsilon=1.5;X=0.16,0.25872990566666587,0.0194237413232416,2,core_shell,19.60522500303341,False,48,0,,2.0547283131653202
37.14071615624367,30.0,12.528831177836636,12.290111236347949,2.440986857081906,False,shannon_ex,38,0.05,epsilon=1.5;X=0.16,0.238023871874789,0.0194237413232416,2,core_shell,19.867173999955412,False,47,0,,5.604290723774811
38.69750376334544,30.0,12.528831177836636,12.290111236347949,2.440986857081906,False,dnn,38,0.05,epsilon=1.5;X=0.16,0.2899167921115146,0.0194237413232416,2,core_shell,0.29723400075454265,,,,12.106316885161508,
37.58649353350991,30.0,12.528831177836636,12.290111236347949,2.440986857081906,False,three_rg,38,0.05,epsilon=1.5;X=0.16,0.2528831177836636,0.0194237413232416,2,core_shell,0.002430002496112138,,,,,
38.434763240645644,30.0,12.490985778565225,12.290111236347949,2.440986857081906,False,shannon,38,0.1,epsilon=1.5;X=0.16,0.2811587746881881,0.016344403915823855,0,core_shell,19.823661998088937,False,48,0,,4.759065581633642
36.10834681239041,30.0,12.490985778565225,12.290111236347949,2.440986857081906,False,shannon_ex,38,0.1,epsilon=1.5;X=0.16,0.20361156041301362,0.016344403915823855,0,core_shell,19.18591299909167,False,45,0,,4.719402714757733
38.6976701587257,30.0,12.490985778565225,12.290111236347949,2.440986857081906,False,dnn,38,0.1,epsilon=1.5;X=0.16,0.28992233862419,0.016344403915823855,0,core_shell,0.2142770026694052,,,,12.10636204695833,
37.472957335695675,30.0,12.490985778565225,12.290111236347949,2.440986857081906,False,three_rg,38,0.1,epsilon=1.5;X=0.16,0.2490985778565225,0.016344403915823855,0,core_shell,0.0016820049495436251,,,,,
36.08566728339878,30.0,12.547172212586435,12.290111236347949,2.440986857081906,False,shannon,38,0.1,epsilon=1.5;X=0.16,0.20285557611329258,0.020916082148892998,1,core_shell,19.574273996113334,True,45,1,,0.3513208219524344
36.10834681239041,30.0,12.547172212586435,12.290111236347949,2.440986857081906,False,shannon_ex,38,0.1,epsilon=1.5;X=0.16,0.20361156041301362,0.020916082148892998,1,core_shell,18.586245001642965,False,45,0,,4.719402714757733
38.697541799049446,30.0,12.547172212586435,12.290111236347949,2.440986857081906,False,dnn,38,0.1,epsilon=1.5;X=0.16,0.2899180599683149,0.020916082148892998,1,core_shell,0.21230499987723306,,,,12.106340317697775,
37.64151663775931,30.0,12.547172212586435,12.290111236347949,2.440986857081906,False,three_rg,38,0.1,epsilon=1.5;X=0.16,0.25471722125864366,0.020916082148892998,1,core_shell,0.0011980009730905294,,,,,
37.17142537759829,30.0,12.49879804223209,12.290111236347949,2.440986857081906,False,shannon,38,0.1,epsilon=1.5;X=0.16,0.23904751258660967,0.01698005834698644,2,core_shell,18.0434840003727,True,47,1,,0.14998557650678634
33.4045223403938,30.0,12.49879804223209,12.290111236347949,2.440986857081906,False,shannon_ex,38,0.1,epsilon=1.5;X=0.16,0.11348407801312656,0.01698005834698644,2,core_shell,18.628963000082877,False,42,0,,1.8680969079249383
38.697506591734566,30.0,12.49879804223209,12.290111236347949,2.440986857081906,False,dnn,38,0.1,epsilon=1.5;X=0.16,0.2899168863911522,0.01698005834698644,2,core_shell,0.2556869949330576,,,,12.106320118187103,
37.49639412669627,30.0,12.49879804223209,12.290111236347949,2.440986857081906,False,three_rg,38,0.1,epsilon=1.5;X=0.16,0.24987980422320913,0.01698005834698644,2,core_shell,0.0014699980965815485,,,,,
38.436001617015286,30.0,12.487329960044075,12.290111236347949,2.440986857081906,False,shannon,38,0.2,epsilon=1.5;X=0.16,0.28120005390050956,0.016046943750423755,0,core_shell,21.64115999767091,False,48,0,,4.7451853848165015
40.88920008332988,30.0,12.487329960044075,12.290111236347949,2.440986857081906,False,shannon_ex,38,0.2,epsilon=1.5;X=0.16,0.3629733361109961,0.016046943750423755,0,core_shell,19.568819996493403,False,52,0,,2.027868353997466
38.697839427308544,30.0,12.487329960044075,12.290111236347949,2.440986857081906,False,dnn,38,0.2,epsilon=1.5;X=0.16,0.2899279809102848,0.016046943750423755,0,core_shell,0.2155900001525879,,,,12.106410453966436,
37.46198988013222,30.0,12.487329960044075,12.290111236347949,2.440986857081906,False,three_rg,38,0.2,epsilon=1.5;X=0.16,0.2487329960044074,0.016046943750423755,0,core_shell,0.0019529979908838868,,,,,
40.85509225918616,30.0,12.664318741223374,12.290111236347949,2.440986857081906,False,shannon,38,0.2,epsilon=1.5;X=0.16,0.3618364086395386,0.03044785337407754,1,core_shell,22.641064002527855,True,52,1,,0.0
34.36315101682896,30.0,12.664318741223374,12.290111236347949,2.440986857081906,False,shannon_ex,38,0.2,epsilon=1.5;X=0.16,0.14543836722763193,0.03044785337407754,1,core_shell,20.414938000612892,False,43,0,,2.8267255843600996
38.69758267076197,30.0,12.664318741223374,12.290111236347949,2.440986857081906,False,dnn,38,0.2,epsilon=1.5;X=0.16,0.28991942235873225,0.03044785337407754,1,core_shell,0.2027669979725033,,,,12.106366985198811,
37.99295622367012,30.0,12.664318741223374,12.290111236347949,2.440986857081906,False,three_rg,38,0.2,epsilon=1.5;X=0.16,0.2664318741223373,0.03044785337407754,1,core_shell,0.0015210025594569743,,,,,
37.083762496704765,30.0,12.502954314465585,12.290111236347949,2.440986857081906,False,shannon,38,0.2,epsilon=1.5;X=0.16,0.23612541655682548,0.017318238543533586,2,core_shell,19.853259000228718,False,47,0,,1.4753486091069021
37.14071615624367,30.0,12.502954314465585,12.290111236347949,2.440986857081906,False,shannon_ex,38,0.2,epsilon=1.5;X=0.16,0.238023871874789,0.017318238543533586,2,core_shell,19.20531400537584,False,47,0,,5.604290723774811
38.69751224852422,30.0,12.502954314465585,12.290111236347949,2.440986857081906,False,dnn,38,0.2,epsilon=1.5;X=0.16,0.2899170749508073,0.017318238543533586,2,core_shell,0.21002400171710178,,,,12.10632658417896,
37.50886294339676,30.0,12.502954314465585,12.290111236347949,2.440986857081906,False,three_rg,38,0.2,epsilon=1.5;X=0.16,0.2502954314465586,0.017318238543533586,2,core_shell,0.0014020042726770043,,,,,
4.390804634903331,4.0,1.5593928180782914,1.5491932153002153,2.5819891027762134,True,shannon,5,0.0,,0.09770115872583274,0.006583815806409678,0,parabola,16.650313998979982,True,2,7,,0.0008910816103306907
4.389307005578457,4.0,1.5593928180782914,1.5491932153002153,2.5819891027762134,True,shannon_ex,5,0.0,,0.09732675139461433,0.006583815806409678,0,parabola,16.226075000304263,True,2,7,,0.002877073114129214
5.150840227974507,4.0,1.5593928180782914,1.5491932153002153,2.5819891027762134,True,dnn,5,0.0,,0.28771005699362684,0.006583815806409678,0,parabola,0.19723200239241123,,,,1.5528468647529996,
4.6781784542348746,4.0,1.5593928180782914,1.5491932153002153,2.5819891027762134,True,three_rg,5,0.0,,0.16954461355871864,0.006583815806409678,0,parabola,0.0013230019249022007,,,,,
4.366847065332113,4.0,1.5601454324159045,1.5491932153002153,2.5819891027762134,True,shannon,5,0.02,,0.09171176633302824,0.0070696263109872115,0,parabola,16.360540997993667,True,2,2,,0.0
4.370661358665736,4.0,1.5601454324159045,1.5491932153002153,2.5819891027762134,True,shannon_ex,5,0.02,,0.09266533966643409,0.0070696263109872115,0,parabola,16.78764099779073,True,2,4,,0.0003872983038251121
5.175883035309789,4.0,1.5601454324159045,1.5491932153002153,2.5819891027762134,True,dnn,5,0.02,,0.29397075882744717,0.0070696263109872115,0,parabola,0.23528599558630958,,,,1.5536526861898987,
4.680436297247714,4.0,1.5601454324159045,1.5491932153002153,2.5819891027762134,True,three_rg,5,0.02,,0.17010907431192845,0.0070696263109872115,0,parabola,0.001415995939169079,,,,,
4.381286559019283,4.0,1.5565652902164553,1.5491932153002153,2.5819891027762134,True,shannon,5,0.02,,0.09532163975482066,0.004758654274645409,1,parabola,16.588000005867798,True,2,7,,0.015343286432134562
4.386429932464328,4.0,1.5565652902164553,1.5491932153002153,2.5819891027762134,True,shannon_ex,5,0.02,,0.09660748311608192,0.004758654274645409,1,parabola,18.04639600595692,True,2,7,,0.015934558785945185
5.138298431364153,4.0,1.5565652902164553,1.5491932153002153,2.5819891027762134,True,dnn,5,0.02,,0.2845746078410383,0.004758654274645409,1,parabola,0.25208800070686266,,,,1.5534565025875509,
4.669695870649366,4.0,1.5565652902164553,1.5491932153002153,2.5819891027762134,True,three_rg,5,0.02,,0.16742396766234147,0.004758654274645409,1,parabola,0.0018169957911595702,,,,,
4.850621020186772,4.0,1.557681766277073,1.5491932153002153,2.5819891027762134,True,shannon,5,0.02,,0.21265525504669291,0.005479336530151769,2,parabola,18.177786994783673,False,3,0,,0.4953428016760921
4.339031997186689,4.0,1.557681766277073,1.5491932153002153,2.5819891027762134,True,shannon_ex,5,0.02,,0.08475799929667227,0.005479336530151769,2,parabola,19.166452999343164,True,2,6,,0.0023237898229502285
5.152547938707187,4.0,1.557681766277073,1.5491932153002153,2.5819891027762134,True,dnn,5,0.02,,0.2881369846767967,0.005479336530151769,2,parabola,0.22424000053433701,,,,1.5539040458252216,
4.673045298831219,4.0,1.557681766277073,1.5491932153002153,2.5819891027762134,True,three_rg,5,0.02,,0.16826132470780486,0.005479336530151769,2,parabola,0.0016129997675307095,,,,,
4.5521888572011076,4.0,1.5627150213529513,1.5491932153002153,2.5819891027762134,True,shannon,5,0.05,,0.1380472143002769,0.008728288969504453,0,parabola,16.43803000479238,False,3,0,,0.1859630875409901
4.311404718180502,4.0,1.5627150213529513,1.5491932153002153,2.5819891027762134,True,shannon_ex,5,0.05,,0.07785117954512555,0.008728288969504453,0,parabola,16.363966999051627,True,2,2,,0.0
5.208302432257231,4.0,1.5627150213529513,1.5491932153002153,2.5819891027762134,True,dnn,5,0.05,,0.30207560806430767,0.008728288969504453,0,parabola,0.20312600099714473,,,,1.5548008883451914,
4.688145064058854,4.0,1.5627150213529513,1.5491932153002153,2.5819891027762134,True,three_rg,5,0.05,,0.17203626601471345,0.008728288969504453,0,parabola,0.0010740041034296155,,,,,
4.685011958631573,4.0,1.5627124611846654,1.5491932153002153,2.5819891027762134,True,shannon,5,0.05,,0.17125298965789315,0.008726636387850642,1,parabola,19.49978799530072,False,3,0,,0.5406985115698566
4.197797215725153,4.0,1.5627124611846654,1.5491932153002153,2.5819891027762134,True,shannon_ex,5,0.05,,0.04944930393128821,0.008726636387850642,1,parabola,17.621639999561012,True,2,3,,0.04079542133623937
5.117959920127144,4.0,1.5627124611846654,1.5491932153002153,2.5819891027762134,True,dnn,5,0.05,,0.27948998003178604,0.008726636387850642,1,parabola,0.2215509957750328,,,,1.5543603947839184,
4.688137383553997,4.0,1.5627124611846654,1.5491932153002153,2.5819891027762134,True,three_rg,5,0.05,,0.1720343458884992,0.008726636387850642,1,parabola,0.001234002411365509,,,,,
5.354171203950413,4.0,1.556445117427435,1.5491932153002153,2.5819891027762134,True,shannon,5,0.05,,0.33854280098760325,0.004681083066720234,2,parabola,16.687221999745816,True,3,3,,0.003112890234854948
5.354011752077554,4.0,1.556445117427435,1.5491932153002153,2.5819891027762134,True,shannon_ex,5,0.05,,0.33850293801938847,0.004681083066720234,2,parabola,16.572391003137454,True,3,3,,0.0030983864306004527
5.151399448729261,4.0,1.556445117427435,1.5491932153002153,2.5819891027762134,True,dnn,5,0.05,,0.28784986218231534,0.004681083066720234,2,parabola,0.25051199918380007,,,,1.5554291541289327,
4.669335352282305,4.0,1.556445117427435,1.5491932153002153,2.5819891027762134,True,three_rg,5,0.05,,0.16733383807057622,0.004681083066720234,2,parabola,0.0012090022210031748,,,,,
4.6794866996521245,4.0,1.5681925937171979,1.5491932153002153,2.5819891027762134,True,shannon,5,0.1,,0.16987167491303112,0.012264047008042681,0,parabola,17.920630998560227,True,5,1,,0.012545540749737683
4.106136617153222,4.0,1.5681925937171979,1.5491932153002153,2.5819891027762134,True,shannon_ex,5,0.1,,0.026534154288305523,0.012264047008042681,0,parabola,16.79564199730521,True,4,2,,0.013168142330052035
5.267131320315457,4.0,1.5681925937171979,1.5491932153002153,2.5819891027762134,True,dnn,5,0.1,,0.3167828300788642,0.012264047008042681,0,parabola,0.26647699996829033,,,,1.5567557823494576,
4.704577781151594,4.0,1.5681925937171979,1.5491932153002153,2.5819891027762134,True,three_rg,5,0.1,,0.1761444452878984,0.012264047008042681,0,parabola,0.0014379984349943697,,,,,
4.6157813356675765,4.0,1.5411623825267295,1.5491932153002153,2.5819891027762134,True,shannon,5,0.1,,0.15394533391689413,-0.005183880676839543,1,parabola,18.741746003797743,False,5,0,,0.3128559636529351
5.106915434237169,4.0,1.5411623825267295,1.5491932153002153,2.5819891027762134,True,shannon_ex,5,0.1,,0.2767288585592922,-0.005183880676839543,1,parabola,16.61376399715664,True,5,2,,0.03640604055955521
5.082051641893003,4.0,1.5411623825267295,1.5491932153002153,2.5819891027762134,True,dnn,5,0.1,,0.27051291047325066,-0.005183880676839543,1,parabola,0.22437299776356667,,,,1.5558573059288268,
4.623487147580189,4.0,1.5411623825267295,1.5491932153002153,2.5819891027762134,True,three_rg,5,0.1,,0.15587178689504722,-0.005183880676839543,1,parabola,0.0017929996829479933,,,,,
4.436292766705929,4.0,1.5538678692490064,1.5491932153002153,2.5819891027762134,True,shannon,5,0.1,,0.10907319167648222,0.003017476388757159,2,parabola,20.566012004564982,False,4,0,,0.44285234273597895
4.873761855334484,4.0,1.5538678692490064,1.5491932153002153,2.5819891027762134,True,shannon_ex,5,0.1,,0.21844046383362103,0.003017476388757159,2,parabola,16.799707998870872,True,5,1,,0.0
5.150709976303521,4.0,1.5538678692490064,1.5491932153002153,2.5819891027762134,True,dnn,5,0.1,,0.28767749407588017,0.003017476388757159,2,parabola,0.4006489980383776,,,,1.557918304923934,
4.661603607747019,4.0,1.5538678692490064,1.5491932153002153,2.5819891027762134,True,three_rg,5,0.1,,0.16540090193675483,0.003017476388757159,2,parabola,0.002863002009689808,,,,,
4.452942976827704,4.0,1.5797580405597258,1.5491932153002153,2.5819891027762134,True,shannon,5,0.2,,0.11323574420692606,0.019729511437078844,0,parabola,16.76809800119372,True,5,4,,0.026460947179374195
4.151063220396929,4.0,1.5797580405597258,1.5491932153002153,2.5819891027762134,True,shannon_ex,5,0.2,,0.03776580509923222,0.019729511437078844,0,parabola,16.410142001404893,True,5,2,,0.03175846091365475
5.406069044397061,4.0,1.5797580405597258,1.5491932153002153,2.5819891027762134,True,dnn,5,0.2,,0.3515172610992652,0.019729511437078844,0,parabola,0.22521199571201578,,,,1.5610452039362448,
4.739274121679177,4.0,1.5797580405597258,1.5491932153002153,2.5819891027762134,True,three_rg,5,0.2,,0.18481853041979424,0.019729511437078844,0,parabola,0.0012419986887834966,,,,,
4.411937354733757,4.0,1.5224076448356614,1.5491932153002153,2.5819891027762134,True,shannon,5,0.2,,0.10298433868343926,-0.017290012762780627,1,parabola,16.565904996241443,False,5,0,,0.5237082298234765
4.616595781594647,4.0,1.5224076448356614,1.5491932153002153,2.5819891027762134,True,shannon_ex,5,0.2,,0.15414894539866175,-0.017290012762780627,1,parabola,17.353333001665305,False,5,0,,0.4678563510206679
4.972643337283076,4.0,1.5224076448356614,1.5491932153002153,2.5819891027762134,True,dnn,5,0.2,,0.24316083432076896,-0.017290012762780627,1,parabola,0.24547600332880393,,,,1.558369394061495,
4.567222934506984,4.0,1.5224076448356614,1.5491932153002153,2.5819891027762134,True,three_rg,5,0.2,,0.14180573362674598,-0.017290012762780627,1,parabola,0.0011999945854768157,,,,,
3.8817556378761977,4.0,1.5483668280319893,1.5491932153002153,2.5819891027762134,True,shannon,5,0.2,,-0.029561090530950573,-0.0005334307303080858,2,parabola,18.6640100000659,True,4,1,,0.010838567796224385
3.938049153293148,4.0,1.5483668280319893,1.5491932153002153,2.5819891027762134,True,shannon_ex,5,0.2,,-0.015487711676713034,-0.0005334307303080858,2,parabola,18.141306994948536,True,5,1,,0.015491932153002264
5.1539480362068675,4.0,1.5483668280319893,1.5491932153002153,2.5819891027762134,True,dnn,5,0.2,,0.28848700905171687,-0.0005334307303080858,2,parabola,0.2955250020022504,,,,1.5627341120838663,
4.645100484095968,4.0,1.5483668280319893,1.5491932153002153,2.5819891027762134,True,three_rg,5,0.2,,0.161275121023992,-0.0005334307303080858,2,parabola,0.0017120037227869034,,,,,
7.45467243440835,6.0,2.339087679450354,2.3237898229503102,2.5819891027762276,True,shannon,7,0.0,,0.24244540573472495,0.006583149796491206,0,parabola,17.139301002316643,True,5,1,,0.05379901662736053
6.262613572851071,6.0,2.339087679450354,2.3237898229503102,2.5819891027762276,True,shannon_ex,7,0.0,,0.04376892880851176,0.006583149796491206,0,parabola,16.93851799791446,True,4,5,,0.006041853539670683
6.999939404393562,6.0,2.339087679450354,2.3237898229503102,2.5819891027762276,True,dnn,7,0.0,,0.16665656739892695,0.006583149796491206,0,parabola,0.19747499754885212,,,,2.349340992730145,
7.017263038351062,6.0,2.339087679450354,2.3237898229503102,2.5819891027762276,True,three_rg,7,0.0,,0.16954383972517695,0.006583149796491206,0,parabola,0.0013999961083754897,,,,,
7.473244643089794,6.0,2.3383118407665258,2.3237898229503102,2.5819891027762276,True,shannon,7,0.02,,0.245540773848299,0.006249281958631791,0,parabola,17.23103700351203,False,5,0,,0.4957221102424967
6.275394416877297,6.0,2.3383118407665258,2.3237898229503102,2.5819891027762276,True,shannon_ex,7,0.02,,0.045899069479549436,0.006249281958631791,0,parabola,17.165195997222327,True,4,2,,0.02904737278687808
7.006048662779765,6.0,2.3383118407665258,2.3237898229503102,2.5819891027762276,True,dnn,7,0.02,,0.16767477712996084,0.006249281958631791,0,parabola,0.22447599621955305,,,,2.3504700778110443,
7.014935522299577,6.0,2.3383118407665258,2.3237898229503102,2.5819891027762276,True,three_rg,7,0.02,,0.16915592038326288,0.006249281958631791,0,parabola,0.001720000000204891,,,,,
7.071305373222765,6.0,2.3353056054236396,2.3237898229503102,2.5819891027762276,True,shannon,7,0.02,,0.17855089553712755,0.004955604142679666,1,parabola,16.82928499940317,False,5,0,,0.2662248390182915
7.030238811032296,6.0,2.3353056054236396,2.3237898229503102,2.5819891027762276,True,shannon_ex,7,0.02,,0.1717064685053827,0.004955604142679666,1,parabola,16.650679004669655,True,5,3,,0.04337741002840412
6.986238048617613,6.0,2.3353056054236396,2.3237898229503102,2.5819891027762276,True,dnn,7,0.02,,0.16437300810293554,0.004955604142679666,1,parabola,0.20998699619667605,,,,2.348799701278351,
7.0059168162709184,6.0,2.3353056054236396,2.3237898229503102,2.5819891027762276,True,three_rg,7,0.02,,0.16765280271181973,0.004955604142679666,1,parabola,0.0016339981812052429,,,,,
6.451216242446444,6.0,2.3371149290350677,2.3237898229503102,2.5819891027762276,True,shannon,7,0.02,,0.07520270707440731,0.0057342131173634915,2,parabola,16.895906999707222,True,6,3,,0.03817287717423801
7.1456537055721565,6.0,2.3371149290350677,2.3237898229503102,2.5819891027762276,True,shannon_ex,7,0.02,,0.19094228426202609,0.0057342131173634915,2,parabola,19.279339001514018,False,7,0,,0.5879188252064078
7.000251837320721,6.0,2.3371149290350677,2.3237898229503102,2.5819891027762276,True,dnn,7,0.02,,0.16670863955345347,0.0057342131173634915,2,parabola,0.2661179969436489,,,,2.349629510215468,
7.0113447871052035,6.0,2.3371149290350677,2.3237898229503102,2.5819891027762276,True,three_rg,7,0.02,,0.16855746451753392,0.0057342131173634915,2,parabola,0.0013150056474842131,,,,,
7.8876030091149,6.0,2.3412297444686367,2.3237898229503102,2.5819891027762276,True,shannon,7,0.05,,0.31460050151915003,0.007504947885598618,0,parabola,17.736271998728625,False,8,0,,0.25519404214708974
6.213813986569115,6.0,2.3412297444686367,2.3237898229503102,2.5819891027762276,True,shannon_ex,7,0.05,,0.03563566442818589,0.007504947885598618,0,parabola,18.466206005541608,True,6,1,,0.04647579645900457
7.014381449606976,6.0,2.3412297444686367,2.3237898229503102,2.5819891027762276,True,dnn,7,0.05,,0.16906357493449597,0.007504947885598618,0,parabola,0.24040100106503814,,,,2.351982435976016,
7.023689233405911,6.0,2.3412297444686367,2.3237898229503102,2.5819891027762276,True,three_rg,7,0.05,,0.17061487223431845,0.007504947885598618,0,parabola,0.0016650010365992785,,,,,
7.201437603372802,6.0,2.3343395796994826,2.3237898229503102,2.5819891027762276,True,shannon,7,0.05,,0.20023960056213364,0.004539892827217164,1,parabola,18.363212002441287,True,5,2,,0.004668679159398614
7.754486639185117,6.0,2.3343395796994826,2.3237898229503102,2.5819891027762276,True,shannon_ex,7,0.05,,0.2924144398641862,0.004539892827217164,1,parabola,16.52777699928265,True,6,1,,0.06738990486555663
6.964712020909301,6.0,2.3343395796994826,2.3237898229503102,2.5819891027762276,True,dnn,7,0.05,,0.1607853368182169,0.004539892827217164,1,parabola,0.2001269967877306,,,,2.3478104355333764,
7.003018739098447,6.0,2.3343395796994826,2.3237898229503102,2.5819891027762276,True,three_rg,7,0.05,,0.1671697898497412,0.004539892827217164,1,parabola,0.0010800067684613168,,,,,
6.118803602520157,6.0,2.336312944833957,2.3237898229503102,2.5819891027762276,True,shannon,7,0.05,,0.019800600420026182,0.0053890940393856585,2,parabola,18.506701999285724,True,6,1,,0.016354190613839137
6.051148698962599,6.0,2.336312944833957,2.3237898229503102,2.5819891027762276,True,shannon_ex,7,0.05,,0.008524783160433222,0.0053890940393856585,2,parabola,16.561659002036322,True,6,5,,0.012083707079340922
6.993653586137624,6.0,2.336312944833957,2.3237898229503102,2.5819891027762276,True,dnn,7,0.05,,0.1656089310229373,0.0053890940393856585,2,parabola,0.2003900008276105,,,,2.3492651479520807,
7.008938834501871,6.0,2.336312944833957,2.3237898229503102,2.5819891027762276,True,three_rg,7,0.05,,0.16815647241697848,0.0053890940393856585,2,parabola,0.0011219963198527694,,,,,
7.097099339136891,6.0,2.346148541863435,2.3237898229503102,2.5819891027762276,True,shannon,7,0.1,,0.1828498898561485,0.009621661430954113,0,parabola,16.583032003836706,True,8,3,,0.014858940765135387
7.424508484326184,6.0,2.346148541863435,2.3237898229503102,2.5819891027762276,True,shannon_ex,7,0.1,,0.23741808072103066,0.009621661430954113,0,parabola,16.590417006227653,True,8,1,,0.020914108406552057
7.02718121914146,6.0,2.346148541863435,2.3237898229503102,2.5819891027762276,True,dnn,7,0.1,,0.17119686985691004,0.009621661430954113,0,parabola,0.2009110030485317,,,,2.3539212401487704,
7.038445625590304,6.0,2.346148541863435,2.3237898229503102,2.5819891027762276,True,three_rg,7,0.1,,0.17307427093171737,0.009621661430954113,0,parabola,0.001272994268219918,,,,,
7.562607503804719,6.0,2.3402777359755036,2.3237898229503102,2.5819891027762276,True,shannon,7,0.1,,0.2604345839674531,0.0070952686264285835,1,parabola,20.73303500219481,True,8,2,,0.050315971323469544
6.678571951159161,6.0,2.3402777359755036,2.3237898229503102,2.5819891027762276,True,shannon_ex,7,0.1,,0.1130953251931935,0.0070952686264285835,1,parabola,19.079821002378594,True,7,1,,0.0
6.930609769236964,6.0,2.3402777359755036,2.3237898229503102,2.5819891027762276,True,dnn,7,0.1,,0.15510162820616072,0.0070952686264285835,1,parabola,0.21144100173842162,,,,2.3461841140824244,
7.020833207926511,6.0,2.3402777359755036,2.3237898229503102,2.5819891027762276,True,three_rg,7,0.1,,0.17013886798775188,0.0070952686264285835,1,parabola,0.0012259988579899073,,,,,
7.358825697608922,6.0,2.3294794864225734,2.3237898229503102,2.5819891027762276,True,shannon,7,0.1,,0.22647094960148703,0.0024484415139745825,2,parabola,17.55914000386838,False,8,0,,0.771057710005878
6.0557962786085,6.0,2.3294794864225734,2.3237898229503102,2.5819891027762276,True,shannon_ex,7,0.1,,0.009299379768083297,0.0024484415139745825,2,parabola,17.011254996759817,True,6,1,,0.06041853539670594
6.9839982948509025,6.0,2.3294794864225734,2.3237898229503102,2.5819891027762276,True,dnn,7,0.1,,0.16399971580848374,0.0024484415139745825,2,parabola,0.20970799960196018,,,,2.348747325695447,
6.98843845926772,6.0,2.3294794864225734,2.3237898229503102,2.5819891027762276,True,three_rg,7,0.1,,0.1647397432112867,0.0024484415139745825,2,parabola,0.0012259988579899073,,,,,
5.962425470935978,6.0,2.3274813978475564,2.3237898229503102,2.5819891027762276,True,shannon,7,0.2,,-0.006262421510670357,0.0015886010261286349,0,parabola,18.066504002490547,True,7,4,,0.03549409131717507
6.662305422398509,6.0,2.3274813978475564,2.3237898229503102,2.5819891027762276,True,shannon_ex,7,0.2,,0.11038423706641816,0.0015886010261286349,0,parabola,18.11370799987344,False,8,0,,0.8202978075014307
7.069813454829938,6.0,2.3274813978475564,2.3237898229503102,2.5819891027762276,True,dnn,7,0.2,,0.17830224247165635,0.0015886010261286349,0,parabola,0.21412099886219949,,,,2.3576572729383516,
6.982444193542669,6.0,2.3274813978475564,2.3237898229503102,2.5819891027762276,True,three_rg,7,0.2,,0.16374069892377818,0.0015886010261286349,0,parabola,0.001567997969686985,,,,,
7.98806155401054,6.0,2.327523762823606,2.3237898229503102,2.5819891027762276,True,shannon,7,0.2,,0.33134359233509,0.0016068320105451573,1,parabola,16.603823001787532,True,9,1,,0.004655047525647049
6.2812038914346715,6.0,2.327523762823606,2.3237898229503102,2.5819891027762276,True,shannon_ex,7,0.2,,0.04686731523911192,0.0016068320105451573,1,parabola,16.443139997136313,False,7,0,,0.4159583783080909
6.8682758530979955,6.0,2.327523762823606,2.3237898229503102,2.5819891027762276,True,dnn,7,0.2,,0.14471264218299926,0.0016068320105451573,1,parabola,0.21296300110407174,,,,2.3430077876203685,
6.982571288470817,6.0,2.327523762823606,2.3237898229503102,2.5819891027762276,True,three_rg,7,0.2,,0.16376188141180284,0.0016068320105451573,1,parabola,0.0021600062609650195,,,,,
5.842528262677189,6.0,2.322841969059611,2.3237898229503102,2.5819891027762276,True,shannon,7,0.2,,-0.026245289553801825,-0.0004078914028015074,2,parabola,16.768918998423032,True,7,4,,0.004064973445854214
6.331552670931927,6.0,2.322841969059611,2.3237898229503102,2.5819891027762276,True,shannon_ex,7,0.2,,0.055258778488654535,-0.0004078914028015074,2,parabola,16.61884100030875,True,8,3,,0.0030983864306004527
6.969152987074059,6.0,2.322841969059611,2.3237898229503102,2.5819891027762276,True,dnn,7,0.2,,0.16152549784567652,-0.0004078914028015074,2,parabola,0.2291470009367913,,,,2.3480377753620854,
6.968525907178833,6.0,2.322841969059611,2.3237898229503102,2.5819891027762276,True,three_rg,7,0.2,,0.1614209845298055,-0.0004078914028015074,2,parabola,0.0019020008039660752,,,,,
8.522587218915891,8.0,3.118780392382005,3.098386430600475,2.5819891027761765,True,shannon,10,0.0,,0.06532340236448642,0.006582123385293132,0,parabola,17.295527999522164,True,9,3,,0.022871056210800766
9.468668931915039,8.0,3.118780392382005,3.098386430600475,2.5819891027761765,True,shannon_ex,10,0.0,,0.18358361648937982,0.006582123385293132,0,parabola,18.866146994696464,False,10,0,,0.2354773687256344
9.484203673572694,8.0,3.118780392382005,3.098386430600475,2.5819891027761765,True,dnn,10,0.0,,0.1855254591965867,0.006582123385293132,0,parabola,0.2166010017390363,,,,3.1377812008836137,
9.356341177146016,8.0,3.118780392382005,3.098386430600475,2.5819891027761765,True,three_rg,10,0.0,,0.16954264714325196,0.006582123385293132,0,parabola,0.0011950032785534859,,,,,
8.371428928788369,8.0,3.119012268550064,3.098386430600475,2.5819891027761765,True,shannon,10,0.02,,0.046428616098546094,0.006656961102683317,0,parabola,18.48478100146167,True,9,1,,0.07485629444520114
8.272691769703265,8.0,3.119012268550064,3.098386430600475,2.5819891027761765,True,shannon_ex,10,0.02,,0.03408647121290809,0.006656961102683317,0,parabola,18.532941001467407,True,8,1,,0.07436127433441087
9.469094730714836,8.0,3.119012268550064,3.098386430600475,2.5819891027761765,True,dnn,10,0.02,,0.18363684133935454,0.006656961102683317,0,parabola,0.255888000538107,,,,3.140124584106836,
9.357036805650193,8.0,3.119012268550064,3.098386430600475,2.5819891027761765,True,three_rg,10,0.02,,0.1696296007062741,0.006656961102683317,0,parabola,0.0016499980119988322,,,,,
9.65416441101598,8.0,3.1152515040387225,3.098386430600475,2.5819891027761765,True,shannon,10,0.02,,0.2067705513769975,0.00544317947938441,1,parabola,19.141087999742012,False,10,0,,0.7258536004410141
8.402823999788483,8.0,3.1152515040387225,3.098386430600475,2.5819891027761765,True,shannon_ex,10,0.02,,0.05035299997356035,0.00544317947938441,1,parabola,16.71029799763346,False,8,0,,0.2664612330316398
9.476472784402667,8.0,3.1152515040387225,3.098386430600475,2.5819891027761765,True,dnn,10,0.02,,0.18455909805033333,0.00544317947938441,1,parabola,0.20220099395373836,,,,3.1369655749780336,
9.345754512116168,8.0,3.1152515040387225,3.098386430600475,2.5819891027761765,True,three_rg,10,0.02,,0.16821931401452095,0.00544317947938441,1,parabola,0.0013469980331137776,,,,,
2.8082543572007825,8.0,1.0787937932392413,3.098386430600475,2.5819891027761765,False,shannon,10,0.02,,-0.6489682053499022,-0.6518207727142129,2,parabola,16.699153995432425,True,3,7,,0.004623401971025398
9.372618952566423,8.0,1.0787937932392413,3.098386430600475,2.5819891027761765,False,shannon_ex,10,0.02,,0.1715773690708029,-0.6518207727142129,2,parabola,16.75961400178494,True,10,1,,0.0030983864306000086
9.48227665147562,8.0,1.0787937932392413,3.098386430600475,2.5819891027761765,False,dnn,10,0.02,,0.1852845814344526,-0.6518207727142129,2,parabola,0.2414799964753911,,,,3.1384754798681422,
3.2363813797177237,8.0,1.0787937932392413,3.098386430600475,2.5819891027761765,False,three_rg,10,0.02,,-0.5954523275352845,-0.6518207727142129,2,parabola,0.002024004061240703,,,,,
2.7792656025991884,8.0,1.0482143975320162,3.098386430600475,2.5819891027761765,False,shannon,10,0.05,,-0.6525917996751014,-0.661690231024905,0,parabola,16.53290099784499,True,3,7,,0.009883164319588467
8.362544976190676,8.0,1.0482143975320162,3.098386430600475,2.5819891027761765,False,shannon_ex,10,0.05,,0.04531812202383456,-0.661690231024905,0,parabola,17.56853799452074,True,9,1,,0.058869342181409046
9.44899389462639,8.0,1.0482143975320162,3.098386430600475,2.5819891027761765,False,dnn,10,0.05,,0.1811242368282988,-0.661690231024905,0,parabola,0.20819399651372805,,,,3.1435664287929446,
3.1446431925960487,8.0,1.0482143975320162,3.098386430600475,2.5819891027761765,False,three_rg,10,0.05,,-0.6069196009254939,-0.661690231024905,0,parabola,0.001663000148255378,,,,,
3.9232111959045235,8.0,1.5361046186000498,3.098386430600475,2.5819891027761765,False,shannon,10,0.05,,-0.5095986005119346,-0.5042243267563146,1,parabola,17.99010299873771,False,4,0,,0.0829496494043993
8.11157567531204,8.0,1.5361046186000498,3.098386430600475,2.5819891027761765,False,shannon_ex,10,0.05,,0.013946959414004922,-0.5042243267563146,1,parabola,17.98385599977337,True,8,1,,0.030983864306004527
9.461951531654643,8.0,1.5361046186000498,3.098386430600475,2.5819891027761765,False,dnn,10,0.05,,0.18274394145683037,-0.5042243267563146,1,parabola,0.259541004197672,,,,3.1359339666191737,
4.60831385580015,8.0,1.5361046186000498,3.098386430600475,2.5819891027761765,False,three_rg,10,0.05,,-0.4239607680249813,-0.5042243267563146,1,parabola,0.001601001713424921,,,,,
2.696580436428935,8.0,1.0496615167103678,3.098386430600475,2.5819891027761765,False,shannon,10,0.05,,-0.6629274454463832,-0.6612231752812896,2,parabola,16.642401002172846,True,3,1,,0.024142214884338653
8.752941666446333,8.0,1.0496615167103678,3.098386430600475,2.5819891027761765,False,shannon_ex,10,0.05,,0.09411770830579158,-0.6612231752812896,2,parabola,18.339157999434974,True,11,1,,0.0030983864306000086
9.477354484608616,8.0,1.0496615167103678,3.098386430600475,2.5819891027761765,False,dnn,10,0.05,,0.18466931057607705,-0.6612231752812896,2,parabola,0.26911900204140693,,,,3.1396722983179775,
3.1489845501311033,8.0,1.0496615167103678,3.098386430600475,2.5819891027761765,False,three_rg,10,0.05,,-0.606376931233612,-0.6612231752812896,2,parabola,0.0015870027709752321,,,,,
2.8229871934836517,8.0,1.0757515408443117,3.098386430600475,2.5819891027761765,False,shannon,10,0.1,,-0.6471266008145435,-0.6528026555306632,0,parabola,16.324724005244207,True,3,5,,0.009681763867599447
8.749843280015734,8.0,1.0757515408443117,3.098386430600475,2.5819891027761765,False,shannon_ex,10,0.1,,0.09373041000196669,-0.6528026555306632,0,parabola,17.894333999720402,True,9,1,,0.006196772861200017
9.417166785579063,8.0,1.0757515408443117,3.098386430600475,2.5819891027761765,False,dnn,10,0.1,,0.17714584819738288,-0.6528026555306632,0,parabola,0.2239599998574704,,,,3.1495352025392167,
3.227254622532935,8.0,1.0757515408443117,3.098386430600475,2.5819891027761765,False,three_rg,10,0.1,,-0.5965931721833831,-0.6528026555306632,0,parabola,0.0018169957911595702,,,,,
2.6732479921511647,8.0,1.058712076099472,3.098386430600475,2.5819891027761765,False,shannon,10,0.1,,-0.6658440009811044,-0.6583021195667027,1,parabola,17.694642003334593,True,3,3,,0.0010587120760996438
9.041091604492177,8.0,1.058712076099472,3.098386430600475,2.5819891027761765,False,shannon_ex,10,0.1,,0.13013645056152212,-0.6583021195667027,1,parabola,18.847897998057306,False,11,0,,0.26646123303163893
9.432592551475949,8.0,1.058712076099472,3.098386430600475,2.5819891027761765,False,dnn,10,0.1,,0.17907406893449362,-0.6583021195667027,1,parabola,0.29001099755987525,,,,3.134543888968873,
3.176136228298416,8.0,1.058712076099472,3.098386430600475,2.5819891027761765,False,three_rg,10,0.1,,-0.602982971462698,-0.6583021195667027,1,parabola,0.0016929989214986563,,,,,
5.856918248726285,8.0,2.339158312379985,3.098386430600475,2.5819891027761765,True,shannon,10,0.1,,-0.26788521890921435,-0.245039840970821,2,parabola,19.67571999557549,True,7,7,,0.001002496419591381
9.220798017467002,8.0,2.339158312379985,3.098386430600475,2.5819891027761765,True,shannon_ex,10,0.1,,0.1525997521833753,-0.245039840970821,2,parabola,17.111067994846962,False,11,0,,1.4252577580762082
9.445281382890853,8.0,2.339158312379985,3.098386430600475,2.5819891027761765,True,dnn,10,0.1,,0.1806601728613566,-0.245039840970821,2,parabola,0.24852999922586605,,,,3.143609929408532,
7.017474937139955,8.0,2.339158312379985,3.098386430600475,2.5819891027761765,True,three_rg,10,0.1,,-0.12281563285750563,-0.245039840970821,2,parabola,0.0011140000424347818,,,,,
2.8286612745506123,8.0,1.093836533082219,3.098386430600475,2.5819891027761765,False,shannon,10,0.2,,-0.6464173406811735,-0.6469657489204048,0,parabola,18.874759000027552,True,3,2,,0.00984452879773956
9.13404319741019,8.0,1.093836533082219,3.098386430600475,2.5819891027761765,False,shannon_ex,10,0.2,,0.1417553996762737,-0.6469657489204048,0,parabola,21.22335699823452,False,11,0,,0.38419991739445614
9.36593450622621,8.0,1.093836533082219,3.098386430600475,2.5819891027761765,False,dnn,10,0.2,,0.1707418132782763,-0.6469657489204048,0,parabola,0.198886998987291,,,,3.162100173682035,
3.2815095992466574,8.0,1.093836533082219,3.098386430600475,2.5819891027761765,False,three_rg,10,0.2,,-0.5898113000941678,-0.6469657489204048,0,parabola,0.0012259988579899073,,,,,
2.935409616646515,8.0,1.1202784530661232,3.098386430600475,2.5819891027761765,False,shannon,10,0.2,,-0.6330737979191856,-0.6384316552635397,1,parabola,16.18128499831073,True,3,4,,0.001960487292865798
9.354028633982821,8.0,1.1202784530661232,3.098386430600475,2.5819891027761765,False,shannon_ex,10,0.2,,0.16925357924785267,-0.6384316552635397,1,parabola,17.02613299858058,False,11,0,,0.5732014896610842
9.372684582622224,8.0,1.1202784530661232,3.098386430600475,2.5819891027761765,False,dnn,10,0.2,,0.17158557282777798,-0.6384316552635397,1,parabola,0.2654130003065802,,,,3.1316936916137457,
3.3608353591983695,8.0,1.1202784530661232,3.098386430600475,2.5819891027761765,False,three_rg,10,0.2,,-0.5798955801002038,-0.6384316552635397,1,parabola,0.0016070043784566224,,,,,
2.780409940281314,8.0,1.0697999000697647,3.098386430600475,2.5819891027761765,False,shannon,10,0.2,,-0.6524487574648358,-0.6547235394836032,2,parabola,16.462771003716625,False,3,0,,0.09521219110620538
8.58872718562451,8.0,1.0697999000697647,3.098386430600475,2.5819891027761765,False,shannon_ex,10,0.2,,0.07359089820306375,-0.6547235394836032,2,parabola,18.3848470041994,False,10,0,,0.7993836990949172
9.395736694875268,8.0,1.0697999000697647,3.098386430600475,2.5819891027761765,False,dnn,10,0.2,,0.17446708685940848,-0.6547235394836032,2,parabola,0.22227400040719658,,,,3.1511244623144226,
3.209399700209294,8.0,1.0697999000697647,3.098386430600475,2.5819891027761765,False,three_rg,10,0.2,,-0.5988250374738382,-0.6547235394836032,2,parabola,0.0012320015230216086,,,,,
11.156126187888143,10.0,3.898471585750032,3.8729830382505432,2.58198910277621,True,shannon,12,0.0,,0.11561261878881428,0.006581115188927336,0,parabola,18.40039499802515,True,11,3,,0.003898471585749519
13.129412499669066,10.0,3.898471585750032,3.8729830382505432,2.58198910277621,True,shannon_ex,12,0.0,,0.31294124996690653,0.006581115188927336,0,parabola,18.116264000127558,True,13,1,,0.0
10.967379975870099,10.0,3.898471585750032,3.8729830382505432,2.58198910277621,True,dnn,12,0.0,,0.09673799758700988,0.006581115188927336,0,parabola,0.29711000388488173,,,,3.9021972847611224,
11.695414757250095,10.0,3.898471585750032,3.8729830382505432,2.58198910277621,True,three_rg,12,0.0,,0.1695414757250095,0.006581115188927336,0,parabola,0.0016129997675307095,,,,,
11.56486359716568,10.0,3.9004598978636453,3.8729830382505432,2.58198910277621,True,shannon,12,0.02,,0.15648635971656794,0.007094495209954134,0,parabola,17.01087100082077,False,12,0,,0.6903814019218544
12.01012040161475,10.0,3.9004598978636453,3.8729830382505432,2.58198910277621,True,shannon_ex,12,0.02,,0.20101204016147492,0.007094495209954134,0,parabola,17.12107300409116,False,12,0,,0.5383446423167824
10.933138826233705,10.0,3.9004598978636453,3.8729830382505432,2.58198910277621,True,dnn,12,0.02,,0.09331388262337051,0.007094495209954134,0,parabola,0.1971870005945675,,,,3.903826330771291,
11.701379693590937,10.0,3.9004598978636453,3.8729830382505432,2.58198910277621,True,three_rg,12,0.02,,0.1701379693590937,0.007094495209954134,0,parabola,0.001038999471347779,,,,,
3.5706712828195224,10.0,1.319747556879272,3.8729830382505432,2.58198910277621,False,shannon,12,0.02,,-0.6429328717180478,-0.6592426189722194,1,parabola,16.643492002913263,True,4,7,,0.020550354814264038
12.482624332281276,10.0,1.319747556879272,3.8729830382505432,2.58198910277621,False,shannon_ex,12,0.02,,0.24826243322812758,-0.6592426189722194,1,parabola,16.73708000453189,False,15,0,,1.0573243694423136
10.96923801240348,10.0,1.319747556879272,3.8729830382505432,2.58198910277621,False,dnn,12,0.02,,0.09692380124034798,-0.6592426189722194,1,parabola,0.22531499416800216,,,,3.901756234377183,
3.959242670637816,10.0,1.319747556879272,3.8729830382505432,2.58198910277621,False,three_rg,12,0.02,,-0.6040757329362184,-0.6592426189722194,1,parabola,0.001444001100026071,,,,,
12.235175967273257,10.0,3.896966546535785,3.8729830382505432,2.58198910277621,True,shannon,12,0.02,,0.22351759672732568,0.006192515703883718,2,parabola,17.64166000066325,True,15,3,,0.037670676616508025
10.794003727604174,10.0,3.896966546535785,3.8729830382505432,2.58198910277621,True,shannon_ex,12,0.02,,0.07940037276041742,0.006192515703883718,2,parabola,23.96765299636172,True,13,1,,0.06584071165025396
10.962288669517404,10.0,3.896966546535785,3.8729830382505432,2.58198910277621,True,dnn,12,0.02,,0.09622886695174042,0.006192515703883718,2,parabola,0.21878600091440603,,,,3.9027814004527,
11.690899639607355,10.0,3.896966546535785,3.8729830382505432,2.58198910277621,True,three_rg,12,0.02,,0.16908996396073556,0.006192515703883718,2,parabola,0.001510001311544329,,,,,
12.886754967005515,10.0,3.9086305632410534,3.8729830382505432,2.58198910277621,True,shannon,12,0.05,,0.28867549670055154,0.009204152106643985,0,parabola,17.936889998964034,True,16,1,,0.05862945844861134
10.90244725267518,10.0,3.9086305632410534,3.8729830382505432,2.58198910277621,True,shannon_ex,12,0.05,,0.09024472526751807,0.009204152106643985,0,parabola,18.087045995343942,False,13,0,,0.8714211836063024
10.885398033588107,10.0,3.9086305632410534,3.8729830382505432,2.58198910277621,True,dnn,12,0.05,,0.08853980335881069,0.009204152106643985,0,parabola,0.2108310000039637,,,,3.906376609823791,
11.72589168972316,10.0,3.9086305632410534,3.8729830382505432,2.58198910277621,True,three_rg,12,0.05,,0.17258916897231594,0.009204152106643985,0,parabola,0.0013760000001639128,,,,,
3.63988436941204,10.0,1.3413488979260253,3.8729830382505432,2.58198910277621,False,shannon,12,0.05,,-0.636011563058796,-0.6536651762534124,1,parabola,16.717097998480313,True,4,5,,0.025753898840177314
11.580219284368972,10.0,1.3413488979260253,3.8729830382505432,2.58198910277621,False,shannon_ex,12,0.05,,0.15802192843689725,-0.6536651762534124,1,parabola,16.76628900167998,False,14,0,,1.030213488174562
10.972077652610645,10.0,1.3413488979260253,3.8729830382505432,2.58198910277621,False,dnn,12,0.05,,0.09720776526106452,-0.6536651762534124,1,parabola,0.20430600125109777,,,,3.901099408101153,
4.024046693778076,10.0,1.3413488979260253,3.8729830382505432,2.58198910277621,False,three_rg,12,0.05,,-0.5975953306221924,-0.6536651762534124,1,parabola,0.0012000018614344299,,,,,
10.597455428259142,10.0,3.90042525883662,3.8729830382505432,2.58198910277621,True,shannon,12,0.05,,0.0597455428259142,0.007085551450923103,2,parabola,16.855784997460432,True,13,1,,0.06630722940022604
10.36797559339665,10.0,3.90042525883662,3.8729830382505432,2.58198910277621,True,shannon_ex,12,0.05,,0.03679755933966504,0.007085551450923103,2,parabola,20.330981998995412,True,13,2,,0.003872983038250233
10.954748522742264,10.0,3.90042525883662,3.8729830382505432,2.58198910277621,True,dnn,12,0.05,,0.0954748522742264,0.007085551450923103,2,parabola,0.2072040006169118,,,,3.9036547944765774,
11.70127577650986,10.0,3.90042525883662,3.8729830382505432,2.58198910277621,True,three_rg,12,0.05,,0.170127577650986,0.007085551450923103,2,parabola,0.0013279932318255305,,,,,
3.757829838206031,10.0,1.376854690784736,3.8729830382505432,2.58198910277621,False,shannon,12,0.1,,-0.624217016179397,-0.6444976192287503,0,parabola,18.415275000734255,True,4,7,,0.012785079271571353
10.859844439254429,10.0,1.376854690784736,3.8729830382505432,2.58198910277621,False,shannon_ex,12,0.1,,0.08598444392544291,-0.6444976192287503,0,parabola,18.32813299552072,False,13,0,,0.7745966076500466
10.814520078209792,10.0,1.376854690784736,3.8729830382505432,2.58198910277621,False,dnn,12,0.1,,0.08145200782097924,-0.6444976192287503,0,parabola,0.22390600497601554,,,,3.9108823785519804,
4.1305640723542085,10.0,1.376854690784736,3.8729830382505432,2.58198910277621,False,three_rg,12,0.1,,-0.5869435927645792,-0.6444976192287503,0,parabola,0.0016230042092502117,,,,,
3.6010820198133864,10.0,1.3317611020019864,3.8729830382505432,2.58198910277621,False,shannon,12,0.1,,-0.6398917980186614,-0.6561407347129635,1,parabola,18.97693600039929,True,4,5,,0.017046542105626283
10.315044825207229,10.0,1.3317611020019864,3.8729830382505432,2.58198910277621,False,shannon_ex,12,0.1,,0.03150448252072291,-0.6561407347129635,1,parabola,19.343688996741548,True,13,3,,0.06454971730417114
10.970255719805468,10.0,1.3317611020019864,3.8729830382505432,2.58198910277621,False,dnn,12,0.1,,0.09702557198054684,-0.6561407347129635,1,parabola,0.2367449997109361,,,,3.9006549885901456,
3.995283306005959,10.0,1.3317611020019864,3.8729830382505432,2.58198910277621,False,three_rg,12,0.1,,-0.6004716693994041,-0.6561407347129635,1,parabola,0.0013120006769895554,,,,,
10.632946488734577,10.0,3.9041477836367413,3.8729830382505432,2.58198910277621,True,shannon,12,0.1,,0.06329464887345768,0.008046703297795858,2,parabola,16.956678999122232,True,13,2,,0.05661014286272703
10.7727023208938,10.0,3.9041477836367413,3.8729830382505432,2.58198910277621,True,shannon_ex,12,0.1,,0.07727023208937993,0.008046703297795858,2,parabola,16.78391500172438,True,13,2,,0.0019364915191246723
10.936255554584967,10.0,3.9041477836367413,3.8729830382505432,2.58198910277621,True,dnn,12,0.1,,0.09362555545849674,0.008046703297795858,2,parabola,0.20708499505417421,,,,3.905728719927519,
11.712443350910224,10.0,3.9041477836367413,3.8729830382505432,2.58198910277621,True,three_rg,12,0.1,,0.17124433509102238,0.008046703297795858,2,parabola,0.0011640004231594503,,,,,
3.7442450967531586,10.0,1.4052336636341398,3.8729830382505432,2.58198910277621,False,shannon,12,0.2,,-0.6255754903246842,-0.637170199364236,0,parabola,16.8682430012268,True,4,2,,0.021781121786328406
10.52289491492666,10.0,1.4052336636341398,3.8729830382505432,2.58198910277621,False,shannon_ex,12,0.2,,0.05228949149266597,-0.637170199364236,0,parabola,17.6070189991151,False,13,0,,0.7397397603057945
10.690267341499704,10.0,1.4052336636341398,3.8729830382505432,2.58198910277621,False,dnn,12,0.2,,0.06902673414997036,-0.637170199364236,0,parabola,0.31152200244832784,,,,3.9218944608950856,
4.21570099090242,10.0,1.4052336636341398,3.8729830382505432,2.58198910277621,False,three_rg,12,0.2,,-0.578429900909758,-0.637170199364236,0,parabola,0.001439002517145127,,,,,
3.61848546559351,10.0,1.3327754937729377,3.8729830382505432,2.58198910277621,False,shannon,12,0.2,,-0.6381514534406489,-0.6558788198631093,1,parabola,18.148030998418108,False,4,0,,0.107954814995602
10.26986002309431,10.0,1.3327754937729377,3.8729830382505432,2.58198910277621,False,shannon_ex,12,0.2,,0.026986002309431,-0.6558788198631093,1,parabola,21.358325000619516,True,13,3,,0.014200937806917224
10.958714638708189,10.0,1.3327754937729377,3.8729830382505432,2.58198910277621,False,dnn,12,0.2,,0.09587146387081891,-0.6558788198631093,1,parabola,0.24861300335032865,,,,3.9005647896895392,
3.998326481318813,10.0,1.3327754937729377,3.8729830382505432,2.58198910277621,False,three_rg,12,0.2,,-0.6001673518681188,-0.6558788198631093,1,parabola,0.001324995537288487,,,,,
11.675615046560631,10.0,3.9061943949684514,3.8729830382505432,2.58198910277621,True,shannon,12,0.2,,0.16756150465606315,0.008575136113405246,2,parabola,19.303824999951757,False,14,0,,1.5351343972225457
10.759146880259923,10.0,3.9061943949684514,3.8729830382505432,2.58198910277621,True,shannon_ex,12,0.2,,0.0759146880259923,0.008575136113405246,2,parabola,17.458841000916436,True,13,3,,0.010327954768666103
10.85481692803009,10.0,3.9061943949684514,3.8729830382505432,2.58198910277621,True,dnn,12,0.2,,0.08548169280300896,0.008575136113405246,2,parabola,0.24327600112883374,,,,3.914904442286296,
11.718583184905354,10.0,3.9061943949684514,3.8729830382505432,2.58198910277621,True,three_rg,12,0.2,,0.1718583184905354,0.008575136113405246,2,parabola,0.0014459947124123573,,,,,
16.575408158549216,14.0,5.457822903704043,5.422176253550714,2.581989102776232,True,shannon,17,0.0,,0.1839577256106583,0.006574233017598057,0,parabola,17.222420996404253,True,19,1,,0.11461428097778636
17.104254991825705,14.0,5.457822903704043,5.422176253550714,2.581989102776232,True,shannon_ex,17,0.0,,0.2217324994161218,0.006574233017598057,0,parabola,17.598186997929588,True,20,2,,0.0623550269158315
18.264089576902514,14.0,5.457822903704043,5.422176253550714,2.581989102776232,True,dnn,17,0.0,,0.3045778269216081,0.006574233017598057,0,parabola,0.33301100484095514,,,,5.6655444210489065,
16.37346871111213,14.0,5.457822903704043,5.422176253550714,2.581989102776232,True,three_rg,17,0.0,,0.16953347936515226,0.006574233017598057,0,parabola,0.0011610027286224067,,,,,
15.890598022203289,14.0,5.3866433973570045,5.422176253550714,2.581989102776232,True,shannon,17,0.02,,0.13504271587166347,-0.006553246248762368,0,parabola,18.62244599760743,False,19,0,,0.4417047585832963
17.003944731135018,14.0,5.3866433973570045,5.422176253550714,2.581989102776232,True,shannon_ex,17,0.02,,0.21456748079535842,-0.006553246248762368,0,parabola,17.94439000514103,False,20,0,,1.8977616887427375
18.184507937309235,14.0,5.3866433973570045,5.422176253550714,2.581989102776232,True,dnn,17,0.02,,0.29889342409351677,-0.006553246248762368,0,parabola,0.28120700153522193,,,,5.660179114999467,
16.159930192071013,14.0,5.3866433973570045,5.422176253550714,2.581989102776232,True,three_rg,17,0.02,,0.15428072800507234,-0.006553246248762368,0,parabola,0.0017649945220910013,,,,,
15.584629367283185,14.0,5.4491711074416855,5.422176253550714,2.581989102776232,True,shannon,17,0.02,,0.11318781194879891,0.004978601326966061,1,parabola,19.172073996742256,True,18,1,,0.04359336885953269
15.26342615374525,14.0,5.4491711074416855,5.422176253550714,2.581989102776232,True,shannon_ex,17,0.02,,0.09024472526751788,0.004978601326966061,1,parabola,18.718391998845618,False,18,0,,0.39581886650919973
18.285567128730253,14.0,5.4491711074416855,5.422176253550714,2.581989102776232,True,dnn,17,0.02,,0.3061119377664467,0.004978601326966061,1,parabola,0.3202059961040504,,,,5.666581859441551,
16.347513322325057,14.0,5.4491711074416855,5.422176253550714,2.581989102776232,True,three_rg,17,0.02,,0.16767952302321834,0.004978601326966061,1,parabola,0.0018740029190666974,,,,,
3.6518679165406107,14.0,1.432666895465127,5.422176253550714,2.581989102776232,False,shannon,17,0.02,,-0.7391522916756708,-0.7357764062857705,2,parabola,17.319984995992854,False,4,0,,0.06733534408686315
18.988461239934566,14.0,1.432666895465127,5.422176253550714,2.581989102776232,False,shannon_ex,17,0.02,,0.35631865999532614,-0.7357764062857705,2,parabola,17.617628996958956,True,22,2,,0.0
18.24409502189702,14.0,1.432666895465127,5.422176253550714,2.581989102776232,False,dnn,17,0.02,,0.3031496444212158,-0.7357764062857705,2,parabola,0.29367000388447195,,,,5.664632627676977,
4.298000686395381,14.0,1.432666895465127,5.422176253550714,2.581989102776232,False,three_rg,17,0.02,,-0.6929999509717586,-0.7357764062857705,2,parabola,0.0016789999790489674,,,,,
13.592117738959129,14.0,5.119441709589106,5.422176253550714,2.581989102776232,True,shannon,17,0.05,,-0.029134447217205102,-0.055832663824486053,0,parabola,20.165702997474,False,16,0,,0.793513464986364
16.353283580708936,14.0,5.119441709589106,5.422176253550714,2.581989102776232,True,shannon_ex,17,0.05,,0.1680916843363526,-0.055832663824486053,0,parabola,18.831102002877742,False,19,0,,2.5592671916759215
18.066391190731604,14.0,5.119441709589106,5.422176253550714,2.581989102776232,True,dnn,17,0.05,,0.290456513623686,-0.055832663824486053,0,parabola,0.2282130008097738,,,,5.652173759420539,
15.358325128767317,14.0,5.119441709589106,5.422176253550714,2.581989102776232,True,three_rg,17,0.05,,0.09702322348337981,-0.055832663824486053,0,parabola,0.0016570047591812909,,,,,
4.924713997146668,14.0,1.8912112124219176,5.422176253550714,2.581989102776232,False,shannon,17,0.05,,-0.6482347144895237,-0.6512080898913131,1,parabola,18.56403599958867,False,5,0,,0.16642658669312382
15.816488131607418,14.0,1.8912112124219176,5.422176253550714,2.581989102776232,False,shannon_ex,17,0.05,,0.12974915225767272,-0.6512080898913131,1,parabola,17.648733002715744,False,19,0,,1.2959001245986128
18.317888452546814,14.0,1.8912112124219176,5.422176253550714,2.581989102776232,False,dnn,17,0.05,,0.30842060375334385,-0.6512080898913131,1,parabola,0.19951399735873565,,,,5.668144892876162,
5.673633637265753,14.0,1.8912112124219176,5.422176253550714,2.581989102776232,False,three_rg,17,0.05,,-0.5947404544810178,-0.6512080898913131,1,parabola,0.0012269956641830504,,,,,
2.946729232728331,14.0,1.1474802308132155,5.422176253550714,2.581989102776232,False,shannon,17,0.05,,-0.789519340519405,-0.7883727534563658,2,parabola,16.44171200314304,True,3,7,,0.02098249564915422
16.54848192583676,14.0,1.1474802308132155,5.422176253550714,2.581989102776232,False,shannon_ex,17,0.05,,0.18203442327405434,-0.7883727534563658,2,parabola,17.236943000170868,False,21,0,,1.2037231282882521
18.214242010917303,14.0,1.1474802308132155,5.422176253550714,2.581989102776232,False,dnn,17,0.05,,0.3010172864940931,-0.7883727534563658,2,parabola,0.1996849969145842,,,,5.663271956371258,
3.4424406924396465,14.0,1.1474802308132155,5.422176253550714,2.581989102776232,False,three_rg,17,0.05,,-0.7541113791114539,-0.7883727534563658,2,parabola,0.0015410041669383645,,,,,
5.898929499285055,14.0,2.309682654379423,5.422176253550714,2.581989102776232,False,shannon,17,0.1,,-0.5786478929082104,-0.5740303253943605,0,parabola,17.800989000534173,False,7,0,,0.12010349802773845
16.434616224512197,14.0,2.309682654379423,5.422176253550714,2.581989102776232,False,shannon_ex,17,0.1,,0.1739011588937284,-0.5740303253943605,0,parabola,18.330028993659653,False,20,0,,2.4779345478726613
17.873085203629273,14.0,2.309682654379423,5.422176253550714,2.581989102776232,False,dnn,17,0.1,,0.27664894311637667,-0.5740303253943605,0,parabola,0.20519999816315249,,,,5.6389523650206685,
6.929047963138269,14.0,2.309682654379423,5.422176253550714,2.581989102776232,False,three_rg,17,0.1,,-0.5050680026329808,-0.5740303253943605,0,parabola,0.0011599986464716494,,,,,
4.481919367234754,14.0,1.7824296548955072,5.422176253550714,2.581989102776232,False,shannon,17,0.1,,-0.6798629023403747,-0.6712704324710429,1,parabola,17.567575996508822,True,5,6,,0.005644360573835883
14.515165830755254,14.0,1.7824296548955072,5.422176253550714,2.581989102776232,False,shannon_ex,17,0.1,,0.036797559339661036,-0.6712704324710429,1,parabola,17.555159000039566,True,18,2,,0.005422176253550681
18.372033123939005,14.0,1.7824296548955072,5.422176253550714,2.581989102776232,False,dnn,17,0.1,,0.3122880802813575,-0.6712704324710429,1,parabola,0.20007900457130745,,,,5.670768200853877,
5.347288964686522,14.0,1.7824296548955072,5.422176253550714,2.581989102776232,False,three_rg,17,0.1,,-0.618050788236677,-0.6712704324710429,1,parabola,0.0017049969756044447,,,,,
2.8014819693540747,14.0,1.1016445023020356,5.422176253550714,2.581989102776232,False,shannon,17,0.1,,-0.7998941450461375,-0.7968261357087713,2,parabola,17.439722003473435,True,3,1,,0.0033049335069059715
16.965989497360162,14.0,1.1016445023020356,5.422176253550714,2.581989102776232,False,shannon_ex,17,0.1,,0.21185639266858303,-0.7968261357087713,2,parabola,19.456068002909888,False,21,0,,0.6560833266796333
18.16485708840354,14.0,1.1016445023020356,5.422176253550714,2.581989102776232,False,dnn,17,0.1,,0.2974897920288243,-0.7968261357087713,2,parabola,0.2535130042815581,,,,5.661022812928374,
3.3049335069061065,14.0,1.1016445023020356,5.422176253550714,2.581989102776232,False,three_rg,17,0.1,,-0.7639333209352781,-0.7968261357087713,2,parabola,0.0021509986254386604,,,,,
5.792820366202763,14.0,2.2815361820412594,5.422176253550714,2.581989102776232,False,shannon,17,0.2,,-0.5862271166998027,-0.5792213171699842,0,parabola,16.7070719980984,True,7,1,,0.0433491874587868
15.014006046081917,14.0,2.2815361820412594,5.422176253550714,2.581989102776232,False,shannon_ex,17,0.2,,0.07242900329156551,-0.5792213171699842,0,parabola,17.47249699837994,False,19,0,,0.8729703768216597
17.50099490193671,14.0,2.2815361820412594,5.422176253550714,2.581989102776232,False,dnn,17,0.2,,0.25007106442405075,-0.5792213171699842,0,parabola,0.23198399867396802,,,,5.613005156092974,
6.844608546123778,14.0,2.2815361820412594,5.422176253550714,2.581989102776232,False,three_rg,17,0.2,,-0.5110993895625873,-0.5792213171699842,0,parabola,0.0013429962564259768,,,,,
4.424675762329473,14.0,1.7547096138679685,5.422176253550714,2.581989102776232,False,shannon,17,0.2,,-0.6839517312621805,-0.6763827784611582,1,parabola,18.20372699876316,True,5,5,,0.005615070764378061
14.112117395907989,14.0,1.7547096138679685,5.422176253550714,2.581989102776232,False,shannon_ex,17,0.2,,0.008008385421999189,-0.6763827784611582,1,parabola,19.484322998323478,True,17,3,,0.04337741002840545
18.473939046573445,14.0,1.7547096138679685,5.422176253550714,2.581989102776232,False,dnn,17,0.2,,0.3195670747552461,-0.6763827784611582,1,parabola,0.2560799985076301,,,,5.6758666046005555,
5.264128841603906,14.0,1.7547096138679685,5.422176253550714,2.581989102776232,False,three_rg,17,0.2,,-0.6239907970282924,-0.6763827784611582,1,parabola,0.0019340004655532539,,,,,
2.7611457113597937,14.0,1.0887798546371437,5.422176253550714,2.581989102776232,False,shannon,17,0.2,,-0.8027753063314433,-0.7991987342860432,2,parabola,16.49779400031548,True,3,3,,0.0
14.889295992250252,14.0,1.0887798546371437,5.422176253550714,2.581989102776232,False,shannon_ex,17,0.2,,0.06352114230358945,-0.7991987342860432,2,parabola,17.224155002622865,True,18,1,,0.0867548200568109
18.06747386803501,14.0,1.0887798546371437,5.422176253550714,2.581989102776232,False,dnn,17,0.2,,0.29053384771678636,-0.7991987342860432,2,parabola,0.2091310016112402,,,,5.6565939105805505,
3.2663395639114308,14.0,1.0887798546371437,5.422176253550714,2.581989102776232,False,three_rg,17,0.2,,-0.7666900311491835,-0.7991987342860432,2,parabola,0.00141999771585688,,,,,
23.312625656640083,20.0,7.796864768107098,7.7459660765009914,2.581989102776242,True,shannon,25,0.0,,0.16563128283200418,0.006570993353626806,0,parabola,19.41444400290493,True,28,1,,0.0
22.56399918084717,20.0,7.796864768107098,7.7459660765009914,2.581989102776242,True,shannon_ex,25,0.0,,0.12819995904235845,0.006570993353626806,0,parabola,26.2083289999282,False,27,0,,2.9202292108406755
27.149937405339234,20.0,7.796864768107098,7.7459660765009914,2.581989102776242,True,dnn,25,0.0,,0.3574968702669617,0.006570993353626806,0,parabola,0.32171400380320847,,,,8.107347745748598,
23.390594304321294,20.0,7.796864768107098,7.7459660765009914,2.581989102776242,True,three_rg,25,0.0,,0.1695297152160647,0.006570993353626806,0,parabola,0.0019119979697279632,,,,,
24.75837657712534,20.0,7.720104950771683,7.7459660765009914,2.581989102776242,True,shannon,25,0.02,,0.23791882885626697,-0.0033386572409300616,0,parabola,19.182971998816356,False,30,0,,1.459099835695996
23.253390161655712,20.0,7.720104950771683,7.7459660765009914,2.581989102776242,True,shannon_ex,25,0.02,,0.16266950808278563,-0.0033386572409300616,0,parabola,19.199237001885194,False,28,0,,2.881499380458173
27.141989042645513,20.0,7.720104950771683,7.7459660765009914,2.581989102776242,True,dnn,25,0.02,,0.3570994521322756,-0.0033386572409300616,0,parabola,0.22302500292425975,,,,8.104622981211694,
23.160314852315047,20.0,7.720104950771683,7.7459660765009914,2.581989102776242,True,three_rg,25,0.02,,0.15801574261575232,-0.0033386572409300616,0,parabola,0.001439002517145127,,,,,
27.253492503068834,20.0,7.791164237583792,7.7459660765009914,2.581989102776242,True,shannon,25,0.02,,0.36267462515344173,0.005835057969065806,1,parabola,19.91006599564571,True,34,1,,0.0311646569503381
22.804124129218685,20.0,7.791164237583792,7.7459660765009914,2.581989102776242,True,shannon_ex,25,0.02,,0.14020620646093426,0.005835057969065806,1,parabola,18.276062997756526,False,28,0,,1.8900157226661136
27.156221821856093,20.0,7.791164237583792,7.7459660765009914,2.581989102776242,True,dnn,25,0.02,,0.3578110910928046,0.005835057969065806,1,parabola,0.22848200023872778,,,,8.108825511986495,
23.373492712751375,20.0,7.791164237583792,7.7459660765009914,2.581989102776242,True,three_rg,25,0.02,,0.16867463563756874,0.005835057969065806,1,parabola,0.0012899981811642647,,,,,
17.33250906340379,20.0,6.903024774910477,7.7459660765009914,2.581989102776242,True,shannon,25,0.02,,-0.13337454682981048,-0.10882326274933644,2,parabola,17.561392996867653,True,21,7,,0.07297483333476684
22.959043450748695,20.0,6.903024774910477,7.7459660765009914,2.581989102776242,True,shannon_ex,25,0.02,,0.14795217253743473,-0.10882326274933644,2,parabola,19.386978005059063,False,28,0,,2.6026446017041565
27.147298131595154,20.0,6.903024774910477,7.7459660765009914,2.581989102776242,True,dnn,25,0.02,,0.35736490657975767,-0.10882326274933644,2,parabola,0.33373299811501056,,,,8.106835526493267,
20.709074324731432,20.0,6.903024774910477,7.7459660765009914,2.581989102776242,True,three_rg,25,0.02,,0.035453716236571606,-0.10882326274933644,2,parabola,0.0013020035112276673,,,,,
26.24141612225972,20.0,7.708994160475851,7.7459660765009914,2.581989102776242,True,shannon,25,0.05,,0.3120708061129861,-0.004773054214283553,0,parabola,20.04397800192237,True,32,1,,0.030835976641903073
23.385071584956222,20.0,7.708994160475851,7.7459660765009914,2.581989102776242,True,shannon_ex,25,0.05,,0.1692535792478111,-0.004773054214283553,0,parabola,19.03295399824856,False,29,0,,1.3710359955405824
27.12999451028729,20.0,7.708994160475851,7.7459660765009914,2.581989102776242,True,dnn,25,0.05,,0.3564997255143645,-0.004773054214283553,0,parabola,0.2634539996506646,,,,8.100529852419097,
23.126982481427554,20.0,7.708994160475851,7.7459660765009914,2.581989102776242,True,three_rg,25,0.05,,0.1563491240713777,-0.004773054214283553,0,parabola,0.0016650010365992785,,,,,
5.397589700752461,20.0,2.1258722728446093,7.7459660765009914,2.581989102776242,False,shannon,25,0.05,,-0.7301205149623768,-0.7255510478810528,1,parabola,17.399566000676714,False,6,0,,0.07440552954955937
23.865321481699247,20.0,2.1258722728446093,7.7459660765009914,2.581989102776242,False,shannon_ex,25,0.05,,0.19326607408496238,-0.7255510478810528,1,parabola,18.770403003145475,False,30,0,,0.9217699631035554
27.165653826521403,20.0,2.1258722728446093,7.7459660765009914,2.581989102776242,False,dnn,25,0.05,,0.35828269132607016,-0.7255510478810528,1,parabola,0.2183780015911907,,,,8.111043303655526,
6.377616818533828,20.0,2.1258722728446093,7.7459660765009914,2.581989102776242,False,three_rg,25,0.05,,-0.6811191590733087,-0.7255510478810528,1,parabola,0.001287000486627221,,,,,
27.2812862821112,20.0,7.794653223460542,7.7459660765009914,2.581989102776242,True,shannon,25,0.05,,0.36406431410556,0.006285484144741235,2,parabola,17.58166399667971,True,34,1,,0.0
26.266570965414395,20.0,7.794653223460542,7.7459660765009914,2.581989102776242,True,shannon_ex,25,0.05,,0.31332854827071976,0.006285484144741235,2,parabola,17.425974998332094,True,33,1,,0.023237898229501397
27.143338539085008,20.0,7.794653223460542,7.7459660765009914,2.581989102776242,True,dnn,25,0.05,,0.3571669269542504,0.006285484144741235,2,parabola,0.23812199651729316,,,,8.106067306086725,
23.383959670381625,20.0,7.794653223460542,7.7459660765009914,2.581989102776242,True,three_rg,25,0.05,,0.16919798351908125,0.006285484144741235,2,parabola,0.0018420032574795187,,,,,
24.490029292417262,20.0,7.655526505913303,7.7459660765009914,2.581989102776242,True,shannon,25,0.1,,0.2245014646208631,-0.011675699285858675,0,parabola,17.44148400030099,False,30,0,,0.26794342770699586
26.25107903326139,20.0,7.655526505913303,7.7459660765009914,2.581989102776242,True,shannon_ex,25,0.1,,0.31255395166306954,-0.011675699285858675,0,parabola,22.62335600244114,True,33,1,,0.06971369468850419
27.109812361318582,20.0,7.655526505913303,7.7459660765009914,2.581989102776242,True,dnn,25,0.1,,0.3554906180659291,-0.011675699285858675,0,parabola,0.2098559998557903,,,,8.093692287516255,
22.96657951773991,20.0,7.655526505913303,7.7459660765009914,2.581989102776242,True,three_rg,25,0.1,,0.14832897588699545,-0.011675699285858675,0,parabola,0.0012569944374263287,,,,,
21.376568138711807,20.0,7.813073150113958,7.7459660765009914,2.581989102776242,True,shannon,25,0.1,,0.06882840693559036,0.008663486639394117,1,parabola,17.80009899812285,False,27,0,,1.2032132651175615
23.8846863968905,20.0,7.813073150113958,7.7459660765009914,2.581989102776242,True,shannon_ex,25,0.1,,0.19423431984452505,0.008663486639394117,1,parabola,17.84770500671584,True,30,2,,0.09682457595625493
27.181388075195812,20.0,7.813073150113958,7.7459660765009914,2.581989102776242,True,dnn,25,0.1,,0.35906940375979063,0.008663486639394117,1,parabola,0.2720339980442077,,,,8.114742631710177,
23.439219450341874,20.0,7.813073150113958,7.7459660765009914,2.581989102776242,True,three_rg,25,0.1,,0.1719609725170937,0.008663486639394117,1,parabola,0.0019859944586642087,,,,,
23.5877615601531,20.0,7.782171415425035,7.7459660765009914,2.581989102776242,True,shannon,25,0.1,,0.17938807800765505,0.004674089528210018,2,parabola,17.43062399327755,False,30,0,,0.36576205652496085
21.99079769118614,20.0,7.782171415425035,7.7459660765009914,2.581989102776242,True,shannon_ex,25,0.1,,0.09953988455930692,0.004674089528210018,2,parabola,18.023090000497177,False,27,0,,0.5499635914315331
27.136737419439044,20.0,7.782171415425035,7.7459660765009914,2.581989102776242,True,dnn,25,0.1,,0.35683687097195216,0.004674089528210018,2,parabola,0.21082300372654572,,,,8.10478723154947,
23.346514246275106,20.0,7.782171415425035,7.7459660765009914,2.581989102776242,True,three_rg,25,0.1,,0.16732571231375531,0.004674089528210018,2,parabola,0.001333006366621703,,,,,
28.277048287353328,20.0,8.210525054399888,7.7459660765009914,2.581989102776242,False,shannon,25,0.2,,0.4138524143676664,0.05997431092659096,0,parabola,19.29314800509019,True,36,2,,0.13957892592479837
19.504342580629487,20.0,8.210525054399888,7.7459660765009914,2.581989102776242,False,shannon_ex,25,0.2,,-0.02478287096852565,0.05997431092659096,0,parabola,18.22667299711611,True,24,1,,0.13942738937700838
27.068735699480687,20.0,8.210525054399888,7.7459660765009914,2.581989102776242,False,dnn,25,0.2,,0.35343678497403436,0.05997431092659096,0,parabola,0.19918100588256493,,,,8.07996015837124,
24.631575163199663,20.0,8.210525054399888,7.7459660765009914,2.581989102776242,False,three_rg,25,0.2,,0.23157875815998316,0.05997431092659096,0,parabola,0.0010880030458793044,,,,,
27.05100430371191,20.0,7.764352555600369,7.7459660765009914,2.581989102776242,True,shannon,25,0.2,,0.3525502151855955,0.0023736844336507937,1,parabola,25.141106998489704,True,34,1,,0.10870093577840834
23.50900704218023,20.0,7.764352555600369,7.7459660765009914,2.581989102776242,True,shannon_ex,25,0.2,,0.17545035210901147,0.0023736844336507937,1,parabola,22.1034080022946,True,29,1,,0.007745966076500466
27.21290926524609,20.0,7.764352555600369,7.7459660765009914,2.581989102776242,True,dnn,25,0.2,,0.3606454632623045,0.0023736844336507937,1,parabola,0.21913499949732795,,,,8.122152316327218,
23.293057666801108,20.0,7.764352555600369,7.7459660765009914,2.581989102776242,True,three_rg,25,0.2,,0.1646528833400554,0.0023736844336507937,1,parabola,0.0011239972081966698,,,,,
6.450131776481533,20.0,2.5504672900282848,7.7459660765009914,2.581989102776242,False,shannon,25,0.2,,-0.6774934111759233,-0.6707360625079858,2,parabola,16.98724400193896,True,8,6,,0.00255046729002828
23.58646670294523,20.0,2.5504672900282848,7.7459660765009914,2.581989102776242,False,shannon_ex,25,0.2,,0.17932333514726154,-0.6707360625079858,2,parabola,18.746685003861785,True,30,1,,0.16266528760650978
27.123528567469016,20.0,2.5504672900282848,7.7459660765009914,2.581989102776242,False,dnn,25,0.2,,0.3561764283734508,-0.6707360625079858,2,parabola,0.2941510028904304,,,,8.10222820439487,
7.651401870084854,20.0,2.5504672900282848,7.7459660765009914,2.581989102776242,False,three_rg,25,0.2,,-0.6174299064957574,-0.6707360625079858,2,parabola,0.0017079946701414883,,,,,
40.95566544708704,30.0,11.694935878665666,11.618949114751711,2.581989102776192,True,shannon,38,0.0,,0.36518884823623476,0.006539899879368602,0,parabola,22.525975000462495,True,50,3,,0.0
31.83592057441966,30.0,11.694935878665666,11.618949114751711,2.581989102776192,True,shannon_ex,38,0.0,,0.06119735248065534,0.006539899879368602,0,parabola,19.4200979967718,False,39,0,,0.48799586281956664
42.36868572697657,30.0,11.694935878665666,11.618949114751711,2.581989102776192,True,dnn,38,0.0,,0.41228952423255244,0.006539899879368602,0,parabola,0.2329660055693239,,,,12.206738901177351,
35.084807635996995,30.0,11.694935878665666,11.618949114751711,2.581989102776192,True,three_rg,38,0.0,,0.16949358786656651,0.006539899879368602,0,parabola,0.0013419994502328336,,,,,
40.849662549949876,30.0,11.70253892760194,11.618949114751711,2.581989102776192,True,shannon,38,0.02,,0.36165541833166254,0.007194266196079813,0,parabola,18.025939003564417,True,50,3,,0.10922369665762233
38.772433195926354,30.0,11.70253892760194,11.618949114751711,2.581989102776192,True,shannon_ex,38,0.02,,0.2924144398642118,0.007194266196079813,0,parabola,18.15274199907435,False,47,0,,1.7312234180979864
42.38161694231744,30.0,11.70253892760194,11.618949114751711,2.581989102776192,True,dnn,38,0.02,,0.4127205647439148,0.007194266196079813,0,parabola,0.241323999944143,,,,12.207971582756679,
35.10761678280582,30.0,11.70253892760194,11.618949114751711,2.581989102776192,True,three_rg,38,0.02,,0.170253892760194,0.007194266196079813,0,parabola,0.0013669996405951679,,,,,
38.46338555393691,30.0,11.698999484126485,11.618949114751711,2.581989102776192,True,shannon,38,0.02,,0.28211285179789697,0.00688963937996254,1,parabola,20.742426000651903,True,48,4,,0.026322748839284316
31.336305762485342,30.0,11.698999484126485,11.618949114751711,2.581989102776192,True,shannon_ex,38,0.02,,0.04454352541617806,0.00688963937996254,1,parabola,19.201913004508242,True,39,1,,0.12780844026226745
42.37350722938808,30.0,11.698999484126485,11.618949114751711,2.581989102776192,True,dnn,38,0.02,,0.41245024097960276,0.00688963937996254,1,parabola,0.20033599867019802,,,,12.207895333216193,
35.09699845237945,30.0,11.698999484126485,11.618949114751711,2.581989102776192,True,three_rg,38,0.02,,0.1698999484126484,0.00688963937996254,1,parabola,0.0011680021998472512,,,,,
14.919858975349616,30.0,5.8532204689484635,11.618949114751711,2.581989102776192,False,shannon,38,0.02,,-0.5026713674883462,-0.4962349511009505,2,parabola,18.24534800107358,False,18,0,,0.28680780297845665
36.65778445704157,30.0,5.8532204689484635,11.618949114751711,2.581989102776192,False,shannon_ex,38,0.02,,0.2219261485680524,-0.4962349511009505,2,parabola,19.031716998142656,False,46,0,,3.962061648130291
42.370155509622194,30.0,5.8532204689484635,11.618949114751711,2.581989102776192,False,dnn,38,0.02,,0.4123385169874065,-0.4962349511009505,2,parabola,0.21237799955997616,,,,12.207019644990112,
17.55966140684539,30.0,5.8532204689484635,11.618949114751711,2.581989102776192,False,three_rg,38,0.02,,-0.4146779531051537,-0.4962349511009505,2,parabola,0.0013460012269206345,,,,,
40.78561523818347,30.0,11.736867694441163,11.618949114751711,2.581989102776192,True,shannon,38,0.05,,0.3595205079394489,0.010148816259100328,0,parabola,20.24319500196725,True,51,3,,0.0352106030833248
34.60123046373054,30.0,11.736867694441163,11.618949114751711,2.581989102776192,True,shannon_ex,38,0.05,,0.1533743487910179,0.010148816259100328,0,parabola,19.85675300238654,False,44,0,,4.299011172458087
42.40116225395176,30.0,11.736867694441163,11.618949114751711,2.581989102776192,True,dnn,38,0.05,,0.41337207513172536,0.010148816259100328,0,parabola,0.20197100093355402,,,,12.209839272717776,
35.21060308332349,30.0,11.736867694441163,11.618949114751711,2.581989102776192,True,three_rg,38,0.05,,0.17368676944411637,0.010148816259100328,0,parabola,0.0010250005288980901,,,,,
40.94098151270232,30.0,11.711923766387525,11.618949114751711,2.581989102776192,True,shannon,38,0.05,,0.3646993837567441,0.008001984578602782,1,parabola,19.150738000462297,True,52,3,,0.05075166965434619
31.359543660714845,30.0,11.711923766387525,11.618949114751711,2.581989102776192,True,shannon_ex,38,0.05,,0.045318122023828164,0.008001984578602782,1,parabola,19.740390998777002,True,39,1,,0.12780844026226745
42.38075243379044,30.0,11.711923766387525,11.618949114751711,2.581989102776192,True,dnn,38,0.05,,0.4126917477930147,0.008001984578602782,1,parabola,0.2818950015353039,,,,12.20963172609978,
35.13577129916257,30.0,11.711923766387525,11.618949114751711,2.581989102776192,True,three_rg,38,0.05,,0.17119237663875234,0.008001984578602782,1,parabola,0.002091001078952104,,,,,
9.544049539785162,30.0,3.7946351686070754,11.618949114751711,2.581989102776192,False,shannon,38,0.05,,-0.6818650153404946,-0.6734097781881745,2,parabola,18.821493998984806,True,12,7,,0.0455356220232801
33.38124080668162,30.0,3.7946351686070754,11.618949114751711,2.581989102776192,False,shannon_ex,38,0.05,,0.11270802688938725,-0.6734097781881745,2,parabola,19.02102200256195,False,42,0,,0.6390422013113373
42.37236174127309,30.0,3.7946351686070754,11.618949114751711,2.581989102776192,False,dnn,38,0.05,,0.4124120580424363,-0.6734097781881745,2,parabola,0.20175400277366862,,,,12.207440922347004,
11.383905505821225,30.0,3.7946351686070754,11.618949114751711,2.581989102776192,False,three_rg,38,0.05,,-0.6205364831392924,-0.6734097781881745,2,parabola,0.0011259980965405703,,,,,
32.01026631628939,30.0,11.568581971915268,11.618949114751711,2.581989102776192,True,shannon,38,0.1,,0.0670088772096463,-0.004334913798055569,0,parabola,17.922543003805913,False,40,0,,0.4049003690170139
34.031901957107706,30.0,11.568581971915268,11.618949114751711,2.581989102776192,True,shannon_ex,38,0.1,,0.13439673190359022,-0.004334913798055569,0,parabola,17.745842000294942,True,43,1,,0.03485684734425476
42.434139160702834,30.0,11.568581971915268,11.618949114751711,2.581989102776192,True,dnn,38,0.1,,0.41447130535676113,-0.004334913798055569,0,parabola,0.19893499847967178,,,,12.21300273616394,
34.70574591574581,30.0,11.568581971915268,11.618949114751711,2.581989102776192,True,three_rg,38,0.1,,0.15685819719152694,-0.004334913798055569,0,parabola,0.0011239972081966698,,,,,
4.8614997674211144,30.0,1.9057231546143154,11.618949114751711,2.581989102776192,False,shannon,38,0.1,,-0.8379500077526295,-0.8359814527292523,1,parabola,16.862239004694857,False,6,0,,0.09719188088532604
35.077607377435356,30.0,1.9057231546143154,11.618949114751711,2.581989102776192,False,shannon_ex,38,0.1,,0.1692535792478452,-0.8359814527292523,1,parabola,17.815842002164572,False,44,0,,3.7529205640647625
42.39286250961125,30.0,1.9057231546143154,11.618949114751711,2.581989102776192,False,dnn,38,0.1,,0.4130954169870416,-0.8359814527292523,1,parabola,0.2019849998760037,,,,12.212530408857162,
5.717169463842946,30.0,1.9057231546143154,11.618949114751711,2.581989102776192,False,three_rg,38,0.1,,-0.8094276845385685,-0.8359814527292523,1,parabola,0.0011209995136596262,,,,,
23.54405088901313,30.0,9.41762035560525,11.618949114751711,2.581989102776192,True,shannon,38,0.1,,-0.2151983036995624,-0.1894602289248,2,parabola,22.4447990040062,True,29,7,,0.0
35.57722218936967,30.0,9.41762035560525,11.618949114751711,2.581989102776192,True,shannon_ex,38,0.1,,0.18590740631232236,-0.1894602289248,2,parabola,22.053345004678704,False,45,0,,4.159583783081068
42.37604295249357,30.0,9.41762035560525,11.618949114751711,2.581989102776192,True,dnn,38,0.1,,0.412534765083119,-0.1894602289248,2,parabola,0.24176100123440847,,,,12.208143483110797,
28.252861066815747,30.0,9.41762035560525,11.618949114751711,2.581989102776192,True,three_rg,38,0.1,,-0.058237964439475105,-0.1894602289248,2,parabola,0.0020460065570659935,,,,,
31.731014759776553,30.0,11.467659833674281,11.618949114751711,2.581989102776192,True,shannon,38,0.2,,0.05770049199255176,-0.013020909170292288,0,parabola,18.726280999544542,True,40,1,,0.21788553683979828
35.4261758508779,30.0,11.467659833674281,11.618949114751711,2.581989102776192,True,shannon_ex,38,0.2,,0.18087252836259657,-0.013020909170292288,0,parabola,17.69229800265748,False,45,0,,1.4988444358029547
42.50163522342358,30.0,11.467659833674281,11.618949114751711,2.581989102776192,True,dnn,38,0.2,,0.41672117411411924,-0.013020909170292288,0,parabola,0.21599599858745933,,,,12.219525542983456,
34.40297950102284,30.0,11.467659833674281,11.618949114751711,2.581989102776192,True,three_rg,38,0.2,,0.14676598336742805,-0.013020909170292288,0,parabola,0.0010129951988346875,,,,,
28.24463835522048,30.0,11.293338006885438,11.618949114751711,2.581989102776192,True,shannon,38,0.2,,-0.058512054825983977,-0.028024144408453307,1,parabola,20.56832000380382,True,35,1,,0.011293338006884923
29.72127183553487,30.0,11.293338006885438,11.618949114751711,2.581989102776192,True,shannon_ex,38,0.2,,-0.009290938815504291,-0.028024144408453307,1,parabola,19.984396996733267,False,37,0,,0.48799586281956664
42.41721426610626,30.0,11.293338006885438,11.618949114751711,2.581989102776192,True,dnn,38,0.2,,0.4139071422035419,-0.028024144408453307,1,parabola,0.3406950054340996,,,,12.218345662270202,
33.88001402065632,30.0,11.293338006885438,11.618949114751711,2.581989102776192,True,three_rg,38,0.2,,0.12933380068854394,-0.028024144408453307,1,parabola,0.0014760007616132498,,,,,
12.662133514354347,30.0,4.973343878379553,11.618949114751711,2.581989102776192,False,shannon,38,0.2,,-0.5779288828548552,-0.571962676722177,2,parabola,18.62554399849614,False,16,0,,0.16909369186490864
35.75150642609094,30.0,4.973343878379553,11.618949114751711,2.581989102776192,False,shannon_ex,38,0.2,,0.19171688086969804,-0.571962676722177,2,parabola,18.882921001932118,False,45,0,,1.6150339269504705
42.38342100069361,30.0,4.973343878379553,11.618949114751711,2.581989102776192,False,dnn,38,0.2,,0.4127807000231203,-0.571962676722177,2,parabola,0.3298459996585734,,,,12.209550229461199,
14.92003163513866,30.0,4.973343878379553,11.618949114751711,2.581989102776192,False,three_rg,38,0.2,,-0.5026656121620446,-0.571962676722177,2,parabola,0.0018220016499981284,,,,,
